# Blender 5.0.1
# www.blender.org
mtllib nave.mtl
o Cube
v 1.813965 2.111680 -13.054974
v 1.813965 1.000000 8.586906
v 1.813965 -0.958998 7.787373
v 0.000000 -0.030036 9.109147
v 2.839019 1.406089 -3.961662
v 1.813660 1.968161 4.402507
v 2.816544 0.631405 4.517726
v 1.813965 -1.000000 4.451997
v 2.319675 0.007705 8.308380
v 1.813965 -1.000000 -2.968837
v 1.813660 4.373373 -4.524585
v 0.000000 -1.000000 -11.471703
v 0.000000 1.000000 8.586906
v 0.000000 -0.958998 7.787373
v 0.000000 2.111680 -13.054974
v 0.000000 -1.000000 4.451997
v 0.000000 1.957730 4.413491
v 0.000000 4.362942 -4.513601
v 0.000000 -1.000000 -2.968837
v 1.464212 2.391273 1.860750
v 1.813965 -1.000000 2.595322
v 2.918431 0.896830 2.396632
v 0.000000 2.382195 1.868953
v 0.000000 -1.000000 2.595322
v 1.464212 4.085881 -2.806795
v 2.821468 1.271540 -2.595593
v 0.000000 4.166605 -3.045900
v 0.000000 -1.000000 -1.801038
v 1.813965 -1.000000 -11.471703
v 2.117127 -0.942401 4.192145
v 2.839181 0.559027 -12.814910
v 2.024072 -1.135198 2.349688
v 1.813965 -1.000000 -1.801038
v 2.326573 -0.220487 -12.143307
v 2.775830 -0.270344 4.370059
v 2.623484 -0.112014 -3.637240
v 2.918821 -0.217575 2.379165
v 2.651759 -0.147726 -2.464010
v 1.870137 -0.479352 8.534588
v 2.129903 -0.029128 4.581458
v 0.000000 -0.494517 8.448259
v 2.029310 -0.059230 3.591818
v 1.971438 -0.876374 2.156560
v 2.287376 0.094498 2.286021
v 1.827511 -0.854734 3.492632
v 2.738169 0.686755 3.633357
v 0.000000 1.333760 -13.571655
v 0.000000 0.484982 8.848026
v 2.326573 1.335353 -12.934942
v 2.316500 1.392890 4.553144
v 2.326339 2.889731 -4.243124
v 1.870137 0.500148 8.934355
v 2.158203 2.033214 1.887039
v 2.207612 2.138124 -2.626213
v 0.000000 0.555840 -14.088336
v 1.936178 3.847111 -2.767613
v 1.920702 2.156683 1.875099
v 0.000000 2.292418 2.116269
v 0.000000 4.076828 -2.798583
v 1.813660 4.177835 -3.056066
v 1.813660 2.303648 2.106103
v 2.257482 1.766651 2.115919
v 2.326339 1.958899 -2.827263
v 2.258660 3.058798 -4.078602
v 1.881651 4.153056 -4.286127
v 1.880546 4.011614 -3.225586
v 2.172430 2.597309 -3.095660
v 1.556257 4.346191 -4.330933
v 0.257403 4.338847 -4.323050
v 0.257404 4.193774 -3.239452
v 1.556256 4.201942 -3.246716
v 1.588438 -0.009815 9.224252
v 0.794219 -0.019926 9.166699
v 0.000000 -0.222080 -12.780020
v 1.684425 2.057099 -12.954927
v 1.719692 0.887328 8.517859
v 1.699158 -0.840951 7.754300
v -0.043234 0.009533 8.968169
v 2.640890 1.390976 -3.966224
v 1.716116 1.839617 4.378356
v 2.617822 0.639954 4.511172
v 1.707762 -0.873088 4.451697
v 2.135222 0.035453 8.258932
v 1.692120 -0.881330 -2.967320
v 1.664979 4.273715 -4.530758
v -0.024444 -0.881272 -11.381897
v 0.003500 0.878725 8.498671
v 0.001330 -0.815773 7.742814
v -0.038164 2.068617 -12.914190
v 0.000000 -0.850003 4.451076
v 0.000950 1.810316 4.385764
v 0.001324 4.214267 -4.533470
v 0.000000 -0.850000 -2.968837
v 1.465246 2.250280 1.809562
v 1.838923 -0.851216 2.592103
v 2.720025 0.884068 2.391713
v 0.001035 2.241201 1.817767
v 0.000000 -0.850000 2.595322
v 1.465245 3.944888 -2.857982
v 2.625833 1.243427 -2.599566
v 0.001223 4.020949 -3.081725
v 0.000000 -0.850000 -1.801038
v 1.696201 -0.889160 -11.423188
v 2.050789 -0.801159 4.184659
v 2.667099 0.581784 -12.742817
v 1.988212 -0.987648 2.349473
v 1.726220 -0.865364 -1.798014
v 2.191880 -0.122672 -12.091840
v 2.585541 -0.226283 4.364216
v 2.437164 -0.058900 -3.636007
v 2.730661 -0.168257 2.379239
v 2.465129 -0.095344 -2.460376
v 1.790397 -0.359425 8.467405
v 1.949499 0.034370 4.585977
v -0.013079 -0.372475 8.361608
v 1.845963 -0.000534 3.591130
v 1.778407 -0.842369 2.141612
v 2.105006 0.154104 2.276257
v 1.633201 -0.821882 3.488227
v 2.574887 0.772674 3.635751
v -0.063852 1.287535 -13.437297
v -0.016368 0.416311 8.715239
v 2.176592 1.280697 -12.852708
v 2.140926 1.323892 4.536823
v 2.135855 2.845982 -4.247511
v 1.785666 0.423297 8.822330
v 1.984822 1.960695 1.872832
v 2.014968 2.100131 -2.630775
v -0.085439 0.590939 -13.957453
v 1.744300 3.808856 -2.780568
v 1.748620 2.084487 1.852674
v 0.001195 2.146935 2.079747
v 0.001033 3.935834 -2.849769
v 1.694552 4.060976 -3.084398
v 1.714346 2.177318 2.075279
v 2.085531 1.691486 2.106388
v 2.139233 1.908933 -2.839895
v 2.066040 3.022828 -4.091856
v 1.689298 4.114295 -4.291156
v 1.686017 3.979611 -3.230704
v 1.977662 2.568612 -3.108866
v 1.557581 4.197509 -4.350749
v 0.258727 4.190172 -4.342919
v 0.258804 4.045099 -3.259321
v 1.557657 4.053261 -3.266533
v 1.545094 0.027700 9.082732
v 0.750875 0.017590 9.025180
v -0.042762 -0.103947 -12.693370
v -1.813965 2.111680 -13.054974
v -1.813965 1.000000 8.586906
v -1.813965 -0.958998 7.787373
v -2.839019 1.406089 -3.961662
v -1.813660 1.968161 4.402507
v -2.816544 0.631405 4.517726
v -1.813965 -1.000000 4.451997
v -2.319675 0.007705 8.308380
v -1.813965 -1.000000 -2.968837
v -1.813660 4.373373 -4.524585
v -1.464212 2.391273 1.860750
v -1.813965 -1.000000 2.595322
v -2.918431 0.896830 2.396632
v -1.464212 4.085881 -2.806795
v -2.821468 1.271540 -2.595593
v -1.813965 -1.000000 -11.471703
v -2.117127 -0.942401 4.192145
v -2.839181 0.559027 -12.814910
v -2.024072 -1.135198 2.349688
v -1.813965 -1.000000 -1.801038
v -2.326573 -0.220487 -12.143307
v -2.775830 -0.270344 4.370059
v -2.623484 -0.112014 -3.637240
v -2.918821 -0.217575 2.379165
v -2.651759 -0.147726 -2.464010
v -1.870137 -0.479352 8.534588
v -2.129903 -0.029128 4.581458
v -2.029310 -0.059230 3.591818
v -1.971438 -0.876374 2.156560
v -2.287376 0.094498 2.286021
v -1.827511 -0.854734 3.492632
v -2.738169 0.686755 3.633357
v -2.326573 1.335353 -12.934942
v -2.316500 1.392890 4.553144
v -2.326339 2.889731 -4.243124
v -1.870137 0.500148 8.934355
v -2.158203 2.033214 1.887039
v -2.207612 2.138124 -2.626213
v -1.936178 3.847111 -2.767613
v -1.920702 2.156683 1.875099
v -1.813660 4.177835 -3.056066
v -1.813660 2.303648 2.106103
v -2.257482 1.766651 2.115919
v -2.326339 1.958899 -2.827263
v -2.258660 3.058798 -4.078602
v -1.881651 4.153056 -4.286127
v -1.880546 4.011614 -3.225586
v -2.172430 2.597309 -3.095660
v -1.556257 4.346191 -4.330933
v -0.257403 4.338847 -4.323050
v -0.257404 4.193774 -3.239452
v -1.556256 4.201942 -3.246716
v -1.588438 -0.009815 9.224252
v -0.794219 -0.019926 9.166699
v -1.684425 2.057099 -12.954927
v -1.719692 0.887328 8.517859
v -1.699158 -0.840951 7.754300
v 0.043234 0.009533 8.968169
v -2.640890 1.390976 -3.966224
v -1.716116 1.839617 4.378356
v -2.617822 0.639954 4.511172
v -1.707762 -0.873088 4.451697
v -2.135222 0.035453 8.258932
v -1.692120 -0.881330 -2.967320
v -1.664979 4.273715 -4.530758
v 0.024444 -0.881272 -11.381897
v -0.003500 0.878725 8.498671
v -0.001330 -0.815773 7.742814
v 0.038164 2.068617 -12.914190
v -0.000950 1.810316 4.385764
v -0.001324 4.214267 -4.533470
v -1.465246 2.250280 1.809562
v -1.838923 -0.851216 2.592103
v -2.720025 0.884068 2.391713
v -0.001035 2.241201 1.817767
v -1.465245 3.944888 -2.857982
v -2.625833 1.243427 -2.599566
v -0.001223 4.020949 -3.081725
v -1.696201 -0.889160 -11.423188
v -2.050789 -0.801159 4.184659
v -2.667099 0.581784 -12.742817
v -1.988212 -0.987648 2.349473
v -1.726220 -0.865364 -1.798014
v -2.191880 -0.122672 -12.091840
v -2.585541 -0.226283 4.364216
v -2.437164 -0.058900 -3.636007
v -2.730661 -0.168257 2.379239
v -2.465129 -0.095344 -2.460376
v -1.790397 -0.359425 8.467405
v -1.949499 0.034370 4.585977
v 0.013079 -0.372475 8.361608
v -1.845963 -0.000534 3.591130
v -1.778407 -0.842369 2.141612
v -2.105006 0.154104 2.276257
v -1.633201 -0.821882 3.488227
v -2.574887 0.772674 3.635751
v 0.063852 1.287535 -13.437297
v 0.016368 0.416311 8.715239
v -2.176592 1.280697 -12.852708
v -2.140926 1.323892 4.536823
v -2.135855 2.845982 -4.247511
v -1.785666 0.423297 8.822330
v -1.984822 1.960695 1.872832
v -2.014968 2.100131 -2.630775
v 0.085439 0.590939 -13.957453
v -1.744300 3.808856 -2.780568
v -1.748620 2.084487 1.852674
v -0.001195 2.146935 2.079747
v -0.001033 3.935834 -2.849769
v -1.694552 4.060976 -3.084398
v -1.714346 2.177318 2.075279
v -2.085531 1.691486 2.106388
v -2.139233 1.908933 -2.839895
v -2.066040 3.022828 -4.091856
v -1.689298 4.114295 -4.291156
v -1.686017 3.979611 -3.230704
v -1.977662 2.568612 -3.108866
v -1.557581 4.197509 -4.350749
v -0.258727 4.190172 -4.342919
v -0.258804 4.045099 -3.259321
v -1.557657 4.053261 -3.266533
v -1.545094 0.027700 9.082732
v -0.750875 0.017590 9.025180
v 0.042762 -0.103947 -12.693370
vn 0.7067 -0.7070 -0.0290
vn -0.0000 -0.9999 0.0123
vn 0.8453 0.5114 0.1551
vn 0.7522 0.6530 0.0885
vn -0.0000 -1.0000 -0.0000
vn 0.1130 -0.7933 0.5983
vn 0.9129 0.3985 -0.0883
vn -0.0051 0.9895 0.1444
vn -0.0222 0.5132 0.8580
vn -0.0021 0.9745 0.2245
vn -0.5411 -0.8409 -0.0000
vn -0.0968 -0.9938 0.0542
vn 0.9980 -0.0247 0.0575
vn 0.9969 -0.0684 -0.0400
vn 0.9912 -0.1320 -0.0130
vn 0.9533 -0.3020 0.0003
vn 0.7798 -0.6260 -0.0096
vn 0.7187 -0.6951 -0.0193
vn 0.7039 -0.7082 -0.0535
vn 0.7125 -0.7008 0.0349
vn -0.0096 -0.8304 0.5571
vn 0.9655 -0.2597 0.0198
vn 0.7539 -0.6560 0.0361
vn 0.9469 -0.2943 0.1294
vn 0.9600 -0.2737 -0.0590
vn 0.7072 -0.7028 -0.0770
vn 0.8760 0.4486 0.1773
vn 0.7974 0.6026 0.0321
vn 0.1481 0.3967 0.9059
vn 0.9129 0.4043 -0.0553
vn 0.8050 0.5864 0.0898
vn 0.8285 0.5256 0.1932
vn -0.0039 0.9400 0.3413
vn -0.0039 0.9400 0.3412
vn 0.8816 0.4432 0.1625
vn 0.6794 0.7073 0.1954
vn 0.9782 0.2004 0.0544
vn 0.8974 0.4404 0.0251
vn 0.9420 0.3330 0.0416
vn 0.9407 0.3363 0.0452
vn 0.9745 0.2201 0.0437
vn 0.9385 0.2830 0.1980
vn -0.0049 0.9912 0.1323
vn -0.0051 0.9912 0.1326
vn -0.0054 0.9912 0.1323
vn -0.0051 0.9912 0.1319
vn 0.0927 -0.7941 -0.6007
vn 0.2115 -0.7941 -0.5699
vn 0.3267 0.3334 -0.8844
vn 0.1454 0.2894 -0.9461
vn -0.6972 0.7160 0.0350
vn 0.0142 0.9998 -0.0100
vn -0.8555 -0.4971 -0.1450
vn -0.7722 -0.6297 -0.0845
vn 0.0069 1.0000 0.0061
vn -0.0939 0.8235 -0.5594
vn -0.9184 -0.3868 0.0827
vn 0.0167 -0.9893 -0.1447
vn 0.0335 -0.4887 -0.8718
vn 0.0115 -0.9749 -0.2226
vn 0.0047 1.0000 -0.0017
vn 0.0137 0.9999 -0.0070
vn 0.6572 0.7535 -0.0193
vn 0.0862 0.9954 -0.0427
vn -0.9981 0.0162 -0.0590
vn -0.9971 0.0647 0.0393
vn -0.9911 0.1320 0.0146
vn -0.9541 0.2993 -0.0030
vn -0.7846 0.6199 0.0086
vn -0.7208 0.6927 0.0251
vn -0.7189 0.6928 0.0572
vn -0.7339 0.6781 -0.0387
vn 0.0220 0.8206 -0.5711
vn -0.9709 0.2392 -0.0106
vn -0.7421 0.6686 -0.0477
vn -0.9460 0.2975 -0.1287
vn -0.9662 0.2417 0.0899
vn -0.6984 0.7098 0.0918
vn -0.8731 -0.4528 -0.1807
vn -0.7897 -0.6126 -0.0323
vn -0.1255 -0.4698 -0.8738
vn -0.9101 -0.4111 0.0527
vn -0.7911 -0.6051 -0.0895
vn -0.8249 -0.5338 -0.1860
vn 0.1121 -0.9337 -0.3402
vn 0.0106 -0.9518 -0.3066
vn 0.0129 -0.9180 -0.3965
vn -0.9623 -0.2560 -0.0920
vn -0.6907 -0.7026 -0.1711
vn -0.9669 -0.1959 -0.1637
vn -0.8977 -0.4399 -0.0246
vn -0.9381 -0.3335 -0.0933
vn -0.9979 -0.0648 0.0015
vn -0.9726 -0.1868 0.1383
vn -0.9371 -0.2863 -0.1999
vn 0.0212 -0.9628 -0.2692
vn 0.0034 -0.9912 -0.1323
vn 0.0160 -0.9991 -0.0403
vn 0.3229 -0.9366 -0.1359
vn -0.0798 0.7954 0.6009
vn -0.1955 0.8123 0.5494
vn -0.3168 -0.3640 0.8759
vn -0.1312 -0.2951 0.9464
vn 0.0074 0.9249 0.3801
vn -0.9707 0.1380 0.1967
vn -0.5283 0.8207 -0.2174
vn 0.0067 -0.1322 0.9912
vn 0.0005 0.0059 -1.0000
vn -1.0000 -0.0071 -0.0011
vn -1.0000 -0.0000 -0.0000
vn -1.0000 0.0046 0.0001
vn -0.9992 -0.0369 0.0149
vn -0.9999 -0.0152 -0.0032
vn -1.0000 -0.0084 -0.0012
vn 0.5413 0.3702 0.7549
vn -0.1499 -0.1372 0.9791
vn 0.1950 0.9691 0.1512
vn 0.0512 0.1049 -0.9932
vn -0.9757 -0.1920 0.1050
vn 0.0910 0.1033 -0.9905
vn -0.4672 -0.8810 -0.0752
vn -0.1700 -0.9854 -0.0028
vn 0.2507 0.9643 0.0858
vn -0.8284 0.3303 -0.4524
vn -0.8804 -0.4178 -0.2246
vn -0.9990 0.0343 0.0287
vn -0.9377 0.2033 -0.2817
vn -1.0000 -0.0065 -0.0024
vn -0.0074 0.3412 -0.9400
vn 0.0074 -0.3412 0.9400
vn -1.0000 -0.0071 -0.0022
vn -1.0000 -0.0070 -0.0029
vn 0.0089 -0.5120 0.8589
vn -0.6917 -0.7222 0.0002
vn 0.3034 -0.8943 -0.3289
vn 0.0886 0.0405 -0.9952
vn -0.0603 0.0752 0.9953
vn -0.2901 0.9567 0.0234
vn -0.0772 0.1567 0.9846
vn -0.1774 0.8980 0.4025
vn 0.1817 -0.9752 -0.1266
vn 0.0588 -0.0766 -0.9953
vn -1.0000 -0.0090 -0.0012
vn 1.0000 0.0090 0.0012
vn -0.0064 0.1322 -0.9912
vn -0.0045 0.1069 -0.9943
vn -0.0533 -0.1620 0.9853
vn -0.9747 -0.1953 -0.1091
vn -0.7067 -0.7070 -0.0290
vn -0.8453 0.5114 0.1551
vn -0.7522 0.6530 0.0885
vn -0.1130 -0.7933 0.5983
vn -0.9129 0.3985 -0.0883
vn 0.0051 0.9895 0.1444
vn 0.0222 0.5132 0.8580
vn 0.0021 0.9745 0.2245
vn 0.5411 -0.8409 -0.0000
vn 0.0968 -0.9938 0.0542
vn -0.9980 -0.0247 0.0575
vn -0.9969 -0.0684 -0.0400
vn -0.9912 -0.1320 -0.0130
vn -0.9533 -0.3020 0.0003
vn -0.7798 -0.6260 -0.0096
vn -0.7187 -0.6951 -0.0193
vn -0.7039 -0.7082 -0.0535
vn -0.7125 -0.7008 0.0349
vn 0.0096 -0.8304 0.5571
vn -0.9655 -0.2597 0.0198
vn -0.7539 -0.6560 0.0361
vn -0.9469 -0.2943 0.1294
vn -0.9600 -0.2737 -0.0590
vn -0.7072 -0.7028 -0.0770
vn -0.8760 0.4486 0.1773
vn -0.7974 0.6026 0.0321
vn -0.1481 0.3967 0.9059
vn -0.9129 0.4043 -0.0553
vn -0.8050 0.5864 0.0898
vn -0.8285 0.5256 0.1932
vn 0.0039 0.9400 0.3413
vn 0.0039 0.9400 0.3412
vn -0.8816 0.4432 0.1625
vn -0.6794 0.7073 0.1954
vn -0.9782 0.2004 0.0544
vn -0.8974 0.4404 0.0251
vn -0.9420 0.3330 0.0416
vn -0.9407 0.3363 0.0452
vn -0.9745 0.2201 0.0437
vn -0.9385 0.2830 0.1980
vn 0.0049 0.9912 0.1323
vn 0.0051 0.9912 0.1326
vn 0.0054 0.9912 0.1323
vn 0.0051 0.9912 0.1319
vn -0.0927 -0.7941 -0.6007
vn -0.2115 -0.7941 -0.5699
vn -0.3267 0.3334 -0.8844
vn -0.1454 0.2894 -0.9461
vn 0.6972 0.7160 0.0350
vn -0.0142 0.9998 -0.0100
vn 0.8555 -0.4971 -0.1450
vn 0.7722 -0.6297 -0.0845
vn -0.0069 1.0000 0.0061
vn 0.0939 0.8235 -0.5594
vn 0.9184 -0.3868 0.0827
vn -0.0167 -0.9893 -0.1447
vn -0.0335 -0.4887 -0.8718
vn -0.0115 -0.9749 -0.2226
vn -0.0047 1.0000 -0.0017
vn -0.0137 0.9999 -0.0070
vn -0.6572 0.7535 -0.0193
vn -0.0862 0.9954 -0.0427
vn 0.9981 0.0162 -0.0590
vn 0.9971 0.0647 0.0393
vn 0.9911 0.1320 0.0146
vn 0.9541 0.2993 -0.0030
vn 0.7846 0.6199 0.0086
vn 0.7208 0.6927 0.0251
vn 0.7189 0.6928 0.0572
vn 0.7339 0.6781 -0.0387
vn -0.0220 0.8206 -0.5711
vn 0.9709 0.2392 -0.0106
vn 0.7421 0.6686 -0.0477
vn 0.9460 0.2975 -0.1287
vn 0.9662 0.2417 0.0899
vn 0.6984 0.7098 0.0918
vn 0.8731 -0.4528 -0.1807
vn 0.7897 -0.6126 -0.0323
vn 0.1255 -0.4698 -0.8738
vn 0.9101 -0.4111 0.0527
vn 0.7911 -0.6051 -0.0895
vn 0.8249 -0.5338 -0.1860
vn -0.1121 -0.9337 -0.3402
vn -0.0106 -0.9518 -0.3066
vn -0.0129 -0.9180 -0.3965
vn 0.9623 -0.2560 -0.0920
vn 0.6907 -0.7026 -0.1711
vn 0.9669 -0.1959 -0.1637
vn 0.8977 -0.4399 -0.0246
vn 0.9381 -0.3335 -0.0933
vn 0.9979 -0.0648 0.0015
vn 0.9726 -0.1868 0.1383
vn 0.9371 -0.2863 -0.1999
vn -0.0212 -0.9628 -0.2692
vn -0.0034 -0.9912 -0.1323
vn -0.0160 -0.9991 -0.0403
vn -0.3229 -0.9366 -0.1359
vn 0.0798 0.7954 0.6009
vn 0.1955 0.8123 0.5494
vn 0.3168 -0.3640 0.8759
vn 0.1312 -0.2951 0.9464
vn -0.0074 0.9249 0.3801
vn 0.9707 0.1380 0.1967
vn 0.5283 0.8207 -0.2174
vn -0.0067 -0.1322 0.9912
vn -0.0005 0.0059 -1.0000
vn 1.0000 -0.0071 -0.0011
vn 1.0000 0.0046 0.0001
vn 0.9992 -0.0369 0.0149
vn 0.9999 -0.0152 -0.0032
vn 1.0000 -0.0084 -0.0012
vn -0.5413 0.3702 0.7549
vn 0.1499 -0.1372 0.9791
vn -0.1950 0.9691 0.1512
vn -0.0512 0.1049 -0.9932
vn 0.9757 -0.1920 0.1050
vn -0.0910 0.1033 -0.9905
vn 0.4672 -0.8810 -0.0752
vn 0.1700 -0.9854 -0.0028
vn -0.2507 0.9643 0.0858
vn 0.8284 0.3303 -0.4524
vn 0.8804 -0.4178 -0.2246
vn 0.9990 0.0343 0.0287
vn 0.9377 0.2033 -0.2817
vn 1.0000 -0.0065 -0.0024
vn 0.0074 0.3412 -0.9400
vn -0.0074 -0.3412 0.9400
vn 1.0000 -0.0071 -0.0022
vn 1.0000 -0.0070 -0.0029
vn -0.0089 -0.5120 0.8589
vn 0.6917 -0.7222 0.0002
vn -0.3034 -0.8943 -0.3289
vn -0.0886 0.0405 -0.9952
vn 0.0603 0.0752 0.9953
vn 0.2901 0.9567 0.0234
vn 0.0772 0.1567 0.9846
vn 0.1774 0.8980 0.4025
vn -0.1817 -0.9752 -0.1266
vn -0.0588 -0.0766 -0.9953
vn 1.0000 -0.0090 -0.0012
vn -1.0000 0.0090 0.0012
vn 0.0064 0.1322 -0.9912
vn 0.0045 0.1069 -0.9943
vn 0.0533 -0.1620 0.9853
vn 0.9747 -0.1953 -0.1091
vt 0.437500 0.689808
vt 0.500000 0.689808
vt 0.500000 0.750000
vt 0.437500 0.750000
vt 0.250000 0.689808
vt 0.375000 0.689808
vt 0.375000 0.750000
vt 0.250000 0.750000
vt 0.562500 0.689808
vt 0.625000 0.689808
vt 0.625000 0.750000
vt 0.562500 0.750000
vt 0.614810 0.662780
vt 0.625000 0.662780
vt 0.250000 0.662780
vt 0.375000 0.662780
vt 0.500000 0.791667
vt 0.500000 0.833333
vt 0.500000 0.875000
vt 0.437500 0.875000
vt 0.562500 0.500000
vt 0.625000 0.500000
vt 0.625000 0.581782
vt 0.562500 0.581782
vt 0.750000 0.662780
vt 0.750000 0.689808
vt 0.625000 0.875000
vt 0.562500 0.875000
vt 0.750000 0.750000
vt 0.250000 0.598782
vt 0.375000 0.598782
vt 0.250000 0.581782
vt 0.375000 0.581782
vt 0.437500 0.662780
vt 0.500000 0.662780
vt 0.437500 0.598782
vt 0.500000 0.598782
vt 0.437500 0.581782
vt 0.500000 0.581782
vt 0.437500 0.500000
vt 0.500000 0.500000
vt 0.375000 0.500000
vt 0.375000 0.875000
vt 0.437500 0.689808
vt 0.562500 0.598782
vt 0.649084 0.601848
vt 0.649084 0.659714
vt 0.625000 0.598782
vt 0.750000 0.659714
vt 0.750000 0.601848
vt 0.750000 0.598782
vt 0.620058 0.659865
vt 0.614353 0.601845
vt 0.616813 0.659840
vt 0.574761 0.601868
vt 0.616822 0.584129
vt 0.570661 0.584172
vt 0.616756 0.596445
vt 0.581328 0.596411
vt 0.750000 0.581782
vt 0.732259 0.584007
vt 0.642741 0.584007
vt 0.732259 0.596557
vt 0.642741 0.596558
vt 0.000000 0.000000
s 0
usemtl Material
f 40/1/1 7/2/1 9/3/1 39/4/1
f 16/5/2 8/6/2 3/7/2 14/8/2
f 50/9/3 6/10/3 2/11/3 52/12/3
f 62/13/4 61/14/4 6/10/4 50/9/4
f 24/15/5 21/16/5 8/6/5 16/5/5
f 39/4/6 9/3/6 72/17/6 73/18/6 4/19/6 41/20/6
f 49/21/7 1/22/7 11/23/7 51/24/7
f 61/14/8 58/25/8 17/26/8 6/10/8
f 52/12/9 2/11/9 13/27/9 48/28/9
f 6/10/10 17/26/10 13/29/10 2/11/10
f 28/30/5 33/31/5 21/16/5 24/15/5
f 19/32/5 10/33/5 33/31/5 28/30/5
f 33/31/11 32/16/11 21/16/11
f 21/16/12 32/16/12 30/6/12 8/6/12
f 37/34/13 22/35/13 7/2/13 35/1/13
f 38/36/14 26/37/14 22/35/14 37/34/14
f 36/38/15 5/39/15 26/37/15 38/36/15
f 34/40/16 31/41/16 5/39/16 36/38/16
f 29/42/17 34/40/17 36/38/17 10/33/17
f 10/33/18 36/38/18 38/36/18 33/31/18
f 33/31/19 38/36/19 37/34/19 32/16/19
f 32/16/20 37/34/20 35/1/20 30/6/20
f 3/7/21 39/4/21 41/20/21 14/43/21
f 8/6/22 40/1/22 39/4/22 3/7/22
f 46/2/23 42/44/23 44/1/23 22/2/23
f 42/44/24 45/6/24 43/6/24 44/1/24
f 40/1/25 8/6/25 45/6/25 42/44/25
f 7/2/26 40/1/26 42/44/26 46/2/26
f 5/39/27 51/24/27 63/45/27 26/37/27
f 26/37/28 63/45/28 62/13/28 22/35/28
f 9/3/29 52/12/29 48/28/29 4/19/29 73/18/29 72/17/29
f 31/41/30 49/21/30 51/24/30 5/39/30
f 22/35/31 62/13/31 50/9/31 7/2/31
f 7/2/32 50/9/32 52/12/32 9/3/32
f 25/46/33 20/47/33 61/14/33 60/48/33
f 20/47/34 23/49/34 58/25/34 61/14/34
f 59/50/34 25/46/34 60/48/34 27/51/34
f 57/52/35 56/53/35 60/48/35 61/14/35
f 53/54/36 57/52/36 61/14/36 62/13/36
f 56/53/37 54/55/37 63/45/37 60/48/37
f 54/55/38 53/54/38 62/13/38 63/45/38
f 51/24/39 11/23/39 65/56/39 64/57/39
f 11/23/40 60/48/40 66/58/40 65/56/40
f 60/48/41 63/45/41 67/59/41 66/58/41
f 63/45/42 51/24/42 64/57/42 67/59/42
f 11/23/43 18/60/43 69/61/43 68/62/43
f 18/60/44 27/51/44 70/63/44 69/61/44
f 27/51/45 60/48/45 71/64/45 70/63/45
f 60/48/46 11/23/46 68/62/46 71/64/46
f 12/65/47 74/65/47 34/40/47 29/42/47
f 31/41/48 34/40/48 74/65/48 55/65/48
f 55/65/49 47/65/49 49/21/49 31/41/49
f 1/22/50 49/21/50 47/65/50 15/65/50
f 114/1/51 113/4/51 83/3/51 81/2/51
f 90/5/52 88/8/52 77/7/52 82/6/52
f 124/9/53 126/12/53 76/11/53 80/10/53
f 136/13/54 124/9/54 80/10/54 135/14/54
f 98/15/55 90/5/55 82/6/55 95/16/55
f 113/4/56 115/20/56 78/19/56 147/18/56 146/17/56 83/3/56
f 123/21/57 125/24/57 85/23/57 75/22/57
f 135/14/58 80/10/58 91/26/58 132/25/58
f 126/12/59 122/28/59 87/27/59 76/11/59
f 80/10/60 76/11/60 87/29/60 91/26/60
f 102/30/61 98/15/61 95/16/61 107/31/61
f 93/32/62 102/30/62 107/31/62 84/33/62
f 107/31/63 95/16/63 106/16/63
f 95/16/64 82/6/64 104/6/64 106/16/64
f 111/34/65 109/1/65 81/2/65 96/35/65
f 112/36/66 111/34/66 96/35/66 100/37/66
f 110/38/67 112/36/67 100/37/67 79/39/67
f 108/40/68 110/38/68 79/39/68 105/41/68
f 103/42/69 84/33/69 110/38/69 108/40/69
f 84/33/70 107/31/70 112/36/70 110/38/70
f 107/31/71 106/16/71 111/34/71 112/36/71
f 106/16/72 104/6/72 109/1/72 111/34/72
f 77/7/73 88/43/73 115/20/73 113/4/73
f 82/6/74 77/7/74 113/4/74 114/1/74
f 120/2/75 96/2/75 118/1/75 116/44/75
f 116/44/76 118/1/76 117/6/76 119/6/76
f 114/1/77 116/44/77 119/6/77 82/6/77
f 81/2/78 120/2/78 116/44/78 114/1/78
f 79/39/79 100/37/79 137/45/79 125/24/79
f 100/37/80 96/35/80 136/13/80 137/45/80
f 83/3/81 146/17/81 147/18/81 78/19/81 122/28/81 126/12/81
f 105/41/82 79/39/82 125/24/82 123/21/82
f 96/35/83 81/2/83 124/9/83 136/13/83
f 81/2/84 83/3/84 126/12/84 124/9/84
f 99/46/85 134/48/85 135/14/85 94/47/85
f 94/47/86 135/14/86 132/25/86 97/49/86
f 133/50/87 101/51/87 134/48/87 99/46/87
f 131/52/88 135/14/88 134/48/88 130/53/88
f 127/54/89 136/13/89 135/14/89 131/52/89
f 130/53/90 134/48/90 137/45/90 128/55/90
f 128/55/91 137/45/91 136/13/91 127/54/91
f 125/24/92 138/57/92 139/56/92 85/23/92
f 85/23/93 139/56/93 140/58/93 134/48/93
f 134/48/94 140/58/94 141/59/94 137/45/94
f 137/45/95 141/59/95 138/57/95 125/24/95
f 85/23/96 142/62/96 143/61/96 92/60/96
f 92/60/97 143/61/97 144/63/97 101/51/97
f 101/51/98 144/63/98 145/64/98 134/48/98
f 134/48/99 145/64/99 142/62/99 85/23/99
f 86/65/100 103/42/100 108/40/100 148/65/100
f 105/41/101 129/65/101 148/65/101 108/40/101
f 129/65/102 105/41/102 123/21/102 121/65/102
f 75/22/103 89/65/103 121/65/103 123/21/103
f 1/22/104 15/65/104 89/65/104 75/22/104
f 4/19/105 48/28/105 122/28/105 78/19/105
f 11/23/106 1/22/106 75/22/106 85/23/106
f 68/62/107 69/61/107 143/61/107 142/62/107
f 10/33/108 19/32/108 93/32/108 84/33/108
f 17/26/109 58/25/109 132/25/109 91/26/109
f 24/15/110 16/5/110 90/5/110 98/15/110
f 16/5/111 14/8/111 88/8/111 90/5/111
f 14/43/112 41/20/112 115/20/112 88/43/112
f 13/29/113 17/26/113 91/26/113 87/29/113
f 28/30/110 24/15/110 98/15/110 102/30/110
f 27/51/114 18/60/114 92/60/114 101/51/114
f 19/32/110 28/30/110 102/30/110 93/32/110
f 8/6/115 30/6/115 104/6/115 82/6/115
f 30/6/116 35/1/116 109/1/116 104/6/116
f 46/2/117 22/2/117 96/2/117 120/2/117
f 22/2/118 44/1/118 118/1/118 96/2/118
f 41/20/119 4/19/119 78/19/119 115/20/119
f 44/1/120 43/6/120 117/6/120 118/1/120
f 45/6/121 8/6/121 82/6/121 119/6/121
f 43/6/122 45/6/122 119/6/122 117/6/122
f 7/2/123 46/2/123 120/2/123 81/2/123
f 47/65/124 55/65/124 129/65/124 121/65/124
f 55/65/125 74/65/125 148/65/125 129/65/125
f 48/28/126 13/27/126 87/27/126 122/28/126
f 15/65/127 47/65/127 121/65/127 89/65/127
f 20/47/128 25/46/128 99/46/128 94/47/128
f 23/49/129 20/47/129 94/47/129 97/49/129
f 25/46/130 59/50/130 133/50/130 99/46/130
f 58/25/131 23/49/131 97/49/131 132/25/131
f 59/50/132 27/51/132 101/51/132 133/50/132
f 12/65/133 29/42/133 103/42/133 86/65/133
f 29/42/134 10/33/134 84/33/134 103/42/134
f 56/53/135 57/52/135 131/52/135 130/53/135
f 57/52/136 53/54/136 127/54/136 131/52/136
f 54/55/137 56/53/137 130/53/137 128/55/137
f 53/54/138 54/55/138 128/55/138 127/54/138
f 64/57/139 65/56/139 139/56/139 138/57/139
f 67/59/140 64/57/140 138/57/140 141/59/140
f 65/56/141 66/58/141 140/58/141 139/56/141
f 66/58/142 67/59/142 141/59/142 140/58/142
f 71/64/143 68/62/143 142/62/143 145/64/143
f 69/61/144 70/63/144 144/63/144 143/61/144
f 70/63/145 71/64/145 145/64/145 144/63/145
f 18/60/146 11/23/146 85/23/146 92/60/146
f 35/1/147 7/2/147 81/2/147 109/1/147
f 74/65/148 12/65/148 86/65/148 148/65/148
f 175/1/149 174/4/149 156/3/149 154/2/149
f 16/5/2 14/8/2 151/7/2 155/6/2
f 182/9/150 184/12/150 150/11/150 153/10/150
f 191/13/151 182/9/151 153/10/151 190/14/151
f 24/15/5 16/5/5 155/6/5 160/16/5
f 174/4/152 41/20/152 4/19/152 202/18/152 201/17/152 156/3/152
f 181/21/153 183/24/153 158/23/153 149/22/153
f 190/14/154 153/10/154 17/26/154 58/25/154
f 184/12/155 48/28/155 13/27/155 150/11/155
f 153/10/156 150/11/156 13/29/156 17/26/156
f 28/30/5 24/15/5 160/16/5 168/31/5
f 19/32/5 28/30/5 168/31/5 157/33/5
f 168/31/157 160/16/157 167/16/157
f 160/16/158 155/6/158 165/6/158 167/16/158
f 172/34/159 170/1/159 154/2/159 161/35/159
f 173/36/160 172/34/160 161/35/160 163/37/160
f 171/38/161 173/36/161 163/37/161 152/39/161
f 169/40/162 171/38/162 152/39/162 166/41/162
f 164/42/163 157/33/163 171/38/163 169/40/163
f 157/33/164 168/31/164 173/36/164 171/38/164
f 168/31/165 167/16/165 172/34/165 173/36/165
f 167/16/166 165/6/166 170/1/166 172/34/166
f 151/7/167 14/43/167 41/20/167 174/4/167
f 155/6/168 151/7/168 174/4/168 175/1/168
f 180/2/169 161/2/169 178/1/169 176/44/169
f 176/44/170 178/1/170 177/6/170 179/6/170
f 175/1/171 176/44/171 179/6/171 155/6/171
f 154/2/172 180/2/172 176/44/172 175/1/172
f 152/39/173 163/37/173 192/45/173 183/24/173
f 163/37/174 161/35/174 191/13/174 192/45/174
f 156/3/175 201/17/175 202/18/175 4/19/175 48/28/175 184/12/175
f 166/41/176 152/39/176 183/24/176 181/21/176
f 161/35/177 154/2/177 182/9/177 191/13/177
f 154/2/178 156/3/178 184/12/178 182/9/178
f 162/46/179 189/48/179 190/14/179 159/47/179
f 159/47/180 190/14/180 58/25/180 23/49/180
f 59/50/180 27/51/180 189/48/180 162/46/180
f 188/52/181 190/14/181 189/48/181 187/53/181
f 185/54/182 191/13/182 190/14/182 188/52/182
f 187/53/183 189/48/183 192/45/183 186/55/183
f 186/55/184 192/45/184 191/13/184 185/54/184
f 183/24/185 193/57/185 194/56/185 158/23/185
f 158/23/186 194/56/186 195/58/186 189/48/186
f 189/48/187 195/58/187 196/59/187 192/45/187
f 192/45/188 196/59/188 193/57/188 183/24/188
f 158/23/189 197/62/189 198/61/189 18/60/189
f 18/60/190 198/61/190 199/63/190 27/51/190
f 27/51/191 199/63/191 200/64/191 189/48/191
f 189/48/192 200/64/192 197/62/192 158/23/192
f 12/65/193 164/42/193 169/40/193 74/65/193
f 166/41/194 55/65/194 74/65/194 169/40/194
f 55/65/195 166/41/195 181/21/195 47/65/195
f 149/22/196 15/65/196 47/65/196 181/21/196
f 238/1/197 209/2/197 211/3/197 237/4/197
f 90/5/198 210/6/198 205/7/198 216/8/198
f 248/9/199 208/10/199 204/11/199 250/12/199
f 260/13/200 259/14/200 208/10/200 248/9/200
f 98/15/201 221/16/201 210/6/201 90/5/201
f 237/4/202 211/3/202 270/17/202 271/18/202 206/19/202 239/20/202
f 247/21/203 203/22/203 213/23/203 249/24/203
f 259/14/204 256/25/204 218/26/204 208/10/204
f 250/12/205 204/11/205 215/27/205 246/28/205
f 208/10/206 218/26/206 215/29/206 204/11/206
f 102/30/207 231/31/207 221/16/207 98/15/207
f 93/32/208 212/33/208 231/31/208 102/30/208
f 231/31/209 230/16/209 221/16/209
f 221/16/210 230/16/210 228/6/210 210/6/210
f 235/34/211 222/35/211 209/2/211 233/1/211
f 236/36/212 225/37/212 222/35/212 235/34/212
f 234/38/213 207/39/213 225/37/213 236/36/213
f 232/40/214 229/41/214 207/39/214 234/38/214
f 227/42/215 232/40/215 234/38/215 212/33/215
f 212/33/216 234/38/216 236/36/216 231/31/216
f 231/31/217 236/36/217 235/34/217 230/16/217
f 230/16/218 235/34/218 233/1/218 228/6/218
f 205/7/219 237/4/219 239/20/219 216/43/219
f 210/6/220 238/1/220 237/4/220 205/7/220
f 244/2/221 240/44/221 242/1/221 222/2/221
f 240/44/222 243/6/222 241/6/222 242/1/222
f 238/1/223 210/6/223 243/6/223 240/44/223
f 209/2/224 238/1/224 240/44/224 244/2/224
f 207/39/225 249/24/225 261/45/225 225/37/225
f 225/37/226 261/45/226 260/13/226 222/35/226
f 211/3/227 250/12/227 246/28/227 206/19/227 271/18/227 270/17/227
f 229/41/228 247/21/228 249/24/228 207/39/228
f 222/35/229 260/13/229 248/9/229 209/2/229
f 209/2/230 248/9/230 250/12/230 211/3/230
f 224/46/231 220/47/231 259/14/231 258/48/231
f 220/47/232 223/49/232 256/25/232 259/14/232
f 257/50/233 224/46/233 258/48/233 226/51/233
f 255/52/234 254/53/234 258/48/234 259/14/234
f 251/54/235 255/52/235 259/14/235 260/13/235
f 254/53/236 252/55/236 261/45/236 258/48/236
f 252/55/237 251/54/237 260/13/237 261/45/237
f 249/24/238 213/23/238 263/56/238 262/57/238
f 213/23/239 258/48/239 264/58/239 263/56/239
f 258/48/240 261/45/240 265/59/240 264/58/240
f 261/45/241 249/24/241 262/57/241 265/59/241
f 213/23/242 219/60/242 267/61/242 266/62/242
f 219/60/243 226/51/243 268/63/243 267/61/243
f 226/51/244 258/48/244 269/64/244 268/63/244
f 258/48/245 213/23/245 266/62/245 269/64/245
f 214/65/246 272/65/246 232/40/246 227/42/246
f 229/41/247 232/40/247 272/65/247 253/65/247
f 253/65/248 245/65/248 247/21/248 229/41/248
f 203/22/249 247/21/249 245/65/249 217/65/249
f 149/22/250 203/22/250 217/65/250 15/65/250
f 4/19/251 206/19/251 246/28/251 48/28/251
f 158/23/252 213/23/252 203/22/252 149/22/252
f 197/62/253 266/62/253 267/61/253 198/61/253
f 157/33/254 212/33/254 93/32/254 19/32/254
f 17/26/255 218/26/255 256/25/255 58/25/255
f 16/5/256 90/5/256 216/8/256 14/8/256
f 14/43/257 216/43/257 239/20/257 41/20/257
f 13/29/258 215/29/258 218/26/258 17/26/258
f 27/51/259 226/51/259 219/60/259 18/60/259
f 155/6/260 210/6/260 228/6/260 165/6/260
f 165/6/261 228/6/261 233/1/261 170/1/261
f 180/2/262 244/2/262 222/2/262 161/2/262
f 161/2/263 222/2/263 242/1/263 178/1/263
f 41/20/264 239/20/264 206/19/264 4/19/264
f 178/1/265 242/1/265 241/6/265 177/6/265
f 179/6/266 243/6/266 210/6/266 155/6/266
f 177/6/267 241/6/267 243/6/267 179/6/267
f 154/2/268 209/2/268 244/2/268 180/2/268
f 47/65/269 245/65/269 253/65/269 55/65/269
f 55/65/270 253/65/270 272/65/270 74/65/270
f 48/28/271 246/28/271 215/27/271 13/27/271
f 15/65/272 217/65/272 245/65/272 47/65/272
f 159/47/273 220/47/273 224/46/273 162/46/273
f 23/49/274 223/49/274 220/47/274 159/47/274
f 162/46/275 224/46/275 257/50/275 59/50/275
f 58/25/276 256/25/276 223/49/276 23/49/276
f 59/50/277 257/50/277 226/51/277 27/51/277
f 12/65/278 214/65/278 227/42/278 164/42/278
f 164/42/279 227/42/279 212/33/279 157/33/279
f 187/53/280 254/53/280 255/52/280 188/52/280
f 188/52/281 255/52/281 251/54/281 185/54/281
f 186/55/282 252/55/282 254/53/282 187/53/282
f 185/54/283 251/54/283 252/55/283 186/55/283
f 193/57/284 262/57/284 263/56/284 194/56/284
f 196/59/285 265/59/285 262/57/285 193/57/285
f 194/56/286 263/56/286 264/58/286 195/58/286
f 195/58/287 264/58/287 265/59/287 196/59/287
f 200/64/288 269/64/288 266/62/288 197/62/288
f 198/61/289 267/61/289 268/63/289 199/63/289
f 199/63/290 268/63/290 269/64/290 200/64/290
f 18/60/291 219/60/291 213/23/291 158/23/291
f 170/1/292 233/1/292 209/2/292 154/2/292
f 74/65/293 272/65/293 214/65/293 12/65/293
l 31 29
l 105 103
l 166 164
l 229 227
o Cube.002
v 3.379987 3.608698 -4.514437
v 0.000000 2.283513 -13.054974
v 0.000000 4.566659 -4.513601
v 5.726548 3.951071 -14.056803
v 5.927413 3.070713 -4.508379
v 7.329562 2.730259 -9.575690
v 11.160557 0.173516 -5.736913
v 11.186308 0.217016 -0.049422
v 4.114551 3.945002 -14.562957
v 4.613826 3.666189 -4.514323
v 1.813965 -1.000000 -11.471703
v 1.813965 -1.000000 -2.968837
v 0.000000 -1.000000 -11.471703
v 0.000000 -1.000000 -2.968837
v 6.067637 -1.883176 -12.091983
v 6.102938 -1.899274 -3.329037
v 8.686970 2.478278 -2.268188
v 0.000000 3.414936 -8.883284
v 4.789865 3.701765 -8.432242
v 8.908380 2.312514 -7.316199
v 3.725821 3.747226 -8.619641
v 0.852422 2.283215 -13.054974
v 8.887954 2.506391 -4.637637
v 10.299193 1.513763 -1.139989
v 1.861387 4.574141 -4.519093
v 1.450406 3.405329 -8.885965
v 3.151049 2.978530 -13.905301
v 3.971377 3.379593 -4.496741
v 3.344782 3.630593 -8.760631
v 1.100307 2.287338 -13.056496
v 2.358562 4.418510 -4.494120
v 1.959007 3.451253 -8.893948
v 2.695910 4.243598 -4.525885
v 5.382342 3.586622 -4.524641
v 4.980667 4.169387 -14.319375
v 4.306078 3.887464 -8.548141
v 11.193743 0.219674 -2.998230
v 1.813965 -1.000000 -7.220270
v 0.000000 -1.000000 -7.220270
v 6.087555 -1.870049 -7.592526
v 7.293406 2.791168 -3.396386
v 9.759568 2.062462 -2.954562
v 6.615637 -1.552901 -11.450027
v 6.693135 -1.550996 -2.987703
v 6.673501 -1.527562 -7.119787
v 5.385454 -1.534893 -11.987159
v 5.414789 -1.548270 -3.268165
v 5.402006 -1.523984 -7.529617
v 5.646466 -1.787251 -12.039571
v 5.678785 -1.801988 -3.298601
v 5.664702 -1.775233 -7.561071
v 6.388193 -1.760871 -11.771006
v 6.444593 -1.767967 -3.158370
v 6.427085 -1.741638 -7.356157
v 2.449983 3.519269 -8.790513
v 1.373482 2.302984 -13.071130
v 2.349674 3.490529 -8.902245
v 2.898471 3.395321 -8.731999
v 2.383020 3.521362 -8.772281
v 1.948374 2.349157 -13.134565
v 2.946072 3.421416 -8.840260
v 2.959417 3.426811 -8.731180
v -3.379987 3.608698 -4.514437
v -5.726548 3.951071 -14.056803
v -5.927413 3.070713 -4.508379
v -7.329562 2.730259 -9.575690
v -11.160557 0.173516 -5.736913
v -11.186308 0.217016 -0.049422
v -4.114551 3.945002 -14.562957
v -4.613826 3.666189 -4.514323
v -1.813965 -1.000000 -11.471703
v -1.813965 -1.000000 -2.968837
v -6.067637 -1.883176 -12.091983
v -6.102938 -1.899274 -3.329037
v -8.686970 2.478278 -2.268188
v -4.789865 3.701765 -8.432242
v -8.908380 2.312514 -7.316199
v -3.725821 3.747226 -8.619641
v -0.852422 2.283215 -13.054974
v -8.887954 2.506391 -4.637637
v -10.299193 1.513763 -1.139989
v -1.861387 4.574141 -4.519093
v -1.450406 3.405329 -8.885965
v -3.151049 2.978530 -13.905301
v -3.971377 3.379593 -4.496741
v -3.344782 3.630593 -8.760631
v -1.100307 2.287338 -13.056496
v -2.358562 4.418510 -4.494120
v -1.959007 3.451253 -8.893948
v -2.695910 4.243598 -4.525885
v -5.382342 3.586622 -4.524641
v -4.980667 4.169387 -14.319375
v -4.306078 3.887464 -8.548141
v -11.193743 0.219674 -2.998230
v -1.813965 -1.000000 -7.220270
v -6.087555 -1.870049 -7.592526
v -7.293406 2.791168 -3.396386
v -9.759568 2.062462 -2.954562
v -6.615637 -1.552901 -11.450027
v -6.693135 -1.550996 -2.987703
v -6.673501 -1.527562 -7.119787
v -5.385454 -1.534893 -11.987159
v -5.414789 -1.548270 -3.268165
v -5.402006 -1.523984 -7.529617
v -5.646466 -1.787251 -12.039571
v -5.678785 -1.801988 -3.298601
v -5.664702 -1.775233 -7.561071
v -6.388193 -1.760871 -11.771006
v -6.444593 -1.767967 -3.158370
v -6.427085 -1.741638 -7.356157
v -2.449983 3.519269 -8.790513
v -1.373482 2.302984 -13.071130
v -2.349674 3.490529 -8.902245
v -2.898471 3.395321 -8.731999
v -2.383020 3.521362 -8.772281
v -1.948374 2.349157 -13.134565
v -2.946072 3.421416 -8.840260
v -2.959417 3.426811 -8.731180
v 3.281478 3.402019 -4.500896
v 0.000000 2.071143 -12.997534
v -0.000000 4.354032 -4.457125
v 5.611931 3.749301 -14.072382
v 5.777436 2.881904 -4.509649
v 7.188054 2.537827 -9.580085
v 10.882795 0.241669 -5.731992
v 10.906057 0.279224 -0.045979
v 4.267149 3.757390 -14.561346
v 4.689459 3.454398 -4.531715
v 1.843807 -0.781150 -11.471878
v 1.841521 -0.780981 -2.968562
v 0.000000 -0.780000 -11.471703
v -0.000000 -0.780000 -2.968837
v 6.081450 -1.663423 -12.092628
v 6.062667 -1.681378 -3.327508
v 8.548617 2.284569 -2.273385
v 0.000000 3.202437 -8.826327
v 4.635255 3.515091 -8.434128
v 8.766871 2.120081 -7.320593
v 3.846917 3.547244 -8.629394
v 0.863776 2.070802 -12.998339
v 8.733914 2.319458 -4.640172
v 10.059438 1.388016 -1.137718
v 1.839625 4.361797 -4.463941
v 1.446988 3.192585 -8.829985
v 3.353748 2.820532 -13.893137
v 4.049296 3.167929 -4.509274
v 3.484765 3.437498 -8.757919
v 1.130089 2.075636 -13.001000
v 2.310745 4.207038 -4.445296
v 1.950234 3.237743 -8.841318
v 2.572733 4.047644 -4.488441
v 5.270406 3.383407 -4.523282
v 4.993937 3.949848 -14.329509
v 4.266552 3.669649 -8.556563
v 10.911971 0.277413 -2.990278
v 1.842393 -0.781044 -7.220195
v -0.000000 -0.780000 -7.220270
v 6.061781 -1.650907 -7.592291
v 7.196842 2.583946 -3.409557
v 9.565191 1.898207 -2.952481
v 6.406945 -1.398909 -11.449668
v 6.527729 -1.369637 -2.986656
v 6.492912 -1.354603 -7.119471
v 5.548306 -1.352226 -11.987823
v 5.562003 -1.358229 -3.267643
v 5.554684 -1.336402 -7.529671
v 5.803280 -1.601614 -12.040432
v 5.847790 -1.622518 -3.297776
v 5.829547 -1.593582 -7.561069
v 6.234352 -1.573829 -11.771029
v 6.248642 -1.604769 -3.156875
v 6.245354 -1.569362 -7.355155
v 2.316665 3.326892 -8.754233
v 1.407706 2.091634 -13.015751
v 2.334586 3.276438 -8.852890
v 2.785051 3.193176 -8.716317
v 2.329120 3.309567 -8.728737
v 2.124343 2.174584 -13.115264
v 3.062647 3.220047 -8.828110
v 2.963540 3.206836 -8.732332
v -3.281478 3.402019 -4.500896
v -5.611931 3.749301 -14.072382
v -5.777436 2.881904 -4.509649
v -7.188054 2.537827 -9.580085
v -10.882795 0.241669 -5.731992
v -10.906057 0.279224 -0.045979
v -4.267149 3.757390 -14.561346
v -4.689459 3.454398 -4.531715
v -1.843807 -0.781150 -11.471878
v -1.841521 -0.780981 -2.968562
v -6.081450 -1.663423 -12.092628
v -6.062667 -1.681378 -3.327508
v -8.548617 2.284569 -2.273385
v -4.635255 3.515091 -8.434128
v -8.766871 2.120081 -7.320593
v -3.846917 3.547244 -8.629394
v -0.863776 2.070802 -12.998339
v -8.733914 2.319458 -4.640172
v -10.059438 1.388016 -1.137718
v -1.839625 4.361797 -4.463941
v -1.446988 3.192585 -8.829985
v -3.353748 2.820532 -13.893137
v -4.049296 3.167929 -4.509274
v -3.484765 3.437498 -8.757919
v -1.130089 2.075636 -13.001000
v -2.310745 4.207038 -4.445296
v -1.950234 3.237743 -8.841318
v -2.572733 4.047644 -4.488441
v -5.270407 3.383407 -4.523282
v -4.993937 3.949848 -14.329509
v -4.266552 3.669649 -8.556563
v -10.911971 0.277413 -2.990278
v -1.842393 -0.781044 -7.220195
v -6.061781 -1.650907 -7.592291
v -7.196842 2.583946 -3.409557
v -9.565191 1.898207 -2.952481
v -6.406945 -1.398909 -11.449668
v -6.527729 -1.369637 -2.986656
v -6.492912 -1.354603 -7.119471
v -5.548306 -1.352226 -11.987823
v -5.562003 -1.358229 -3.267643
v -5.554684 -1.336402 -7.529671
v -5.803280 -1.601614 -12.040432
v -5.847790 -1.622518 -3.297776
v -5.829547 -1.593582 -7.561069
v -6.234351 -1.573829 -11.771029
v -6.248642 -1.604769 -3.156875
v -6.245354 -1.569362 -7.355155
v -2.316665 3.326892 -8.754233
v -1.407706 2.091634 -13.015751
v -2.334586 3.276438 -8.852890
v -2.785051 3.193176 -8.716317
v -2.329120 3.309567 -8.728737
v -2.124343 2.174584 -13.115264
v -3.062647 3.220047 -8.828110
v -2.963540 3.206836 -8.732332
vn 0.0088 0.9670 -0.2545
vn -0.0000 0.9659 -0.2589
vn -0.0000 0.9665 -0.2567
vn 0.0561 0.9664 -0.2510
vn 0.1022 0.9940 0.0384
vn 0.2980 0.9545 -0.0064
vn 0.4105 0.9118 0.0061
vn 0.4249 0.9052 0.0091
vn 0.0226 0.9707 -0.2393
vn 0.1239 0.9669 -0.2232
vn 0.5570 0.8304 -0.0105
vn 0.2549 0.9650 0.0613
vn 0.3751 0.9266 0.0249
vn 0.7339 0.6791 -0.0123
vn -0.3800 0.9249 -0.0130
vn -0.2039 0.9773 0.0579
vn -0.1978 0.9770 0.0802
vn -0.3243 0.9448 0.0461
vn -0.0000 -1.0000 -0.0000
vn -0.0734 -0.9973 -0.0003
vn -0.0711 -0.9975 -0.0013
vn 0.5093 -0.8606 -0.0016
vn 0.3631 -0.9318 -0.0020
vn 0.3661 -0.9306 -0.0041
vn 0.4592 -0.8883 -0.0051
vn -0.4574 -0.8893 -0.0000
vn 0.0665 -0.9978 -0.0011
vn 0.1042 -0.9945 -0.0070
vn -0.4709 -0.8822 -0.0041
vn -0.5870 0.8072 -0.0621
vn -0.4187 0.9081 -0.0078
vn -0.0342 0.9984 0.0461
vn 0.3057 0.9493 0.0733
vn -0.0293 0.9658 -0.2575
vn -0.0000 0.9653 -0.2611
vn 0.4232 0.9060 0.0123
vn 0.5888 0.8073 -0.0401
vn 0.3847 0.9228 0.0211
vn 0.7705 0.6349 -0.0568
vn 0.8074 0.5896 -0.0220
vn -0.0769 0.9645 -0.2528
vn -0.4319 -0.9019 0.0042
vn -0.0356 -0.9994 0.0029
vn 0.6092 -0.7930 -0.0018
vn 0.3532 -0.9356 0.0049
vn -0.0771 -0.9970 0.0008
vn 0.4225 -0.9063 0.0001
vn 0.5132 -0.8583 -0.0050
vn 0.5626 -0.8267 -0.0076
vn -0.4510 -0.8925 0.0032
vn -0.4189 -0.9080 0.0003
vn -0.4020 -0.9156 -0.0025
vn 0.3022 0.9504 -0.0737
vn 0.3601 0.9168 -0.1729
vn 0.3303 0.9271 -0.1772
vn 0.2603 0.9635 -0.0631
vn 0.0389 0.9737 -0.2245
vn -0.0884 0.9636 -0.2525
vn 0.1399 0.9699 -0.1994
vn -0.4938 0.8643 -0.0956
vn -0.3113 0.9486 -0.0572
vn -0.0106 0.9999 0.0052
vn -0.0088 0.9670 -0.2545
vn -0.0561 0.9664 -0.2510
vn -0.1022 0.9940 0.0384
vn -0.4249 0.9052 0.0091
vn -0.4105 0.9118 0.0061
vn -0.2980 0.9545 -0.0064
vn -0.0226 0.9707 -0.2393
vn -0.1239 0.9669 -0.2232
vn -0.5570 0.8304 -0.0105
vn -0.7339 0.6791 -0.0123
vn -0.3751 0.9266 0.0249
vn -0.2549 0.9650 0.0613
vn 0.3800 0.9249 -0.0130
vn 0.3243 0.9448 0.0461
vn 0.1978 0.9770 0.0802
vn 0.2039 0.9773 0.0579
vn 0.0711 -0.9975 -0.0013
vn 0.0734 -0.9973 -0.0003
vn -0.5093 -0.8606 -0.0016
vn -0.4592 -0.8883 -0.0051
vn -0.3661 -0.9306 -0.0041
vn -0.3631 -0.9318 -0.0020
vn 0.4574 -0.8893 -0.0000
vn 0.4709 -0.8822 -0.0041
vn -0.1042 -0.9945 -0.0070
vn -0.0665 -0.9978 -0.0011
vn 0.5870 0.8072 -0.0621
vn 0.4187 0.9081 -0.0078
vn 0.0342 0.9984 0.0461
vn -0.3057 0.9493 0.0733
vn 0.0293 0.9658 -0.2575
vn -0.3847 0.9228 0.0211
vn -0.5888 0.8073 -0.0401
vn -0.4232 0.9060 0.0123
vn -0.7705 0.6349 -0.0568
vn -0.8074 0.5896 -0.0220
vn 0.0769 0.9645 -0.2528
vn 0.4319 -0.9019 0.0042
vn 0.0356 -0.9994 0.0029
vn -0.6092 -0.7930 -0.0018
vn -0.3532 -0.9356 0.0049
vn 0.0771 -0.9970 0.0008
vn -0.4225 -0.9063 0.0001
vn -0.5132 -0.8583 -0.0050
vn -0.5626 -0.8267 -0.0076
vn 0.4189 -0.9080 0.0003
vn 0.4510 -0.8925 0.0032
vn 0.4020 -0.9156 -0.0025
vn -0.3022 0.9504 -0.0737
vn -0.2603 0.9635 -0.0631
vn -0.3303 0.9271 -0.1772
vn -0.3601 0.9168 -0.1729
vn -0.0389 0.9737 -0.2245
vn 0.0884 0.9636 -0.2525
vn -0.1399 0.9699 -0.1994
vn 0.4938 0.8643 -0.0956
vn 0.3113 0.9486 -0.0572
vn 0.0106 0.9999 0.0052
vn -0.0092 -0.9670 0.2545
vn -0.0561 -0.9664 0.2510
vn -0.0000 -0.9665 0.2568
vn -0.0000 -0.9659 0.2589
vn -0.1052 -0.9936 -0.0401
vn -0.4426 -0.8967 -0.0051
vn -0.4196 -0.9077 -0.0035
vn -0.6051 -0.7929 0.0716
vn -0.0180 -0.9706 0.2399
vn -0.1148 -0.9675 0.2254
vn -0.5423 -0.8401 0.0056
vn -0.7125 -0.7017 0.0060
vn -0.3691 -0.9291 -0.0240
vn -0.2503 -0.9662 -0.0621
vn 0.3851 -0.9227 0.0159
vn 0.3353 -0.9411 -0.0438
vn 0.2018 -0.9762 -0.0800
vn 0.1989 -0.9786 -0.0533
vn -0.0000 1.0000 -0.0000
vn 0.0730 0.9973 0.0012
vn 0.0754 0.9972 0.0002
vn -0.5018 0.8650 0.0014
vn -0.4487 0.8937 0.0046
vn -0.3517 0.9361 0.0032
vn -0.3491 0.9371 0.0013
vn 0.4643 0.8857 0.0007
vn 0.4851 0.8745 0.0043
vn -0.1266 0.9919 0.0072
vn -0.0989 0.9951 0.0006
vn 0.5930 -0.8027 0.0637
vn 0.4341 -0.9008 0.0106
vn 0.0481 -0.9978 -0.0446
vn -0.3198 -0.9444 -0.0765
vn 0.0296 -0.9658 0.2576
vn -0.0000 -0.9653 0.2611
vn -0.3760 -0.9264 -0.0219
vn -0.5636 -0.8255 0.0306
vn -0.4156 -0.9094 -0.0147
vn -0.7476 -0.6625 0.0467
vn -0.7820 -0.6231 0.0137
vn 0.0777 -0.9643 0.2531
vn 0.0560 -0.9967 -0.0592
vn 0.4295 0.9031 -0.0033
vn 0.2269 0.9739 -0.0024
vn -0.6232 0.7821 0.0018
vn -0.3403 0.9403 -0.0051
vn 0.0792 0.9969 -0.0010
vn -0.4922 0.8705 -0.0012
vn -0.5433 0.8396 0.0052
vn -0.5862 0.8101 0.0076
vn 0.4171 0.9089 -0.0004
vn 0.4515 0.8923 -0.0034
vn 0.3991 0.9169 0.0025
vn -0.4505 0.8928 -0.0021
vn -0.2793 -0.9575 0.0722
vn -0.2621 -0.9627 0.0679
vn -0.3091 -0.9337 0.1805
vn -0.4003 -0.9011 0.1667
vn -0.0196 -0.9734 0.2281
vn 0.0896 -0.9633 0.2528
vn -0.1202 -0.9718 0.2027
vn 0.4933 -0.8645 0.0965
vn 0.2510 -0.9668 0.0480
vn 0.0106 -0.9999 -0.0000
vn 0.0092 -0.9670 0.2545
vn 0.0561 -0.9664 0.2510
vn 0.1052 -0.9936 -0.0401
vn 0.6051 -0.7929 0.0716
vn 0.4196 -0.9077 -0.0035
vn 0.4426 -0.8967 -0.0051
vn 0.0180 -0.9706 0.2399
vn 0.1148 -0.9675 0.2254
vn 0.5423 -0.8401 0.0056
vn 0.2503 -0.9662 -0.0621
vn 0.3691 -0.9291 -0.0240
vn 0.7125 -0.7017 0.0060
vn -0.3851 -0.9227 0.0159
vn -0.1989 -0.9786 -0.0533
vn -0.2018 -0.9762 -0.0800
vn -0.3353 -0.9411 -0.0438
vn -0.0754 0.9972 0.0002
vn -0.0730 0.9973 0.0012
vn 0.5018 0.8650 0.0014
vn 0.3491 0.9371 0.0013
vn 0.3517 0.9361 0.0032
vn 0.4487 0.8937 0.0046
vn -0.4643 0.8857 0.0007
vn 0.0989 0.9951 0.0006
vn 0.1266 0.9919 0.0072
vn -0.4851 0.8745 0.0043
vn -0.5930 -0.8027 0.0637
vn -0.4341 -0.9008 0.0106
vn -0.0481 -0.9978 -0.0446
vn 0.3198 -0.9444 -0.0765
vn -0.0296 -0.9658 0.2576
vn 0.4156 -0.9094 -0.0147
vn 0.5636 -0.8255 0.0306
vn 0.3760 -0.9264 -0.0219
vn 0.7476 -0.6625 0.0467
vn 0.7820 -0.6231 0.0137
vn -0.0777 -0.9643 0.2531
vn -0.0560 -0.9967 -0.0592
vn -0.4295 0.9031 -0.0033
vn -0.2269 0.9739 -0.0024
vn 0.6232 0.7821 0.0018
vn 0.3403 0.9403 -0.0051
vn -0.0792 0.9969 -0.0010
vn 0.4922 0.8705 -0.0012
vn 0.5433 0.8396 0.0052
vn 0.5862 0.8101 0.0076
vn -0.4515 0.8923 -0.0034
vn -0.4171 0.9089 -0.0004
vn -0.3991 0.9169 0.0025
vn 0.4505 0.8928 -0.0021
vn 0.2793 -0.9575 0.0722
vn 0.4003 -0.9011 0.1667
vn 0.3091 -0.9337 0.1805
vn 0.2621 -0.9627 0.0679
vn 0.0196 -0.9734 0.2281
vn -0.0896 -0.9633 0.2528
vn 0.1202 -0.9718 0.2027
vn -0.4933 -0.8645 0.0965
vn -0.2510 -0.9668 0.0480
vn -0.0106 -0.9999 -0.0000
vn -0.2724 0.1567 0.9494
vn -0.0093 -0.0160 0.9998
vn -0.0105 -0.0115 0.9999
vn -0.3059 0.1757 0.9357
vn 0.4353 -0.5184 -0.7360
vn 0.1492 -0.5071 -0.8489
vn 0.3969 -0.5198 -0.7565
vn 0.0153 0.2446 0.9695
vn -0.0000 0.2539 0.9672
vn 0.0176 0.2429 0.9699
vn -0.0701 0.6421 0.7634
vn -0.2085 0.5458 0.8116
vn -0.2210 0.5360 0.8147
vn -0.0052 -0.1009 -0.9949
vn 0.3007 0.0516 -0.9523
vn 0.3032 0.0476 -0.9517
vn -0.0303 -0.1221 -0.9921
vn 0.0270 -0.0450 0.9986
vn 0.0205 -0.0210 0.9996
vn 0.0292 -0.0289 0.9992
vn 0.0244 -0.0444 0.9987
vn -0.1214 0.0764 -0.9897
vn -0.0653 0.0301 -0.9974
vn -0.0656 0.0302 -0.9974
vn -0.1210 0.0771 -0.9897
vn 0.0381 -0.0176 0.9991
vn 0.0674 -0.0444 0.9967
vn 0.0677 -0.0441 0.9967
vn 0.0378 -0.0175 0.9991
vn -0.0000 -0.0004 -1.0000
vn -0.0000 -0.0006 1.0000
vn 0.6407 0.4076 -0.6506
vn 0.7372 0.2527 -0.6266
vn 0.6262 0.4272 -0.6522
vn -0.1935 -0.1678 0.9666
vn -0.3687 -0.3040 0.8785
vn -0.3726 -0.3027 0.8772
vn -0.1607 -0.1524 0.9752
vn -0.4619 0.3619 0.8097
vn -0.5590 0.3052 0.7710
vn -0.5580 0.3061 0.7713
vn -0.4641 0.3607 0.8090
vn 0.7264 -0.4850 -0.4869
vn 0.7270 -0.4850 -0.4861
vn -0.0000 -0.2594 -0.9658
vn -0.0020 -0.2577 -0.9662
vn -0.0020 -0.2576 -0.9662
vn 0.5984 -0.2606 -0.7576
vn 0.6021 -0.2645 -0.7534
vn -0.3017 -0.3845 -0.8724
vn -0.3021 -0.3867 -0.8713
vn 0.0436 0.0507 0.9978
vn 0.0267 0.0343 0.9991
vn -0.0196 -0.2572 -0.9662
vn -0.0205 -0.2573 -0.9661
vn 0.0943 0.1921 0.9768
vn 0.1281 0.1694 0.9772
vn 0.1462 0.1089 0.9832
vn 0.1237 0.1006 0.9872
vn 0.3528 0.7847 -0.5096
vn 0.4365 0.6843 -0.5842
vn 0.4426 0.6757 -0.5895
vn -0.3027 -0.4407 0.8451
vn -0.2977 -0.5589 0.7740
vn -0.3025 -0.4497 0.8404
vn -0.1240 0.0726 -0.9896
vn -0.1234 0.0735 -0.9896
vn 0.0721 -0.0440 0.9964
vn 0.0722 -0.0439 0.9964
vn -0.1359 0.0535 -0.9893
vn -0.0366 -0.2585 -0.9653
vn 0.0571 -0.1654 -0.9846
vn -0.0161 -0.0740 -0.9971
vn 0.0104 -0.1073 -0.9942
vn 0.9755 -0.0103 -0.2199
vn 0.9855 -0.0942 -0.1412
vn 0.9853 -0.0898 -0.1453
vn 0.9828 -0.1732 -0.0642
vn -0.6438 0.1501 -0.7503
vn -0.3109 -0.4340 -0.8456
vn -0.8918 -0.4511 -0.0344
vn -0.7623 -0.5671 0.3119
vn -0.8858 -0.4641 -0.0040
vn -0.0598 -0.0189 -0.9980
vn -0.8861 -0.2638 -0.3810
vn 0.0093 -0.0160 0.9998
vn 0.2724 0.1567 0.9494
vn 0.3059 0.1757 0.9357
vn 0.0105 -0.0115 0.9999
vn -0.1492 -0.5071 -0.8489
vn -0.4353 -0.5184 -0.7360
vn -0.3969 -0.5198 -0.7565
vn -0.0153 0.2446 0.9695
vn -0.0176 0.2429 0.9699
vn 0.2085 0.5458 0.8116
vn 0.0701 0.6421 0.7634
vn 0.2210 0.5360 0.8147
vn -0.3007 0.0516 -0.9523
vn 0.0052 -0.1009 -0.9949
vn 0.0303 -0.1221 -0.9921
vn -0.3032 0.0476 -0.9517
vn -0.0205 -0.0210 0.9996
vn -0.0270 -0.0450 0.9986
vn -0.0244 -0.0444 0.9987
vn -0.0292 -0.0289 0.9992
vn 0.0653 0.0301 -0.9974
vn 0.1214 0.0764 -0.9897
vn 0.1210 0.0771 -0.9897
vn 0.0656 0.0302 -0.9974
vn -0.0674 -0.0444 0.9967
vn -0.0381 -0.0176 0.9991
vn -0.0378 -0.0175 0.9991
vn -0.0677 -0.0441 0.9967
vn -0.7372 0.2528 -0.6266
vn -0.6407 0.4076 -0.6506
vn -0.6262 0.4272 -0.6522
vn 0.3687 -0.3040 0.8785
vn 0.1935 -0.1678 0.9666
vn 0.1607 -0.1524 0.9752
vn 0.3726 -0.3027 0.8772
vn 0.5590 0.3052 0.7710
vn 0.4619 0.3619 0.8097
vn 0.4641 0.3607 0.8090
vn 0.5580 0.3061 0.7713
vn -0.7264 -0.4850 -0.4869
vn -0.7270 -0.4850 -0.4861
vn 0.0020 -0.2577 -0.9662
vn 0.0020 -0.2576 -0.9662
vn -0.5984 -0.2606 -0.7576
vn -0.6021 -0.2645 -0.7534
vn 0.3017 -0.3845 -0.8724
vn 0.3021 -0.3867 -0.8713
vn -0.0436 0.0507 0.9978
vn -0.0267 0.0343 0.9991
vn 0.0196 -0.2572 -0.9662
vn 0.0205 -0.2573 -0.9661
vn -0.0943 0.1921 0.9768
vn -0.1281 0.1694 0.9772
vn -0.1462 0.1089 0.9832
vn -0.1237 0.1006 0.9872
vn -0.4365 0.6843 -0.5842
vn -0.3528 0.7847 -0.5096
vn -0.4426 0.6757 -0.5895
vn 0.2977 -0.5589 0.7740
vn 0.3027 -0.4407 0.8451
vn 0.3025 -0.4497 0.8404
vn 0.1240 0.0726 -0.9896
vn 0.1234 0.0735 -0.9896
vn -0.0721 -0.0440 0.9964
vn -0.0722 -0.0439 0.9964
vn 0.1359 0.0535 -0.9893
vn 0.0366 -0.2585 -0.9653
vn 0.0161 -0.0740 -0.9971
vn -0.0571 -0.1654 -0.9846
vn -0.0104 -0.1073 -0.9942
vn -0.9855 -0.0942 -0.1412
vn -0.9755 -0.0103 -0.2199
vn -0.9853 -0.0898 -0.1453
vn -0.9828 -0.1732 -0.0642
vn 0.6438 0.1501 -0.7503
vn 0.3109 -0.4340 -0.8456
vn 0.7623 -0.5671 0.3119
vn 0.8918 -0.4511 -0.0344
vn 0.8858 -0.4641 -0.0040
vn 0.0598 -0.0189 -0.9980
vn 0.8861 -0.2638 -0.3810
vt 0.687500 0.539943
vt 0.750000 0.539943
vt 0.750000 0.581782
vt 0.687500 0.581782
vt 0.625000 0.539943
vt 0.625000 0.581782
vt 0.625000 0.539943
vt 0.656250 0.539943
vt 0.656250 0.581782
vt 0.625000 0.581782
vt 0.625000 0.539943
vt 0.250000 0.540891
vt 0.375000 0.540891
vt 0.375000 0.581782
vt 0.250000 0.581782
vt 0.443964 0.540891
vt 0.500000 0.540891
vt 0.500000 0.581782
vt 0.443964 0.581782
vt 0.432252 0.540891
vt 0.437536 0.540891
vt 0.437536 0.581782
vt 0.432252 0.581782
vt 0.625000 0.500000
vt 0.625000 0.500000
vt 0.687500 0.500000
vt 0.750000 0.500000
vt 0.000000 0.000000
vt 0.656250 0.500000
vt 0.432252 0.500000
vt 0.437536 0.500000
vt 0.443964 0.500000
vt 0.500000 0.500000
vt 0.250000 0.500000
vt 0.375000 0.500000
vt 0.440750 0.500000
vt 0.440750 0.540891
vt 0.440750 0.581782
vt 0.426968 0.500000
vt 0.426968 0.540891
vt 0.426968 0.581782
vt 0.632812 0.541106
vt 0.640625 0.541030
vt 0.640625 0.581782
vt 0.632812 0.581782
vt 0.643649 0.539943
vt 0.644636 0.500000
vt 0.642887 0.541198
vt 0.625000 0.540997
vt 0.625000 0.541106
s 1
usemtl Material
f 298/66/294 290/67/295 275/68/296 297/69/297
f 308/70/298 306/71/299 277/71/300 291/72/301
f 304/73/302 298/66/294 297/69/297 303/74/303
f 314/75/304 313/71/305 289/71/306 296/71/307
f 301/72/308 300/71/309 282/71/310 293/76/311
f 311/77/312 310/78/313 284/79/314 286/80/312
f 317/81/315 309/82/316 280/83/317 316/84/318
f 323/85/319 312/86/320 288/87/321 322/88/322
f 299/89/323 301/72/308 293/76/311 281/90/324
f 307/89/325 308/70/298 291/72/301 276/89/326
f 294/91/327 274/92/328 290/67/295 298/66/294
f 277/71/300 295/75/329 279/71/330 292/93/331 278/93/331 276/89/326 291/72/301
f 309/71/332 314/75/304 296/71/307 280/71/333
f 302/94/334 294/91/327 298/66/294 304/73/302
f 281/90/324 293/76/311 308/70/298 307/89/325
f 293/76/311 282/71/310 306/71/299 308/70/298
f 279/71/330 295/75/329 314/75/304 309/71/332
f 321/95/335 287/96/336 312/86/320 323/85/319
f 315/97/337 279/98/338 309/82/316 317/81/315
f 285/99/312 283/100/339 310/78/313 311/77/312
f 295/75/329 277/71/300 313/71/305 314/75/304
f 324/101/340 315/97/337 317/81/315 326/102/341
f 326/102/341 317/81/315 316/84/318 325/103/342
f 283/100/339 318/104/343 320/105/344 310/78/313
f 310/78/313 320/105/344 319/106/345 284/79/314
f 318/104/343 321/95/335 323/85/319 320/105/344
f 320/105/344 323/85/319 322/88/322 319/106/345
f 312/86/320 326/102/341 325/103/342 288/87/321
f 287/96/336 324/101/340 326/102/341 312/86/320
f 330/107/346 327/108/347 305/109/348 273/110/349
f 329/111/350 328/112/351 302/94/334 304/73/302
f 327/108/347 331/113/352 329/111/350 304/73/302 303/74/303 305/109/348
f 332/89/353 333/72/354 301/72/308 299/89/323
f 333/72/354 334/114/355 330/115/346 273/71/349 300/71/309 301/72/308
f 355/66/356 354/69/357 275/68/296 290/67/295
f 365/70/358 348/72/359 337/71/360 363/71/361
f 361/73/362 360/74/363 354/69/357 355/66/356
f 370/75/364 353/71/365 347/71/366 369/71/367
f 358/72/368 350/76/369 342/71/370 357/71/371
f 311/77/312 286/80/312 344/79/372 367/78/373
f 373/81/374 372/84/375 340/83/376 366/82/377
f 379/85/378 378/88/379 346/87/380 368/86/381
f 356/89/382 341/90/383 350/76/369 358/72/368
f 364/89/384 336/89/385 348/72/359 365/70/358
f 351/91/386 355/66/356 290/67/295 274/92/328
f 337/71/360 348/72/359 336/89/385 338/93/387 349/93/387 339/71/388 352/75/389
f 366/71/390 340/71/391 353/71/365 370/75/364
f 359/94/392 361/73/362 355/66/356 351/91/386
f 341/90/383 364/89/384 365/70/358 350/76/369
f 350/76/369 365/70/358 363/71/361 342/71/370
f 339/71/388 366/71/390 370/75/364 352/75/389
f 377/95/393 379/85/378 368/86/381 345/96/394
f 371/97/395 373/81/374 366/82/377 339/98/396
f 285/99/312 311/77/312 367/78/373 343/100/397
f 352/75/389 370/75/364 369/71/367 337/71/360
f 380/101/398 382/102/399 373/81/374 371/97/395
f 382/102/399 381/103/400 372/84/375 373/81/374
f 343/100/397 367/78/373 376/105/401 374/104/402
f 367/78/373 344/79/372 375/106/403 376/105/401
f 374/104/402 376/105/401 379/85/378 377/95/393
f 376/105/401 375/106/403 378/88/379 379/85/378
f 368/86/381 346/87/380 381/103/400 382/102/399
f 345/96/394 368/86/381 382/102/399 380/101/398
f 386/107/404 335/110/405 362/109/406 383/108/407
f 385/111/408 361/73/362 359/94/392 384/112/409
f 383/108/407 362/109/406 360/74/363 361/73/362 385/111/408 387/113/410
f 388/89/411 356/89/382 358/72/368 389/72/412
f 389/72/412 358/72/368 357/71/371 335/71/405 386/115/404 390/114/413
f 416/66/414 415/69/415 393/68/416 408/67/417
f 426/70/418 409/72/419 395/71/420 424/71/421
f 422/73/422 421/74/423 415/69/415 416/66/414
f 432/75/424 414/71/425 407/71/426 431/71/427
f 419/72/428 411/76/429 400/71/430 418/71/431
f 429/77/432 404/80/432 402/79/433 428/78/434
f 435/81/435 434/84/436 398/83/437 427/82/438
f 441/85/439 440/88/440 406/87/441 430/86/442
f 417/89/443 399/90/444 411/76/429 419/72/428
f 425/89/445 394/89/446 409/72/419 426/70/418
f 412/91/447 416/66/414 408/67/417 392/92/448
f 395/71/420 409/72/419 394/89/446 396/93/449 410/93/449 397/71/450 413/75/451
f 427/71/452 398/71/453 414/71/425 432/75/424
f 420/94/454 422/73/422 416/66/414 412/91/447
f 399/90/444 425/89/445 426/70/418 411/76/429
f 411/76/429 426/70/418 424/71/455 400/71/430
f 397/71/450 427/71/452 432/75/424 413/75/451
f 439/95/456 441/85/439 430/86/442 405/96/457
f 433/97/458 435/81/435 427/82/438 397/98/459
f 403/99/432 429/77/432 428/78/434 401/100/460
f 413/75/451 432/75/424 431/71/427 395/71/420
f 442/101/461 444/102/462 435/81/435 433/97/458
f 444/102/462 443/103/463 434/84/436 435/81/435
f 401/100/460 428/78/434 438/105/464 436/104/465
f 428/78/434 402/79/433 437/106/466 438/105/464
f 436/104/465 438/105/464 441/85/439 439/95/456
f 438/105/464 437/106/466 440/88/440 441/85/439
f 430/86/442 406/87/441 443/103/463 444/102/462
f 405/96/467 430/86/442 444/102/462 442/101/461
f 448/107/468 391/110/469 423/109/470 445/108/471
f 447/111/472 422/73/422 420/94/454 446/112/473
f 445/108/471 423/109/470 421/74/423 422/73/422 447/111/472 449/113/474
f 450/89/475 417/89/443 419/72/428 451/72/476
f 451/72/476 419/72/428 418/71/431 391/71/469 448/115/468 452/114/477
f 473/66/478 408/67/417 393/68/416 472/69/479
f 483/70/480 481/71/481 455/71/482 466/72/483
f 479/73/484 473/66/478 472/69/479 478/74/485
f 488/75/486 487/71/487 465/71/488 471/71/489
f 476/72/490 475/71/491 460/71/492 468/76/493
f 429/77/432 485/78/494 462/79/495 404/80/432
f 491/81/496 484/82/497 458/83/498 490/84/499
f 497/85/500 486/86/501 464/87/502 496/88/503
f 474/89/504 476/72/490 468/76/493 459/90/505
f 482/89/506 483/70/480 466/72/483 454/89/507
f 469/91/508 392/92/448 408/67/417 473/66/478
f 455/71/482 470/75/509 457/71/510 467/93/511 456/93/511 454/89/507 466/72/483
f 484/71/512 488/75/486 471/71/489 458/71/513
f 477/94/514 469/91/508 473/66/478 479/73/484
f 459/90/505 468/76/493 483/70/480 482/89/506
f 468/76/493 460/71/492 481/71/515 483/70/480
f 457/71/510 470/75/509 488/75/486 484/71/512
f 495/95/516 463/96/517 486/86/501 497/85/500
f 489/97/518 457/98/519 484/82/497 491/81/496
f 403/99/432 461/100/520 485/78/494 429/77/432
f 470/75/509 455/71/482 487/71/487 488/75/486
f 498/101/521 489/97/518 491/81/496 500/102/522
f 500/102/522 491/81/496 490/84/499 499/103/523
f 461/100/520 492/104/524 494/105/525 485/78/494
f 485/78/494 494/105/525 493/106/526 462/79/495
f 492/104/524 495/95/516 497/85/500 494/105/525
f 494/105/525 497/85/500 496/88/503 493/106/526
f 486/86/501 500/102/522 499/103/523 464/87/502
f 463/96/527 498/101/521 500/102/522 486/86/501
f 504/107/528 501/108/529 480/109/530 453/110/531
f 503/111/532 502/112/533 477/94/514 479/73/484
f 501/108/529 505/113/534 503/111/532 479/73/484 478/74/485 480/109/530
f 506/89/535 507/72/536 476/72/490 474/89/504
f 507/72/536 508/114/537 504/115/528 453/71/531 475/71/491 476/72/490
f 277/71/538 306/71/539 424/71/540 395/71/541
f 292/93/542 279/71/543 397/71/543 410/93/544
f 297/69/545 275/68/546 393/68/546 415/69/547
f 280/71/548 296/71/549 414/71/550 398/71/548
f 281/90/551 307/89/552 425/89/553 399/90/554
f 282/71/555 300/71/556 418/71/557 400/71/558
f 318/104/559 283/100/560 401/100/561 436/104/562
f 284/79/563 319/106/564 437/106/565 402/79/566
f 283/100/560 285/99/567 403/99/567 401/100/561
f 286/80/568 284/79/563 402/79/566 404/80/568
f 324/101/569 287/96/570 405/96/570 442/101/571
f 288/87/572 325/103/573 443/103/574 406/87/575
f 289/71/576 313/71/577 431/71/578 407/71/579
f 278/93/580 292/93/542 410/93/544 396/93/581
f 274/92/582 294/91/583 412/91/584 392/92/582
f 296/71/549 289/71/576 407/71/579 414/71/550
f 276/89/585 278/93/580 396/93/581 394/89/586
f 299/89/587 281/90/551 399/90/554 417/89/588
f 300/71/556 273/71/589 391/71/590 418/71/557
f 294/91/583 302/94/591 420/94/592 412/91/584
f 303/74/593 297/69/545 415/69/547 421/74/594
f 305/109/595 303/74/593 421/74/594 423/109/596
f 306/71/539 282/71/555 400/71/558 424/71/540
f 307/89/552 276/89/585 394/89/586 425/89/553
f 313/71/577 277/71/538 395/71/541 431/71/578
f 279/98/597 315/97/598 433/97/599 397/98/597
f 316/84/600 280/83/601 398/83/601 434/84/602
f 321/95/603 318/104/559 436/104/562 439/95/604
f 319/106/564 322/88/605 440/88/606 437/106/565
f 287/96/607 321/95/603 439/95/604 405/96/607
f 322/88/605 288/87/572 406/87/575 440/88/606
f 315/97/598 324/101/569 442/101/571 433/97/599
f 325/103/573 316/84/600 434/84/602 443/103/574
f 273/110/589 305/109/595 423/109/596 391/110/590
f 302/94/591 328/112/608 446/112/608 420/94/592
f 327/108/609 330/107/610 448/107/611 445/108/609
f 328/112/612 329/111/613 447/111/614 446/112/612
f 329/111/613 331/113/615 449/113/615 447/111/614
f 331/113/616 327/108/616 445/108/616 449/113/616
f 332/89/617 299/89/587 417/89/588 450/89/617
f 333/72/618 332/89/619 450/89/619 451/72/620
f 330/115/610 334/114/621 452/114/621 448/115/611
f 334/114/622 333/72/618 451/72/620 452/114/622
f 363/71/623 337/71/624 455/71/625 481/71/626
f 339/71/627 349/93/628 467/93/629 457/71/627
f 275/68/546 354/69/630 472/69/631 393/68/546
f 353/71/632 340/71/633 458/71/633 471/71/634
f 364/89/635 341/90/636 459/90/637 482/89/638
f 357/71/639 342/71/640 460/71/641 475/71/642
f 343/100/643 374/104/644 492/104/645 461/100/646
f 375/106/647 344/79/648 462/79/649 493/106/650
f 285/99/567 343/100/643 461/100/646 403/99/567
f 344/79/648 286/80/568 404/80/568 462/79/649
f 345/96/651 380/101/652 498/101/653 463/96/651
f 381/103/654 346/87/655 464/87/656 499/103/657
f 369/71/658 347/71/659 465/71/660 487/71/661
f 349/93/628 338/93/662 456/93/663 467/93/629
f 351/91/664 274/92/582 392/92/582 469/91/665
f 347/71/659 353/71/632 471/71/634 465/71/660
f 338/93/662 336/89/666 454/89/667 456/93/663
f 341/90/636 356/89/668 474/89/669 459/90/637
f 335/71/670 357/71/639 475/71/642 453/71/671
f 359/94/672 351/91/664 469/91/665 477/94/673
f 354/69/630 360/74/674 478/74/675 472/69/631
f 360/74/674 362/109/676 480/109/677 478/74/675
f 342/71/640 363/71/623 481/71/626 460/71/641
f 336/89/666 364/89/635 482/89/638 454/89/667
f 337/71/624 369/71/658 487/71/661 455/71/625
f 371/97/678 339/98/679 457/98/679 489/97/680
f 340/83/681 372/84/682 490/84/683 458/83/681
f 374/104/644 377/95/684 495/95/685 492/104/645
f 378/88/686 375/106/647 493/106/650 496/88/687
f 377/95/684 345/96/688 463/96/688 495/95/685
f 346/87/655 378/88/686 496/88/687 464/87/656
f 380/101/652 371/97/678 489/97/680 498/101/653
f 372/84/682 381/103/654 499/103/657 490/84/683
f 362/109/676 335/110/670 453/110/671 480/109/677
f 384/112/689 359/94/672 477/94/673 502/112/689
f 386/107/690 383/108/691 501/108/691 504/107/692
f 385/111/693 384/112/694 502/112/694 503/111/695
f 387/113/696 385/111/693 503/111/695 505/113/696
f 383/108/697 387/113/697 505/113/697 501/108/697
f 356/89/668 388/89/698 506/89/698 474/89/669
f 388/89/699 389/72/700 507/72/701 506/89/699
f 390/114/702 386/115/690 504/115/692 508/114/702
f 389/72/700 390/114/703 508/114/703 507/72/701
o Cylinder.001
v 4.838808 3.864830 -13.826883
v 4.838808 3.864830 -11.488110
v 5.066944 3.842360 -13.826883
v 5.066944 3.842360 -11.488110
v 5.286312 3.775815 -13.826883
v 5.286312 3.775815 -11.488110
v 5.488484 3.667753 -13.826883
v 5.488484 3.667753 -11.488110
v 5.665689 3.522325 -13.826883
v 5.665689 3.522324 -11.488110
v 5.811117 3.345120 -13.826883
v 5.811117 3.345119 -11.488110
v 5.919180 3.142948 -13.826883
v 5.919180 3.142948 -11.488110
v 5.985725 2.923579 -13.826883
v 5.985725 2.923579 -11.488110
v 6.008194 2.695443 -13.826883
v 6.008194 2.695443 -11.488110
v 5.985725 2.467307 -13.826883
v 5.985725 2.467307 -11.488110
v 5.919180 2.247938 -13.826883
v 5.919180 2.247938 -11.488110
v 5.811117 2.045767 -13.826883
v 5.811117 2.045766 -11.488110
v 5.665689 1.868562 -13.826883
v 5.665689 1.868561 -11.488110
v 5.488484 1.723133 -13.826883
v 5.488484 1.723133 -11.488110
v 5.286312 1.615070 -13.826883
v 5.286312 1.615070 -11.488110
v 5.066944 1.548526 -13.826883
v 5.066944 1.548525 -11.488110
v 4.838808 1.526056 -13.826883
v 4.838808 1.526056 -11.488110
v 4.610672 1.548526 -13.826883
v 4.610672 1.548525 -11.488110
v 4.391303 1.615070 -13.826883
v 4.391303 1.615070 -11.488110
v 4.189131 1.723133 -13.826883
v 4.189131 1.723133 -11.488110
v 4.011926 1.868562 -13.826883
v 4.011926 1.868561 -11.488110
v 3.866498 2.045767 -13.826883
v 3.866498 2.045766 -11.488110
v 3.758435 2.247938 -13.826883
v 3.758435 2.247938 -11.488110
v 3.691890 2.467307 -13.826883
v 3.691890 2.467307 -11.488110
v 3.669421 2.695443 -13.826883
v 3.669421 2.695443 -11.488110
v 3.691890 2.923579 -13.826883
v 3.691890 2.923579 -11.488110
v 3.758435 3.142948 -13.826883
v 3.758435 3.142948 -11.488110
v 3.866498 3.345120 -13.826883
v 3.866498 3.345119 -11.488110
v 4.011926 3.522325 -13.826883
v 4.011926 3.522324 -11.488110
v 4.189131 3.667753 -13.826883
v 4.189131 3.667753 -11.488110
v 4.391303 3.775815 -13.826883
v 4.391303 3.775815 -11.488110
v 4.610672 3.842360 -13.826883
v 4.610672 3.842360 -11.488110
v 4.987768 3.444316 -8.289672
v 4.838808 3.458987 -8.289672
v 5.131003 3.400866 -8.289672
v 5.263010 3.330307 -8.289672
v 5.378715 3.235350 -8.289672
v 5.473671 3.119646 -8.289672
v 5.544230 2.987639 -8.289672
v 5.587680 2.844403 -8.289672
v 5.602352 2.695443 -8.289672
v 5.587680 2.546483 -8.289672
v 5.544230 2.403247 -8.289672
v 5.473671 2.271240 -8.289672
v 5.378715 2.155536 -8.289672
v 5.263010 2.060579 -8.289672
v 5.131003 1.990020 -8.289672
v 4.987768 1.946570 -8.289672
v 4.838808 1.931898 -8.289672
v 4.689847 1.946570 -8.289672
v 4.546612 1.990020 -8.289672
v 4.414605 2.060579 -8.289672
v 4.298900 2.155536 -8.289672
v 4.203944 2.271240 -8.289672
v 4.133385 2.403247 -8.289672
v 4.089934 2.546483 -8.289672
v 4.075264 2.695443 -8.289672
v 4.089934 2.844403 -8.289672
v 4.133385 2.987639 -8.289672
v 4.203944 3.119646 -8.289672
v 4.298900 3.235350 -8.289672
v 4.414605 3.330307 -8.289672
v 4.546612 3.400866 -8.289672
v 4.689847 3.444316 -8.289672
v 4.987768 3.374896 -3.704610
v 4.838808 3.388207 -3.710779
v 5.378715 3.185302 -3.616743
v 5.473671 3.080323 -3.568091
v 5.602352 2.695443 -3.389721
v 5.263010 2.119431 -3.122772
v 5.131003 2.055413 -3.093102
v 4.987768 2.015991 -3.074832
v 4.546612 2.055413 -3.093102
v 4.414605 2.119431 -3.122772
v 4.203944 2.310565 -3.211351
v 4.133385 2.430334 -3.266857
v 4.089934 2.560292 -3.327086
v 4.075264 2.695443 -3.389721
v 4.546612 3.335474 -3.686340
v 4.689847 3.374896 -3.704610
v 4.838808 3.864830 -15.056540
v 5.066944 3.842360 -15.056540
v 5.286312 3.775815 -15.056540
v 5.488484 3.667753 -15.056540
v 5.665689 3.522325 -15.056540
v 5.811117 3.345120 -15.056540
v 5.919180 3.142948 -15.056540
v 5.985725 2.923579 -15.056540
v 6.008194 2.695443 -15.056540
v 5.985725 2.467307 -15.056540
v 5.919180 2.247938 -15.056540
v 5.811117 2.045767 -15.056540
v 5.665689 1.868562 -15.056540
v 5.488484 1.723134 -15.056540
v 5.286312 1.615071 -15.056540
v 5.066944 1.548526 -15.056540
v 4.838808 1.526056 -15.056540
v 4.610672 1.548526 -15.056540
v 4.391303 1.615071 -15.056540
v 4.189131 1.723134 -15.056540
v 4.011926 1.868562 -15.056540
v 3.866498 2.045767 -15.056540
v 3.758435 2.247938 -15.056540
v 3.691890 2.467307 -15.056540
v 3.669421 2.695443 -15.056540
v 3.691890 2.923579 -15.056540
v 3.758435 3.142948 -15.056540
v 3.866498 3.345120 -15.056540
v 4.011926 3.522325 -15.056540
v 4.189131 3.667753 -15.056540
v 4.391303 3.775815 -15.056540
v 4.610672 3.842360 -15.056540
v 4.838808 3.554152 -15.995721
v 5.006333 3.537652 -15.995721
v 5.446006 3.302642 -15.995721
v 5.681017 2.862969 -15.995721
v 5.632151 2.366829 -15.995721
v 5.315881 1.981453 -15.995721
v 4.361734 1.981453 -15.995721
v 4.045464 2.366829 -15.995721
v 3.980099 2.695443 -15.995721
v 4.045464 3.024057 -15.995721
v 4.124817 3.172516 -15.995721
v 5.317027 3.745109 -15.094820
v 5.445889 3.676231 -15.094820
v 5.287355 3.438970 -15.957439
v 5.207828 3.481478 -15.957439
v 4.231727 3.676231 -15.094820
v 4.360589 3.745109 -15.094820
v 4.469788 3.481478 -15.957439
v 4.390259 3.438970 -15.957439
v 4.798680 1.542672 -15.094820
v 4.653269 1.556993 -15.094820
v 4.708939 1.836862 -15.957439
v 4.798680 1.828023 -15.957439
v 5.512617 3.631644 -15.094820
v 5.625566 3.538949 -15.094820
v 5.423792 3.337176 -15.957439
v 5.354084 3.394383 -15.957439
v 4.434733 3.775821 -15.094820
v 4.574557 3.818236 -15.094820
v 4.630227 3.538368 -15.957439
v 4.543933 3.512190 -15.957439
v 4.574557 1.572650 -15.094820
v 4.434733 1.615065 -15.094820
v 4.543933 1.878696 -15.957439
v 4.630227 1.852519 -15.957439
v 5.682314 3.482202 -15.094820
v 5.775009 3.369253 -15.094820
v 5.537747 3.210720 -15.957439
v 5.480540 3.280428 -15.957439
v 4.653269 3.833893 -15.094820
v 4.798680 3.848215 -15.094820
v 4.798680 3.562863 -15.957439
v 4.708939 3.554024 -15.957439
v 4.360589 1.645777 -15.094820
v 4.231727 1.714655 -15.094820
v 4.390259 1.951917 -15.957439
v 4.469788 1.909408 -15.957439
v 5.819595 3.302525 -15.094820
v 5.888474 3.173662 -15.094820
v 5.624843 3.064463 -15.957439
v 5.582334 3.143991 -15.957439
v 4.164998 1.759242 -15.094820
v 4.052049 1.851936 -15.094820
v 4.253823 2.053711 -15.957439
v 4.323531 1.996503 -15.957439
v 5.919186 3.099517 -15.094820
v 5.961601 2.959694 -15.094820
v 5.681732 2.904024 -15.957439
v 5.655555 2.990318 -15.957439
v 3.995301 1.908685 -15.094820
v 3.902606 2.021633 -15.094820
v 4.139868 2.180166 -15.957439
v 4.197075 2.110459 -15.957439
v 5.977257 2.880982 -15.094820
v 5.991579 2.735570 -15.094820
v 5.706227 2.735570 -15.957439
v 5.697389 2.825313 -15.957439
v 3.858020 2.088362 -15.094820
v 3.789141 2.217224 -15.094820
v 4.052772 2.326423 -15.957439
v 4.095281 2.246895 -15.957439
v 5.991579 2.655316 -15.094820
v 5.977257 2.509904 -15.094820
v 5.697389 2.565574 -15.957439
v 5.706227 2.655316 -15.957439
v 3.758430 2.291369 -15.094820
v 3.716015 2.431193 -15.094820
v 3.995883 2.486862 -15.957439
v 4.022060 2.400568 -15.957439
v 5.961601 2.431193 -15.094820
v 5.919186 2.291369 -15.094820
v 5.655555 2.400568 -15.957439
v 5.681732 2.486862 -15.957439
v 3.700358 2.509904 -15.094820
v 3.686036 2.655316 -15.094820
v 3.971388 2.655316 -15.957439
v 3.980227 2.565574 -15.957439
v 5.888474 2.217224 -15.094820
v 5.819595 2.088362 -15.094820
v 5.582334 2.246895 -15.957439
v 5.624843 2.326423 -15.957439
v 3.686036 2.735570 -15.094820
v 3.700358 2.880982 -15.094820
v 3.980227 2.825312 -15.957439
v 3.971388 2.735570 -15.957439
v 5.775009 2.021633 -15.094820
v 5.682314 1.908685 -15.094820
v 5.480540 2.110459 -15.957439
v 5.537747 2.180166 -15.957439
v 3.716015 2.959694 -15.094820
v 3.758430 3.099517 -15.094820
v 4.022060 2.990318 -15.957439
v 3.995883 2.904024 -15.957439
v 5.625566 1.851936 -15.094820
v 5.512617 1.759242 -15.094820
v 5.354084 1.996503 -15.957439
v 5.423792 2.053711 -15.957439
v 3.789141 3.173662 -15.094820
v 3.858020 3.302525 -15.094820
v 4.095281 3.143991 -15.957439
v 4.052772 3.064463 -15.957439
v 5.445889 1.714655 -15.094820
v 5.317027 1.645777 -15.094820
v 5.207828 1.909408 -15.957439
v 5.287355 1.951917 -15.957439
v 4.878934 3.848215 -15.094820
v 5.024346 3.833893 -15.094820
v 4.968677 3.554024 -15.957439
v 4.878934 3.562863 -15.957439
v 3.902606 3.369253 -15.094820
v 3.995301 3.482202 -15.094820
v 4.197075 3.280428 -15.957439
v 4.139868 3.210720 -15.957439
v 5.242881 1.615065 -15.094820
v 5.103058 1.572650 -15.094820
v 5.047389 1.852519 -15.957439
v 5.133682 1.878696 -15.957439
v 5.103058 3.818236 -15.094820
v 5.242881 3.775821 -15.094820
v 5.133682 3.512190 -15.957439
v 5.047389 3.538368 -15.957439
v 4.052049 3.538949 -15.094820
v 4.164998 3.631644 -15.094820
v 4.323531 3.394383 -15.957439
v 4.253823 3.337176 -15.957439
v 5.024346 1.556993 -15.094820
v 4.878934 1.542672 -15.094820
v 4.878934 1.828023 -15.957439
v 4.968677 1.836862 -15.957439
v 5.328243 3.766094 -15.102654
v 5.457105 3.697216 -15.102654
v 5.219044 3.502464 -15.965273
v 5.298573 3.459955 -15.965273
v 4.220510 3.697216 -15.102654
v 4.349371 3.766094 -15.102654
v 4.379042 3.459955 -15.965273
v 4.458571 3.502464 -15.965273
v 4.796348 1.518991 -15.102654
v 4.650936 1.533313 -15.102654
v 4.796348 1.804343 -15.965273
v 4.706606 1.813182 -15.965273
v 5.527713 3.650038 -15.102654
v 5.640662 3.557344 -15.102654
v 5.369180 3.412777 -15.965273
v 5.438888 3.355570 -15.965273
v 4.427826 3.798592 -15.102654
v 4.567650 3.841007 -15.102654
v 4.537025 3.534961 -15.965273
v 4.623320 3.561138 -15.965273
v 4.567650 1.549880 -15.102654
v 4.427826 1.592295 -15.102654
v 4.623319 1.829748 -15.965273
v 4.537025 1.855925 -15.965273
v 5.700707 3.497297 -15.102654
v 5.793403 3.384349 -15.102654
v 5.498934 3.295523 -15.965273
v 5.556141 3.225816 -15.965273
v 4.650936 3.857573 -15.102654
v 4.796348 3.871895 -15.102654
v 4.706606 3.577705 -15.965273
v 4.796348 3.586544 -15.965273
v 4.349371 1.624792 -15.102654
v 4.220510 1.693670 -15.102654
v 4.458571 1.888422 -15.965273
v 4.379042 1.930931 -15.965273
v 5.840581 3.313741 -15.102654
v 5.909460 3.184879 -15.102654
v 5.603320 3.155209 -15.965273
v 5.645828 3.075680 -15.965273
v 4.149902 1.740848 -15.102654
v 4.036953 1.833543 -15.102654
v 4.308435 1.978109 -15.965273
v 4.238728 2.035317 -15.965273
v 5.941956 3.106425 -15.102654
v 5.984371 2.966601 -15.102654
v 5.678325 2.997225 -15.965273
v 5.704503 2.910932 -15.965273
v 3.976907 1.893589 -15.102654
v 3.884212 2.006538 -15.102654
v 4.178681 2.095363 -15.965273
v 4.121474 2.165071 -15.965273
v 6.000937 2.883314 -15.102654
v 6.015259 2.737902 -15.102654
v 5.721069 2.827645 -15.965273
v 5.729908 2.737902 -15.965273
v 3.837034 2.077145 -15.102654
v 3.768156 2.206007 -15.102654
v 4.074296 2.235678 -15.965273
v 4.031786 2.315206 -15.965273
v 6.015259 2.652984 -15.102654
v 6.000937 2.507572 -15.102654
v 5.729908 2.652984 -15.965273
v 5.721069 2.563242 -15.965273
v 3.735659 2.284461 -15.102654
v 3.693244 2.424285 -15.102654
v 3.999290 2.393661 -15.965273
v 3.973113 2.479954 -15.965273
v 5.984371 2.424285 -15.102654
v 5.941956 2.284461 -15.102654
v 5.704503 2.479955 -15.965273
v 5.678325 2.393661 -15.965273
v 3.676677 2.507572 -15.102654
v 3.662355 2.652984 -15.102654
v 3.956546 2.563241 -15.965273
v 3.947707 2.652984 -15.965273
v 5.909460 2.206007 -15.102654
v 5.840581 2.077145 -15.102654
v 5.645828 2.315206 -15.965273
v 5.603320 2.235678 -15.965273
v 3.662355 2.737902 -15.102654
v 3.676677 2.883314 -15.102654
v 3.947707 2.737902 -15.965273
v 3.956546 2.827645 -15.965273
v 5.793403 2.006538 -15.102654
v 5.700707 1.893589 -15.102654
v 5.556141 2.165071 -15.965273
v 5.498934 2.095363 -15.965273
v 3.693244 2.966601 -15.102654
v 3.735659 3.106425 -15.102654
v 3.973113 2.910932 -15.965273
v 3.999290 2.997225 -15.965273
v 5.640662 1.833542 -15.102654
v 5.527713 1.740848 -15.102654
v 5.438888 2.035316 -15.965273
v 5.369180 1.978109 -15.965273
v 3.768156 3.184879 -15.102654
v 3.837034 3.313741 -15.102654
v 4.031786 3.075680 -15.965273
v 4.074296 3.155209 -15.965273
v 5.457105 1.693670 -15.102654
v 5.328243 1.624792 -15.102654
v 5.298573 1.930931 -15.965273
v 5.219044 1.888422 -15.965273
v 4.881267 3.871895 -15.102654
v 5.026679 3.857573 -15.102654
v 4.881267 3.586544 -15.965273
v 4.971009 3.577705 -15.965273
v 3.884212 3.384349 -15.102654
v 3.976907 3.497297 -15.102654
v 4.121474 3.225816 -15.965273
v 4.178681 3.295523 -15.965273
v 5.249789 1.592295 -15.102654
v 5.109966 1.549880 -15.102654
v 5.140590 1.855925 -15.965273
v 5.054296 1.829748 -15.965273
v 5.109966 3.841007 -15.102654
v 5.249789 3.798592 -15.102654
v 5.054296 3.561138 -15.965273
v 5.140590 3.534961 -15.965273
v 4.036953 3.557344 -15.102654
v 4.149902 3.650038 -15.102654
v 4.238728 3.355570 -15.965273
v 4.308435 3.412777 -15.965273
v 5.026679 1.533313 -15.102654
v 4.881267 1.518991 -15.102654
v 4.971009 1.813182 -15.965273
v 4.881267 1.804343 -15.965273
v 4.889445 3.859843 -13.776000
v 4.889445 3.859842 -11.538992
v 5.016306 3.847348 -13.776000
v 5.237620 3.790586 -11.538992
v 5.331187 3.751829 -13.776000
v 5.331187 3.751829 -11.538992
v 5.626356 3.554604 -11.538992
v 5.835103 3.300245 -13.776000
v 5.835103 3.300245 -11.538992
v 5.933950 3.094256 -13.776000
v 5.933950 3.094256 -11.538992
v 5.970954 2.972270 -11.538992
v 5.970954 2.972271 -13.776000
v 5.990712 2.872941 -11.538992
v 6.003207 2.746081 -13.776000
v 6.003207 2.644805 -11.538992
v 5.990712 2.517945 -11.538992
v 5.990712 2.517945 -13.776000
v 5.970954 2.418615 -13.776000
v 5.933950 2.296630 -13.776000
v 5.895194 2.203063 -13.776000
v 5.895194 2.203063 -11.538992
v 5.778837 2.006434 -13.776000
v 5.778837 2.006433 -11.538992
v 5.697968 1.907894 -13.776000
v 5.527817 1.755413 -13.776000
v 5.443609 1.699148 -13.776000
v 5.331187 1.639056 -11.538992
v 5.331187 1.639056 -13.776000
v 5.237620 1.600300 -11.538992
v 5.115635 1.563296 -11.538992
v 5.115635 1.563296 -13.776000
v 5.016306 1.543538 -13.776000
v 5.016306 1.543538 -11.538992
v 4.889445 1.531043 -11.538992
v 4.788170 1.531044 -13.776000
v 4.788170 1.531043 -11.538992
v 4.661309 1.543538 -11.538992
v 4.561980 1.563296 -13.776000
v 4.561980 1.563296 -11.538992
v 4.439994 1.600300 -13.776000
v 4.346428 1.639056 -13.776000
v 4.346428 1.639056 -11.538992
v 4.149798 1.755413 -13.776000
v 4.149798 1.755413 -11.538992
v 3.842512 2.090641 -13.776000
v 3.842512 2.090641 -11.538992
v 3.782421 2.203063 -11.538992
v 3.782421 2.203063 -13.776000
v 3.706661 2.418615 -13.776000
v 3.686903 2.517945 -13.776000
v 3.674408 2.746081 -13.776000
v 3.686903 2.872941 -13.776000
v 3.706661 2.972270 -11.538992
v 3.743664 3.094256 -13.776000
v 3.782421 3.187823 -13.776000
v 3.782421 3.187823 -11.538992
v 3.842512 3.300245 -11.538992
v 3.842512 3.300245 -13.776000
v 3.898777 3.384453 -13.776000
v 3.898777 3.384452 -11.538992
v 3.979646 3.482991 -11.538992
v 3.979646 3.482992 -13.776000
v 4.051259 3.554604 -13.776000
v 4.234005 3.691738 -11.538992
v 4.439994 3.790586 -11.538992
v 4.788170 3.859843 -13.776000
v 6.003207 2.644805 -13.877766
v 4.439994 1.600300 -13.877766
v 4.561980 1.563296 -15.005657
v 3.782421 3.187823 -13.877766
v 3.842512 3.300245 -13.877766
v 3.842512 3.300245 -15.005657
v 3.782421 3.187823 -15.005657
v 5.697968 3.482992 -13.877766
v 5.778837 3.384453 -15.005657
v 5.697968 3.482992 -15.005657
v 5.443609 1.699148 -13.877766
v 5.331187 1.639056 -13.877766
v 5.331187 1.639056 -15.005657
v 3.743664 2.296630 -13.877766
v 3.743664 2.296630 -15.005657
v 4.661309 3.847348 -13.877766
v 4.788170 3.859843 -13.877766
v 5.970954 2.418615 -13.877766
v 5.933950 2.296630 -15.005657
v 4.234005 1.699148 -13.877766
v 4.234005 1.699148 -15.005657
v 4.346428 1.639056 -15.005657
v 3.979646 3.482992 -15.005657
v 3.898777 3.384453 -15.005657
v 5.895194 3.187823 -13.877766
v 5.835103 3.300245 -15.005657
v 5.237620 1.600300 -13.877766
v 3.686903 2.517945 -13.877766
v 3.674408 2.644805 -13.877766
v 3.674408 2.644805 -15.005657
v 3.686903 2.517945 -15.005657
v 5.115635 3.827590 -13.877766
v 5.895194 2.203063 -13.877766
v 5.895194 2.203063 -15.005657
v 4.051259 1.836282 -13.877766
v 4.051259 1.836282 -15.005657
v 4.051259 3.554604 -13.877766
v 5.933950 3.094256 -13.877766
v 5.970954 2.972271 -13.877766
v 5.970954 2.972271 -15.005657
v 5.933950 3.094256 -15.005657
v 5.016306 1.543538 -13.877766
v 4.889445 1.531044 -13.877766
v 5.016306 1.543538 -15.005657
v 3.674408 2.746081 -13.877766
v 3.686903 2.872941 -13.877766
v 3.686903 2.872941 -15.005657
v 3.674408 2.746081 -15.005657
v 5.331187 3.751829 -13.877766
v 3.979646 1.907894 -13.877766
v 3.898777 2.006434 -13.877766
v 3.898777 2.006434 -15.005657
v 3.979646 1.907895 -15.005657
v 4.234005 3.691739 -13.877766
v 4.346428 3.751829 -13.877766
v 4.346428 3.751829 -15.005657
v 4.234005 3.691739 -15.005657
v 6.003207 2.746081 -15.005657
v 5.990712 2.872941 -15.005657
v 4.661309 1.543538 -13.877766
v 4.661309 1.543538 -15.005657
v 3.706661 2.972271 -13.877766
v 3.743664 3.094256 -13.877766
v 3.743664 3.094256 -15.005657
v 5.527817 3.635473 -13.877766
v 5.626356 3.554604 -15.005657
v 5.527817 3.635473 -15.005657
v 5.626356 1.836282 -13.877766
v 5.527817 1.755413 -13.877766
v 5.626356 1.836282 -15.005657
v 3.782421 2.203063 -15.005657
v 4.439994 3.790586 -13.877766
v 4.439994 3.790586 -15.005657
v 5.016306 3.847348 -11.538992
v 5.115635 3.827590 -11.538992
v 5.115635 3.827590 -13.776000
v 5.237620 3.790586 -13.776000
v 5.443609 3.691739 -13.776000
v 5.443609 3.691738 -11.538992
v 5.527817 3.635473 -11.538992
v 5.527817 3.635473 -13.776000
v 5.626356 3.554604 -13.776000
v 5.697968 3.482991 -11.538992
v 5.697968 3.482992 -13.776000
v 5.778837 3.384453 -13.776000
v 5.778837 3.384452 -11.538992
v 5.895194 3.187823 -13.776000
v 5.895194 3.187823 -11.538992
v 5.990712 2.872941 -13.776000
v 6.003207 2.746081 -11.538992
v 6.003207 2.644805 -13.776000
v 5.970954 2.418615 -11.538992
v 5.933950 2.296629 -11.538992
v 5.835103 2.090641 -13.776000
v 5.835103 2.090641 -11.538992
v 5.697968 1.907894 -11.538992
v 5.626356 1.836282 -11.538992
v 5.626356 1.836282 -13.776000
v 5.527817 1.755413 -11.538992
v 5.443609 1.699147 -11.538992
v 5.237620 1.600300 -13.776000
v 4.889445 1.531044 -13.776000
v 4.661309 1.543538 -13.776000
v 4.439994 1.600300 -11.538992
v 4.234005 1.699148 -13.776000
v 4.234005 1.699147 -11.538992
v 4.051259 1.836282 -13.776000
v 4.051259 1.836282 -11.538992
v 3.979646 1.907894 -11.538992
v 3.979646 1.907894 -13.776000
v 3.898777 2.006434 -13.776000
v 3.898777 2.006433 -11.538992
v 3.743664 2.296629 -11.538992
v 3.743664 2.296630 -13.776000
v 3.706661 2.418615 -11.538992
v 3.686903 2.517945 -11.538992
v 3.674408 2.644805 -13.776000
v 3.674408 2.644805 -11.538992
v 3.674408 2.746081 -11.538992
v 3.686903 2.872941 -11.538992
v 3.706661 2.972271 -13.776000
v 3.743664 3.094256 -11.538992
v 4.051259 3.554604 -11.538992
v 4.149798 3.635473 -13.776000
v 4.149798 3.635473 -11.538992
v 4.234005 3.691739 -13.776000
v 4.346428 3.751829 -13.776000
v 4.346428 3.751829 -11.538992
v 4.439994 3.790586 -13.776000
v 4.561980 3.827590 -13.776000
v 4.561980 3.827590 -11.538992
v 4.661309 3.847348 -11.538992
v 4.661309 3.847348 -13.776000
v 4.788170 3.859842 -11.538992
v 5.990712 2.517945 -13.877766
v 6.003207 2.644805 -15.005657
v 5.990712 2.517945 -15.005657
v 4.561980 1.563296 -13.877766
v 4.439994 1.600300 -15.005657
v 5.778837 3.384453 -13.877766
v 5.443609 1.699148 -15.005657
v 3.706661 2.418615 -13.877766
v 3.706661 2.418615 -15.005657
v 4.889445 3.859843 -13.877766
v 5.016306 3.847348 -13.877766
v 4.889445 3.859843 -15.005657
v 5.016306 3.847348 -15.005657
v 4.661309 3.847348 -15.005657
v 4.788170 3.859843 -15.005657
v 5.933950 2.296630 -13.877766
v 5.970954 2.418615 -15.005657
v 4.346428 1.639056 -13.877766
v 3.898777 3.384453 -13.877766
v 3.979646 3.482992 -13.877766
v 5.835103 3.300245 -13.877766
v 5.895194 3.187823 -15.005657
v 5.115635 1.563296 -13.877766
v 5.237620 1.600300 -15.005657
v 5.115635 1.563296 -15.005657
v 5.237620 3.790586 -13.877766
v 5.115635 3.827590 -15.005657
v 5.237620 3.790586 -15.005657
v 5.835103 2.090641 -13.877766
v 5.835103 2.090641 -15.005657
v 4.149798 1.755413 -13.877766
v 4.149798 1.755413 -15.005657
v 4.149798 3.635473 -13.877766
v 4.051259 3.554604 -15.005657
v 4.149798 3.635473 -15.005657
v 4.889445 1.531044 -15.005657
v 5.443609 3.691739 -13.877766
v 5.331187 3.751829 -15.005657
v 5.443609 3.691739 -15.005657
v 5.778837 2.006434 -13.877766
v 5.697968 1.907894 -13.877766
v 5.778837 2.006434 -15.005657
v 5.697968 1.907894 -15.005657
v 5.990712 2.872941 -13.877766
v 6.003207 2.746081 -13.877766
v 4.788170 1.531044 -13.877766
v 4.788170 1.531044 -15.005657
v 3.706661 2.972271 -15.005657
v 5.626356 3.554604 -13.877766
v 5.527817 1.755413 -15.005657
v 3.842512 2.090641 -13.877766
v 3.782421 2.203063 -13.877766
v 3.842512 2.090641 -15.005657
v 4.561980 3.827590 -13.877766
v 4.561980 3.827590 -15.005657
v 4.885231 3.817054 -13.776000
v 4.885231 3.817054 -11.538992
v 5.012092 3.804559 -11.538992
v 5.012092 3.804559 -13.776000
v 5.103155 3.786446 -13.776000
v 5.103155 3.786445 -11.538992
v 5.225140 3.749442 -11.538992
v 5.225140 3.749442 -13.776000
v 5.310919 3.713911 -13.776000
v 5.310919 3.713911 -11.538992
v 5.423341 3.653820 -11.538992
v 5.423341 3.653820 -13.776000
v 5.500541 3.602237 -13.776000
v 5.500541 3.602237 -11.538992
v 5.599080 3.521368 -11.538992
v 5.599080 3.521368 -13.776000
v 5.664732 3.455716 -13.776000
v 5.664732 3.455716 -11.538992
v 5.745601 3.357176 -11.538992
v 5.745601 3.357177 -13.776000
v 5.797184 3.279977 -13.776000
v 5.797184 3.279977 -11.538992
v 5.857276 3.167555 -11.538992
v 5.857276 3.167555 -13.776000
v 5.892807 3.081776 -13.776000
v 5.892807 3.081775 -11.538992
v 5.929811 2.959790 -11.538992
v 5.929811 2.959790 -13.776000
v 5.947924 2.868727 -13.776000
v 5.947924 2.868727 -11.538992
v 5.960419 2.741866 -11.538992
v 5.960419 2.741866 -13.776000
v 5.960419 2.649020 -13.776000
v 5.960419 2.649019 -11.538992
v 5.947924 2.522159 -11.538992
v 5.947924 2.522159 -13.776000
v 5.929811 2.431096 -13.776000
v 5.929811 2.431096 -11.538992
v 5.892807 2.309110 -11.538992
v 5.892807 2.309111 -13.776000
v 5.857276 2.223331 -13.776000
v 5.857276 2.223331 -11.538992
v 5.797184 2.110909 -11.538992
v 5.797184 2.110909 -13.776000
v 5.745601 2.033710 -13.776000
v 5.745601 2.033710 -11.538992
v 5.664732 1.935170 -11.538992
v 5.664732 1.935170 -13.776000
v 5.599080 1.869518 -13.776000
v 5.599080 1.869518 -11.538992
v 5.500541 1.788649 -11.538992
v 5.500541 1.788649 -13.776000
v 5.423341 1.737066 -13.776000
v 5.423341 1.737066 -11.538992
v 5.310919 1.676975 -11.538992
v 5.310919 1.676975 -13.776000
v 5.225140 1.641444 -13.776000
v 5.225140 1.641444 -11.538992
v 5.103155 1.604440 -11.538992
v 5.103155 1.604440 -13.776000
v 5.012092 1.586327 -13.776000
v 5.012092 1.586326 -11.538992
v 4.885231 1.573832 -11.538992
v 4.885231 1.573832 -13.776000
v 4.792385 1.573832 -13.776000
v 4.792385 1.573832 -11.538992
v 4.665524 1.586326 -11.538992
v 4.665524 1.586327 -13.776000
v 4.574461 1.604440 -13.776000
v 4.574461 1.604440 -11.538992
v 4.452475 1.641444 -11.538992
v 4.452475 1.641444 -13.776000
v 4.366696 1.676975 -13.776000
v 4.366696 1.676975 -11.538992
v 4.254273 1.737066 -11.538992
v 4.254273 1.737066 -13.776000
v 4.177074 1.788649 -13.776000
v 4.177074 1.788649 -11.538992
v 4.078535 1.869518 -11.538992
v 4.078535 1.869518 -13.776000
v 4.012882 1.935171 -13.776000
v 4.012882 1.935170 -11.538992
v 3.932014 2.033710 -11.538992
v 3.932014 2.033710 -13.776000
v 3.880431 2.110909 -13.776000
v 3.880431 2.110909 -11.538992
v 3.820339 2.223331 -11.538992
v 3.820339 2.223331 -13.776000
v 3.784809 2.309111 -13.776000
v 3.784809 2.309110 -11.538992
v 3.747805 2.431096 -11.538992
v 3.747805 2.431096 -13.776000
v 3.729691 2.522159 -13.776000
v 3.729691 2.522159 -11.538992
v 3.717196 2.649019 -11.538992
v 3.717196 2.649020 -13.776000
v 3.717196 2.741866 -13.776000
v 3.717196 2.741866 -11.538992
v 3.729691 2.868727 -11.538992
v 3.729691 2.868727 -13.776000
v 3.747805 2.959790 -13.776000
v 3.747805 2.959790 -11.538992
v 3.784809 3.081775 -11.538992
v 3.784809 3.081776 -13.776000
v 3.820339 3.167555 -13.776000
v 3.820339 3.167555 -11.538992
v 3.880431 3.279977 -11.538992
v 3.880431 3.279977 -13.776000
v 3.932014 3.357177 -13.776000
v 3.932014 3.357176 -11.538992
v 4.012882 3.455716 -11.538992
v 4.012882 3.455716 -13.776000
v 4.078535 3.521368 -13.776000
v 4.078535 3.521368 -11.538992
v 4.177074 3.602237 -11.538992
v 4.177074 3.602237 -13.776000
v 4.254273 3.653820 -13.776000
v 4.254273 3.653820 -11.538992
v 4.366696 3.713911 -11.538992
v 4.366696 3.713911 -13.776000
v 4.452475 3.749442 -13.776000
v 4.452475 3.749442 -11.538992
v 4.574461 3.786445 -11.538992
v 4.574461 3.786446 -13.776000
v 4.665524 3.804559 -13.776000
v 4.665524 3.804559 -11.538992
v 4.792385 3.817054 -11.538992
v 4.792385 3.817054 -13.776000
v 5.960419 2.649020 -13.877766
v 5.947924 2.522159 -13.877766
v 5.947924 2.522159 -15.005657
v 5.960419 2.649020 -15.005657
v 4.574461 1.604440 -13.877766
v 4.452475 1.641444 -13.877766
v 4.452475 1.641444 -15.005657
v 4.574461 1.604440 -15.005657
v 3.820339 3.167555 -13.877766
v 3.880431 3.279977 -13.877766
v 3.880431 3.279977 -15.005657
v 3.820339 3.167555 -15.005657
v 5.664732 3.455716 -13.877766
v 5.745601 3.357177 -13.877766
v 5.745601 3.357177 -15.005657
v 5.664732 3.455716 -15.005657
v 5.423341 1.737066 -13.877766
v 5.310919 1.676975 -13.877766
v 5.310919 1.676975 -15.005657
v 5.423341 1.737066 -15.005657
v 3.784809 2.309111 -13.877766
v 3.747805 2.431096 -13.877766
v 3.747805 2.431096 -15.005657
v 3.784809 2.309111 -15.005657
v 4.885231 3.817054 -13.877766
v 5.012092 3.804559 -13.877766
v 5.012092 3.804559 -15.005657
v 4.885231 3.817054 -15.005657
v 4.665524 3.804559 -13.877766
v 4.792385 3.817054 -13.877766
v 4.792385 3.817054 -15.005657
v 4.665524 3.804559 -15.005657
v 5.929811 2.431096 -13.877766
v 5.892807 2.309111 -13.877766
v 5.892807 2.309111 -15.005657
v 5.929811 2.431096 -15.005657
v 4.366696 1.676975 -13.877766
v 4.254273 1.737066 -13.877766
v 4.254273 1.737066 -15.005657
v 4.366696 1.676975 -15.005657
v 3.932014 3.357177 -13.877766
v 4.012882 3.455716 -13.877766
v 4.012882 3.455716 -15.005657
v 3.932014 3.357177 -15.005657
v 5.797184 3.279977 -13.877766
v 5.857276 3.167555 -13.877766
v 5.857276 3.167555 -15.005657
v 5.797184 3.279977 -15.005657
v 5.225140 1.641444 -13.877766
v 5.103155 1.604440 -13.877766
v 5.103155 1.604440 -15.005657
v 5.225140 1.641444 -15.005657
v 3.729691 2.522159 -13.877766
v 3.717196 2.649020 -13.877766
v 3.717196 2.649020 -15.005657
v 3.729691 2.522159 -15.005657
v 5.103155 3.786446 -13.877766
v 5.225140 3.749442 -13.877766
v 5.225140 3.749442 -15.005657
v 5.103155 3.786446 -15.005657
v 5.857276 2.223331 -13.877766
v 5.797184 2.110909 -13.877766
v 5.797184 2.110909 -15.005657
v 5.857276 2.223331 -15.005657
v 4.177074 1.788649 -13.877766
v 4.078535 1.869518 -13.877766
v 4.078535 1.869518 -15.005657
v 4.177074 1.788649 -15.005657
v 4.078535 3.521368 -13.877766
v 4.177074 3.602237 -13.877766
v 4.177074 3.602237 -15.005657
v 4.078535 3.521368 -15.005657
v 5.892807 3.081776 -13.877766
v 5.929811 2.959790 -13.877766
v 5.929811 2.959790 -15.005657
v 5.892807 3.081776 -15.005657
v 5.012092 1.586327 -13.877766
v 4.885231 1.573832 -13.877766
v 4.885231 1.573832 -15.005657
v 5.012092 1.586327 -15.005657
v 3.717196 2.741866 -13.877766
v 3.729691 2.868727 -13.877766
v 3.729691 2.868727 -15.005657
v 3.717196 2.741866 -15.005657
v 5.310919 3.713911 -13.877766
v 5.423341 3.653820 -13.877766
v 5.423341 3.653820 -15.005657
v 5.310919 3.713911 -15.005657
v 5.745601 2.033710 -13.877766
v 5.664732 1.935170 -13.877766
v 5.664732 1.935170 -15.005657
v 5.745601 2.033710 -15.005657
v 4.012882 1.935171 -13.877766
v 3.932014 2.033710 -13.877766
v 3.932014 2.033710 -15.005657
v 4.012882 1.935171 -15.005657
v 4.254273 3.653820 -13.877766
v 4.366696 3.713911 -13.877766
v 4.366696 3.713911 -15.005657
v 4.254273 3.653820 -15.005657
v 5.947924 2.868727 -13.877766
v 5.960419 2.741866 -13.877766
v 5.960419 2.741866 -15.005657
v 5.947924 2.868727 -15.005657
v 4.792385 1.573832 -13.877766
v 4.665524 1.586327 -13.877766
v 4.665524 1.586327 -15.005657
v 4.792385 1.573832 -15.005657
v 3.747805 2.959790 -13.877766
v 3.784809 3.081776 -13.877766
v 3.784809 3.081776 -15.005657
v 3.747805 2.959790 -15.005657
v 5.500541 3.602237 -13.877766
v 5.599080 3.521368 -13.877766
v 5.599080 3.521368 -15.005657
v 5.500541 3.602237 -15.005657
v 5.599080 1.869518 -13.877766
v 5.500541 1.788649 -13.877766
v 5.500541 1.788649 -15.005657
v 5.599080 1.869518 -15.005657
v 3.880431 2.110909 -13.877766
v 3.820339 2.223331 -13.877766
v 3.820339 2.223331 -15.005657
v 3.880431 2.110909 -15.005657
v 4.452475 3.749442 -13.877766
v 4.574461 3.786446 -13.877766
v 4.574461 3.786446 -15.005657
v 4.452475 3.749442 -15.005657
v 5.167421 3.488786 -15.995721
v 5.315881 3.409433 -15.995721
v 5.552798 3.172516 -15.995721
v 5.632151 3.024057 -15.995721
v 5.697516 2.695443 -15.995721
v 5.681017 2.527917 -15.995721
v 5.552798 2.218370 -15.995721
v 5.446006 2.088244 -15.995721
v 5.167421 1.902100 -15.995721
v 5.006333 1.853234 -15.995721
v 4.838808 1.836734 -15.995721
v 4.671282 1.853234 -15.995721
v 4.510194 1.902100 -15.995721
v 4.231609 2.088244 -15.995721
v 4.124817 2.218370 -15.995721
v 3.996599 2.527917 -15.995721
v 3.996599 2.862969 -15.995721
v 4.231609 3.302642 -15.995721
v 4.361734 3.409433 -15.995721
v 4.510194 3.488786 -15.995721
v 4.671282 3.537652 -15.995721
v 4.838808 3.516782 -15.995721
v 4.999043 3.501000 -15.995721
v 5.153121 3.454261 -15.995721
v 5.295119 3.378361 -15.995721
v 5.419582 3.276217 -15.995721
v 5.521726 3.151754 -15.995721
v 5.597625 3.009756 -15.995721
v 5.644365 2.855679 -15.995721
v 5.660147 2.695443 -15.995721
v 5.644365 2.535208 -15.995721
v 5.597625 2.381130 -15.995721
v 5.521726 2.239132 -15.995721
v 5.419582 2.114669 -15.995721
v 5.295119 2.012525 -15.995721
v 5.153121 1.936625 -15.995721
v 4.999043 1.889886 -15.995721
v 4.838808 1.874104 -15.995721
v 4.678573 1.889886 -15.995721
v 4.524495 1.936625 -15.995721
v 4.382496 2.012525 -15.995721
v 4.258033 2.114669 -15.995721
v 4.155890 2.239132 -15.995721
v 4.079989 2.381130 -15.995721
v 4.033251 2.535208 -15.995721
v 4.017469 2.695443 -15.995721
v 4.033251 2.855679 -15.995721
v 4.079989 3.009756 -15.995721
v 4.155890 3.151754 -15.995721
v 4.258033 3.276217 -15.995721
v 4.382496 3.378361 -15.995721
v 4.524495 3.454261 -15.995721
v 4.678573 3.501000 -15.995721
v 4.838805 3.516782 -13.204727
v 4.999040 3.501000 -13.204727
v 4.678570 3.501000 -13.204727
v 5.153118 3.454261 -13.204727
v 5.295116 3.378361 -13.204727
v 5.419580 3.276217 -13.204727
v 5.521723 3.151754 -13.204727
v 5.597623 3.009756 -13.204727
v 5.644362 2.855678 -13.204727
v 5.660144 2.695443 -13.204727
v 5.644362 2.535208 -13.204727
v 5.597623 2.381130 -13.204727
v 5.521723 2.239131 -13.204727
v 5.419580 2.114669 -13.204727
v 5.295116 2.012525 -13.204727
v 5.153118 1.936625 -13.204727
v 4.999040 1.889886 -13.204727
v 4.838805 1.874104 -13.204727
v 4.678570 1.889886 -13.204727
v 4.524492 1.936625 -13.204727
v 4.382493 2.012525 -13.204727
v 4.258031 2.114669 -13.204727
v 4.155887 2.239131 -13.204727
v 4.079987 2.381130 -13.204727
v 4.033248 2.535208 -13.204727
v 4.017466 2.695443 -13.204727
v 4.033248 2.855678 -13.204727
v 4.079987 3.009756 -13.204727
v 4.155887 3.151754 -13.204727
v 4.258031 3.276217 -13.204727
v 4.382493 3.378361 -13.204727
v 4.524492 3.454261 -13.204727
v 5.587680 2.558053 -4.131643
v 5.544230 2.425943 -4.081179
v 4.089934 2.558053 -4.131643
v 4.075264 2.695443 -4.184124
v 5.473671 2.304189 -4.034672
v 4.089934 2.832833 -4.236604
v 5.378715 2.197471 -3.993907
v 4.133385 2.964944 -4.287068
v 5.263010 2.109890 -3.960453
v 4.203944 3.086698 -4.333576
v 5.131003 2.044811 -3.935594
v 4.838808 3.399683 -4.453130
v 4.987768 3.386151 -4.447961
v 4.298900 3.193416 -4.374340
v 4.987768 2.004736 -3.920286
v 5.131003 3.346075 -4.432653
v 4.414605 3.280997 -4.407794
v 4.838808 1.991204 -3.915117
v 5.263010 3.280997 -4.407794
v 4.546612 3.346075 -4.432653
v 4.689847 2.004736 -3.920286
v 5.378715 3.193416 -4.374340
v 4.689847 3.386151 -4.447961
v 4.546612 2.044811 -3.935594
v 5.473671 3.086698 -4.333576
v 4.414605 2.109890 -3.960453
v 5.544230 2.964944 -4.287068
v 4.298900 2.197471 -3.993907
v 5.587680 2.832833 -4.236604
v 4.203944 2.304189 -4.034672
v 5.602352 2.695443 -4.184124
v 4.133385 2.425943 -4.081179
v 5.320415 3.362750 -3.655530
v 5.452893 3.263585 -3.615922
v 5.562160 3.141973 -3.567590
v 5.643616 3.002431 -3.512350
v 5.693686 2.850450 -3.452293
v 5.710154 2.692260 -3.389704
v 5.168487 1.954296 -3.091835
v 4.509128 1.954296 -3.091835
v 4.359407 2.026785 -3.121713
v 4.227376 2.124870 -3.161898
v 4.118176 2.245182 -3.210824
v 4.036270 2.383429 -3.266580
v 3.985231 2.534435 -3.326992
v 3.967462 2.692260 -3.389704
v 4.033999 3.002431 -3.512350
v 4.115455 3.141973 -3.567590
v 4.507586 3.436004 -3.684931
v 5.693597 2.537729 -4.131579
v 3.984018 2.537729 -4.131579
v 4.838808 3.507519 -4.451480
v 5.643482 2.383748 -4.080953
v 3.967448 2.698133 -4.184107
v 5.562077 2.242418 -4.034201
v 3.985141 2.858319 -4.236508
v 5.452923 2.119216 -3.993155
v 4.036192 3.011686 -4.286778
v 5.320550 2.018679 -3.959428
v 4.118201 3.152113 -4.333009
v 5.170199 1.944345 -3.934344
v 5.006544 3.492340 -4.446368
v 4.227540 3.274275 -4.373460
v 5.007604 1.898736 -3.918888
v 5.168229 3.447285 -4.431222
v 4.359664 3.373795 -4.406612
v 4.838808 1.883365 -3.913669
v 5.317950 3.373795 -4.406612
v 4.509386 3.447285 -4.431222
v 4.670012 1.898736 -3.918888
v 5.450076 3.274275 -4.373460
v 4.671071 3.492340 -4.446368
v 4.507415 1.944345 -3.934344
v 5.559414 3.152113 -4.333009
v 4.357065 2.018679 -3.959428
v 5.641423 3.011686 -4.286778
v 4.224692 2.119216 -3.993155
v 5.692474 2.858319 -4.236508
v 4.115539 2.242418 -4.034201
v 5.710167 2.698133 -4.184107
v 4.034133 2.383748 -4.080953
v 5.131003 3.335474 -3.686340
v 5.263010 3.271456 -3.656671
v 5.544230 2.960553 -3.512584
v 5.587680 2.830595 -3.452356
v 5.587680 2.560292 -3.327086
v 5.544230 2.430334 -3.266857
v 5.473671 2.310565 -3.211351
v 5.378715 2.205585 -3.162699
v 4.838808 2.002680 -3.068664
v 4.689847 2.015991 -3.074832
v 4.298900 2.205585 -3.162699
v 4.089934 2.830595 -3.452356
v 4.133385 2.960553 -3.512584
v 4.203944 3.080323 -3.568091
v 4.298900 3.185302 -3.616743
v 4.414605 3.271456 -3.656671
v 3.983929 2.850450 -3.452293
v 4.670911 1.909827 -3.073429
v 4.838808 1.894841 -3.067215
v 5.006704 1.909827 -3.073429
v 5.007489 3.480914 -3.703022
v 4.838808 3.496043 -3.709129
v 5.170030 3.436004 -3.684931
v 5.692384 2.534435 -3.326992
v 5.641345 2.383429 -3.266580
v 5.559440 2.245182 -3.210824
v 5.450239 2.124870 -3.161898
v 5.318207 2.026785 -3.121713
v 4.224722 3.263585 -3.615922
v 4.357200 3.362750 -3.655530
v 4.670126 3.480914 -3.703022
v 4.987768 3.374896 -2.987528
v 4.838808 3.388207 -2.993697
v 5.131003 3.335474 -2.969258
v 5.263010 3.271456 -2.939589
v 5.378715 3.185302 -2.899662
v 5.473671 3.080323 -2.851010
v 5.544230 2.960553 -2.795503
v 5.587680 2.830595 -2.735275
v 5.602352 2.695443 -2.672639
v 5.587680 2.560292 -2.610004
v 5.544230 2.430334 -2.549776
v 5.473671 2.310564 -2.494269
v 5.378715 2.205585 -2.445617
v 5.263010 2.119431 -2.405690
v 5.131003 2.055413 -2.376021
v 4.987768 2.015990 -2.357750
v 4.838808 2.002679 -2.351582
v 4.689847 2.015990 -2.357750
v 4.546612 2.055413 -2.376021
v 4.414605 2.119431 -2.405690
v 4.298900 2.205585 -2.445617
v 4.203944 2.310564 -2.494269
v 4.133385 2.430334 -2.549776
v 4.089934 2.560292 -2.610004
v 4.075264 2.695443 -2.672639
v 4.089934 2.830595 -2.735275
v 4.133385 2.960553 -2.795503
v 4.203944 3.080323 -2.851010
v 4.298900 3.185302 -2.899662
v 4.414605 3.271456 -2.939589
v 4.546612 3.335474 -2.969258
v 4.689847 3.374896 -2.987528
v 3.983929 2.850450 -2.735211
v 3.967462 2.692260 -2.672623
v 3.985231 2.534435 -2.609910
v 4.036270 2.383429 -2.549499
v 4.118176 2.245182 -2.493743
v 4.227376 2.124869 -2.444816
v 4.359407 2.026785 -2.404631
v 4.509128 1.954296 -2.374753
v 4.670911 1.909827 -2.356348
v 4.838808 1.894841 -2.350133
v 5.168487 1.954296 -2.374753
v 5.006704 1.909827 -2.356348
v 5.007489 3.480914 -2.985941
v 4.838808 3.496043 -2.992047
v 5.170030 3.436004 -2.967849
v 5.320415 3.362750 -2.938448
v 5.452893 3.263585 -2.898840
v 5.562160 3.141973 -2.850508
v 5.643616 3.002431 -2.795269
v 5.693686 2.850450 -2.735211
v 5.710154 2.692260 -2.672623
v 5.692384 2.534435 -2.609910
v 5.641345 2.383429 -2.549499
v 5.559440 2.245182 -2.493743
v 5.450239 2.124869 -2.444816
v 5.318207 2.026785 -2.404631
v 4.033999 3.002431 -2.795269
v 4.115455 3.141973 -2.850508
v 4.224722 3.263585 -2.898840
v 4.357200 3.362750 -2.938448
v 4.507586 3.436004 -2.967849
v 4.670126 3.480914 -2.985941
v 4.966577 3.278237 -3.659814
v 4.838808 3.289655 -3.665105
v 4.711038 3.278237 -3.659814
v 4.588180 3.244423 -3.644143
v 4.474952 3.189512 -3.618695
v 4.375707 3.115615 -3.584447
v 4.294259 3.025570 -3.542717
v 4.233738 2.922838 -3.495106
v 4.196469 2.811368 -3.443446
v 4.183885 2.695443 -3.389721
v 4.196469 2.579519 -3.335997
v 4.233738 2.468049 -3.284336
v 4.294259 2.365317 -3.236726
v 4.375707 2.275272 -3.194994
v 4.474952 2.201375 -3.160748
v 4.588180 2.146463 -3.135299
v 4.711038 2.112649 -3.119628
v 4.838808 2.101232 -3.114337
v 4.966577 2.112649 -3.119628
v 5.089435 2.146463 -3.135299
v 5.202663 2.201375 -3.160748
v 5.301908 2.275272 -3.194994
v 5.383356 2.365317 -3.236726
v 5.443878 2.468049 -3.284336
v 5.481146 2.579519 -3.335997
v 5.493731 2.695443 -3.389721
v 5.481146 2.811368 -3.443446
v 5.443878 2.922838 -3.495106
v 5.383356 3.025570 -3.542717
v 5.301908 3.115614 -3.584447
v 5.202663 3.189512 -3.618695
v 5.089435 3.244423 -3.644143
v 4.966577 3.278237 -6.850060
v 4.838808 3.289655 -6.855350
v 5.089435 3.244423 -6.834388
v 4.711038 3.278237 -6.850060
v 4.588180 3.244423 -6.834388
v 4.474952 3.189512 -6.808940
v 4.375707 3.115614 -6.774693
v 4.294259 3.025569 -6.732962
v 4.233738 2.922838 -6.685351
v 4.196469 2.811368 -6.633691
v 4.183885 2.695443 -6.579966
v 4.196469 2.579518 -6.526242
v 4.233738 2.468048 -6.474581
v 4.294259 2.365317 -6.426970
v 4.375707 2.275272 -6.385240
v 4.474952 2.201375 -6.350993
v 4.588180 2.146463 -6.325545
v 4.711038 2.112649 -6.309873
v 4.838808 2.101232 -6.304583
v 4.966577 2.112649 -6.309873
v 5.089435 2.146463 -6.325545
v 5.202663 2.201375 -6.350993
v 5.301908 2.275272 -6.385240
v 5.383356 2.365317 -6.426970
v 5.443878 2.468048 -6.474581
v 5.481146 2.579518 -6.526242
v 5.493731 2.695443 -6.579966
v 5.481146 2.811368 -6.633691
v 5.443878 2.922838 -6.685351
v 5.383356 3.025569 -6.732962
v 5.301908 3.115614 -6.774693
v 5.202663 3.189512 -6.808940
v 5.599552 2.721238 -2.713161
v 5.590481 2.804801 -2.751888
v 5.579453 2.855202 -3.435419
v 5.552458 2.935946 -2.812440
v 5.486842 3.057967 -3.529793
v 5.531061 2.982908 -3.495007
v 5.486842 3.057967 -2.868587
v 4.715690 3.377205 -3.679712
v 4.715690 3.377205 -3.014566
v 5.396120 3.166059 -3.580390
v 5.456266 3.099565 -2.887363
v 5.396120 3.166059 -2.918180
v 4.664831 3.368011 -3.675277
v 5.283820 3.255960 -3.622568
v 5.357904 3.200797 -3.597003
v 5.283820 3.255960 -2.959329
v 4.437951 3.282777 -3.635447
v 4.523266 3.324152 -3.654621
v 4.523266 3.324152 -2.990482
v 4.319711 3.200797 -3.597003
v 4.393795 3.255960 -3.622568
v 4.393795 3.255960 -2.959329
v 5.105987 3.342359 -3.663389
v 4.221349 3.099565 -3.549573
v 4.281495 3.166059 -3.580390
v 4.281495 3.166059 -2.918180
v 4.961925 3.377205 -3.679712
v 4.961925 3.377205 -3.014566
v 4.864650 3.385898 -3.018595
v 4.146554 2.982908 -3.495007
v 4.098162 2.855202 -3.435419
v 4.125157 2.935946 -3.472839
v 4.098162 2.855202 -2.775020
v 4.078063 2.721238 -2.713161
v 4.098162 2.535685 -3.287340
v 5.599552 2.669649 -3.349199
v 5.590481 2.586086 -3.310473
v 5.590481 2.586086 -2.650526
v 5.531061 2.407979 -3.228559
v 5.486842 2.332920 -3.193773
v 5.531061 2.407979 -2.567353
v 5.396120 2.224827 -2.481970
v 5.456266 2.291322 -2.512787
v 5.357904 2.190090 -3.128596
v 5.283820 2.134927 -2.439793
v 5.239665 2.108110 -3.091053
v 4.961925 2.013681 -3.047794
v 4.864650 2.004989 -3.043766
v 4.812964 2.004989 -3.043766
v 4.715690 2.013681 -2.382648
v 4.812964 2.004989 -2.378620
v 4.664831 2.022876 -3.051881
v 4.571628 2.048528 -3.063770
v 4.571628 2.048528 -2.398971
v 4.664831 2.022876 -2.387083
v 4.523266 2.066735 -3.071878
v 4.523266 2.066735 -2.407739
v 4.319711 2.190089 -2.465357
v 4.281495 2.224828 -3.144180
v 4.221349 2.291322 -3.174997
v 4.281495 2.224827 -2.481970
v 4.190774 2.332920 -3.193773
v 4.190774 2.332919 -2.532568
v 5.599552 2.721238 -3.373108
v 5.590481 2.804801 -3.411834
v 5.552458 2.935946 -3.472839
v 5.579453 2.855202 -2.775020
v 5.531061 2.982908 -2.833801
v 4.812964 3.385898 -3.683740
v 4.812964 3.385898 -3.018595
v 5.456266 3.099565 -3.549573
v 4.571628 3.342359 -3.663389
v 4.571628 3.342359 -2.998590
v 4.664831 3.368011 -3.010479
v 5.357904 3.200797 -2.933764
v 4.437951 3.282777 -2.971307
v 5.239665 3.282777 -3.635447
v 5.154348 3.324152 -3.654621
v 5.154348 3.324152 -2.990482
v 5.239665 3.282777 -2.971307
v 4.319711 3.200797 -2.933764
v 5.012784 3.368011 -3.675277
v 5.012784 3.368011 -3.010479
v 5.105987 3.342359 -2.998590
v 4.221349 3.099565 -2.887363
v 4.864650 3.385898 -3.683740
v 4.190774 3.057967 -3.529793
v 4.146554 2.982908 -2.833801
v 4.190774 3.057967 -2.868587
v 4.125157 2.935946 -2.812440
v 4.087134 2.804801 -3.411834
v 4.078063 2.721238 -3.373108
v 4.087134 2.804801 -2.751888
v 4.078063 2.669649 -3.349199
v 4.087134 2.586086 -3.310473
v 4.087134 2.586086 -2.650526
v 4.078063 2.669649 -2.689252
v 4.125157 2.454941 -3.249920
v 4.125157 2.454941 -2.589521
v 4.098162 2.535685 -2.626942
v 5.599552 2.669649 -2.689252
v 5.552458 2.454941 -3.249920
v 5.579453 2.535685 -3.287340
v 5.579453 2.535685 -2.626942
v 5.552458 2.454941 -2.589521
v 5.486842 2.332919 -2.532568
v 5.396120 2.224828 -3.144180
v 5.456266 2.291322 -3.174997
v 5.283820 2.134927 -3.103031
v 5.357904 2.190089 -2.465357
v 5.154348 2.066735 -3.071878
v 5.239665 2.108109 -2.426914
v 5.154348 2.066735 -2.407739
v 5.012784 2.022876 -3.051881
v 5.105987 2.048528 -3.063770
v 5.105987 2.048528 -2.398971
v 5.012784 2.022876 -2.387083
v 4.961925 2.013681 -2.382648
v 4.864650 2.004989 -2.378620
v 4.715690 2.013681 -3.047794
v 4.437951 2.108110 -3.091053
v 4.437951 2.108109 -2.426914
v 4.319711 2.190090 -3.128596
v 4.393795 2.134927 -3.103031
v 4.393795 2.134927 -2.439793
v 4.221349 2.291322 -2.512787
v 4.146554 2.407979 -3.228559
v 4.146554 2.407979 -2.567353
v 5.616678 2.723097 -3.373108
v 5.607608 2.806660 -3.411834
v 5.607608 2.806660 -2.751888
v 5.616678 2.723097 -2.713161
v 5.595792 2.860665 -3.435419
v 5.568796 2.941408 -3.472839
v 5.568796 2.941408 -2.812440
v 5.595792 2.860665 -2.775020
v 5.545904 2.991652 -3.495007
v 5.501685 3.066712 -3.529793
v 5.501685 3.066712 -2.868587
v 5.545904 2.991652 -2.833801
v 4.811431 3.403057 -3.683740
v 4.714157 3.394365 -3.679712
v 4.714157 3.394365 -3.014566
v 4.811431 3.403057 -3.018595
v 5.469043 3.111121 -3.549573
v 5.408896 3.177616 -3.580390
v 5.408896 3.177616 -2.918180
v 5.469043 3.111121 -2.887363
v 4.660260 3.384621 -3.675277
v 4.567056 3.358969 -3.663389
v 4.567056 3.358969 -2.998590
v 4.660260 3.384621 -3.010479
v 5.368193 3.214615 -3.597003
v 5.294109 3.269778 -3.622568
v 5.294109 3.269778 -2.959329
v 5.368193 3.214615 -2.933764
v 4.515749 3.339653 -3.654621
v 4.430433 3.298278 -3.635447
v 4.430433 3.298278 -2.971307
v 4.515749 3.339653 -2.990482
v 5.247182 3.298278 -3.635447
v 5.161866 3.339653 -3.654621
v 5.161866 3.339653 -2.990482
v 5.247182 3.298278 -2.971307
v 4.383506 3.269778 -3.622568
v 4.309422 3.214615 -3.597003
v 4.309422 3.214615 -2.933764
v 4.383506 3.269778 -2.959329
v 5.110559 3.358969 -3.663389
v 5.017355 3.384621 -3.675277
v 5.017355 3.384621 -3.010479
v 5.110559 3.358969 -2.998590
v 4.268719 3.177616 -3.580390
v 4.208572 3.111121 -3.549573
v 4.208572 3.111121 -2.887363
v 4.268719 3.177616 -2.918180
v 4.963459 3.394365 -3.679712
v 4.866184 3.403057 -3.683740
v 4.866184 3.403057 -3.018595
v 4.963459 3.394365 -3.014566
v 4.175931 3.066712 -3.529793
v 4.131711 2.991652 -3.495007
v 4.131711 2.991652 -2.833801
v 4.175931 3.066712 -2.868587
v 4.108819 2.941408 -3.472839
v 4.081823 2.860665 -3.435419
v 4.081823 2.860665 -2.775020
v 4.108819 2.941408 -2.812440
v 4.070007 2.806660 -3.411834
v 4.060936 2.723097 -3.373108
v 4.060936 2.723097 -2.713161
v 4.070007 2.806660 -2.751888
v 4.060936 2.667790 -3.349199
v 4.070007 2.584227 -3.310473
v 4.070007 2.584227 -2.650526
v 4.060936 2.667789 -2.689252
v 4.081823 2.530222 -3.287340
v 4.108819 2.449479 -3.249920
v 4.108819 2.449479 -2.589521
v 4.081823 2.530222 -2.626942
v 5.607608 2.584227 -3.310473
v 5.616678 2.667790 -3.349199
v 5.616678 2.667790 -2.689252
v 5.607608 2.584227 -2.650526
v 5.568796 2.449479 -3.249920
v 5.595792 2.530222 -3.287340
v 5.595792 2.530222 -2.626942
v 5.568796 2.449479 -2.589521
v 5.501685 2.324175 -3.193773
v 5.545904 2.399235 -3.228559
v 5.545904 2.399235 -2.567353
v 5.501685 2.324175 -2.532568
v 5.408896 2.213271 -3.144180
v 5.469043 2.279766 -3.174997
v 5.469043 2.279766 -2.512787
v 5.408896 2.213271 -2.481970
v 5.294109 2.121109 -3.103031
v 5.368193 2.176272 -3.128596
v 5.368193 2.176272 -2.465357
v 5.294109 2.121109 -2.439793
v 5.161866 2.051234 -3.071878
v 5.247182 2.092609 -3.091053
v 5.247182 2.092609 -2.426914
v 5.161866 2.051234 -2.407739
v 5.017355 2.006266 -3.051881
v 5.110559 2.031918 -3.063770
v 5.110559 2.031918 -2.398971
v 5.017355 2.006266 -2.387083
v 4.866184 1.987830 -3.043766
v 4.963459 1.996522 -3.047794
v 4.963459 1.996522 -2.382648
v 4.866184 1.987830 -2.378620
v 4.714157 1.996522 -3.047794
v 4.811431 1.987830 -3.043766
v 4.811431 1.987830 -2.378620
v 4.714157 1.996522 -2.382648
v 4.567056 2.031918 -3.063770
v 4.660260 2.006266 -3.051881
v 4.660260 2.006266 -2.387083
v 4.567056 2.031918 -2.398971
v 4.430433 2.092609 -3.091053
v 4.515749 2.051234 -3.071878
v 4.515749 2.051234 -2.407739
v 4.430433 2.092609 -2.426914
v 4.309422 2.176272 -3.128596
v 4.383506 2.121109 -3.103031
v 4.383506 2.121109 -2.439793
v 4.309422 2.176272 -2.465357
v 4.208572 2.279766 -3.174997
v 4.268719 2.213271 -3.144180
v 4.268719 2.213271 -2.481970
v 4.208572 2.279766 -2.512787
v 4.131711 2.399235 -3.228559
v 4.175931 2.324175 -3.193773
v 4.175931 2.324175 -2.532568
v 4.131711 2.399235 -2.567353
v 5.651730 2.408731 -4.061588
v 5.685226 2.512597 -4.095708
v 5.684152 2.509506 -3.345201
v 5.649683 2.408454 -3.304738
v 3.970306 2.671686 -4.147748
v 3.981206 2.563829 -4.112436
v 3.970269 2.666209 -3.407670
v 5.575292 2.265224 -4.014364
v 3.982296 2.831768 -4.200137
v 3.970248 2.724175 -4.164934
v 3.970296 2.718727 -3.428478
v 3.981135 2.824448 -3.470299
v 4.027810 2.986258 -4.250875
v 3.993395 2.883120 -4.217061
v 3.992290 2.875824 -3.490446
v 4.025755 2.977657 -3.530677
v 5.341527 2.034725 -3.937918
v 5.429294 2.108857 -3.182562
v 4.104771 3.128922 -4.298015
v 4.049439 3.034174 -4.266822
v 5.193794 1.956212 -3.911669
v 5.294644 2.014941 -3.143727
v 5.192173 1.965561 -3.123299
v 4.980349 3.494295 -4.420824
v 4.865035 3.494084 -3.734527
v 4.135746 3.171411 -4.312323
v 4.133191 3.162023 -3.602961
v 4.207183 3.244285 -3.635671
v 5.143175 1.946928 -3.115431
v 5.032095 1.916533 -3.102799
v 5.142901 3.453920 -4.407148
v 5.031967 3.484900 -4.417541
v 5.032841 3.474267 -3.726692
v 4.245930 3.279835 -3.649391
v 4.336182 3.347281 -3.676359
v 4.865033 1.886083 -3.888138
v 4.981349 1.896721 -3.891735
v 4.980506 1.907113 -3.098806
v 4.865032 1.896851 -3.094533
v 5.294342 3.384973 -4.383851
v 5.193652 3.424810 -3.707071
v 4.485628 3.435313 -4.400681
v 4.380978 3.374743 -3.686943
v 4.696266 1.896721 -3.891735
v 4.812582 1.886083 -3.888138
v 4.812582 1.896851 -3.094533
v 4.697109 1.907113 -3.098806
v 5.339155 3.357562 -4.374404
v 5.431685 3.279835 -3.649391
v 4.645648 3.484900 -4.417541
v 4.644774 3.474267 -3.726692
v 4.534440 1.946928 -3.115431
v 5.467824 3.254229 -4.339733
v 5.470432 3.244285 -3.635671
v 5.544424 3.162023 -3.602961
v 4.812580 3.504752 -4.424338
v 4.697266 3.494295 -4.420824
v 4.696389 3.483686 -3.730320
v 4.812581 3.494084 -3.734527
v 4.483821 1.956212 -3.911669
v 4.485443 1.965561 -3.123299
v 5.628176 3.034174 -4.266822
v 5.630208 3.025600 -3.549330
v 4.248321 2.108857 -3.182562
v 5.685325 2.875824 -3.490446
v 4.133224 2.222924 -4.000501
v 4.207192 2.138973 -3.972597
v 4.209744 2.144289 -3.197297
v 4.135644 2.225468 -3.230392
v 5.695318 2.831768 -4.200137
v 5.707318 2.718727 -3.428478
v 4.102324 2.265224 -4.014364
v 5.696409 2.563829 -4.112436
v 5.707346 2.666209 -3.407670
v 5.695230 2.560779 -3.365765
v 3.992389 2.512597 -4.095708
v 4.025885 2.408731 -4.061588
v 4.027932 2.408454 -3.304738
v 4.980476 1.907486 -2.381727
v 4.865036 1.897182 -2.377454
v 5.143096 1.947317 -3.062456
v 5.143096 1.947317 -2.398355
v 5.192188 1.965771 -3.069811
v 5.294507 2.015310 -2.426655
v 5.192188 1.965771 -2.406237
v 5.339345 2.042488 -3.101039
v 5.339345 2.042488 -2.438171
v 5.467937 2.144368 -3.142327
v 5.541742 2.225684 -2.513314
v 5.572862 2.267837 -2.530752
v 5.649776 2.408375 -3.248400
v 5.683952 2.509489 -2.628090
v 5.649776 2.408375 -2.587639
v 5.695330 2.560602 -3.309078
v 5.707207 2.666093 -3.350996
v 5.707207 2.666092 -2.690536
v 5.707427 2.718451 -3.371769
v 5.685446 2.875460 -2.773220
v 5.630341 3.025173 -3.493524
v 5.575436 3.119232 -3.530758
v 5.575436 3.119232 -2.869334
v 4.812581 3.493691 -3.681830
v 4.812581 3.493691 -3.017447
v 5.470492 3.243997 -3.580678
v 5.470492 3.243997 -2.918514
v 5.544561 3.161561 -2.885751
v 4.644745 3.473902 -3.009599
v 4.697139 1.907486 -3.046108
v 4.812579 1.897182 -3.041836
v 4.697139 1.907486 -2.381727
v 4.645521 1.916806 -3.049828
v 4.383108 2.015310 -3.090229
v 4.485427 1.965771 -3.069811
v 4.485427 1.965771 -2.406237
v 4.383108 2.015310 -2.426655
v 4.248514 2.109166 -3.128357
v 4.338270 2.042488 -2.438172
v 4.209679 2.144368 -3.142327
v 4.104753 2.267837 -3.192089
v 4.049692 2.360774 -2.568234
v 3.993663 2.509489 -3.288851
v 4.027839 2.408375 -2.587639
v 3.970408 2.666093 -3.350996
v 3.982285 2.560602 -3.309078
v 3.970408 2.666092 -2.690536
v 3.981203 2.824259 -2.753146
v 4.025760 2.977421 -3.474341
v 3.992169 2.875460 -3.434050
v 4.102180 3.119232 -3.530758
v 4.047274 3.025173 -3.493524
v 4.102180 3.119232 -2.869334
v 4.981262 3.483267 -3.677622
v 4.865035 3.493691 -3.681830
v 4.865035 3.493691 -3.017447
v 4.133054 3.161561 -3.547915
v 4.207123 3.243997 -2.918514
v 5.144649 3.443017 -3.661272
v 5.032870 3.473902 -3.673714
v 5.144649 3.443017 -2.997158
v 4.245803 3.279364 -3.595148
v 4.336119 3.346970 -2.959222
v 5.296742 3.374281 -3.633422
v 5.193703 3.424472 -3.653566
v 5.296742 3.374281 -2.969812
v 4.380873 3.374281 -2.969812
v 5.431812 3.279364 -3.595148
v 3.982384 2.560778 -3.365765
v 5.630096 2.361004 -4.045996
v 5.572779 2.267831 -3.247818
v 5.628155 2.360674 -3.285326
v 5.544391 2.222924 -4.000501
v 5.470422 2.138973 -3.972597
v 5.467871 2.144289 -3.197297
v 5.541971 2.225468 -3.230392
v 5.431775 2.103606 -3.960955
v 5.339305 2.042343 -3.155225
v 4.102219 3.119497 -3.586501
v 4.047408 3.025600 -3.549330
v 5.296822 2.007382 -3.928875
v 4.865035 3.504752 -4.424338
v 4.981226 3.483686 -3.730320
v 4.209792 3.254229 -4.339733
v 5.144774 1.937623 -3.905498
v 5.032945 1.906117 -3.894862
v 5.144577 3.443460 -3.714256
v 4.248555 3.289732 -4.351834
v 4.338460 3.357562 -4.374404
v 5.191987 3.435313 -4.400681
v 5.296638 3.374743 -3.686943
v 4.383273 3.384973 -4.383851
v 4.483963 3.424810 -3.707071
v 5.429060 3.289732 -4.351834
v 5.341434 3.347281 -3.676359
v 4.534714 3.453920 -4.407148
v 4.533038 3.443460 -3.714256
v 4.644670 1.906117 -3.894862
v 4.532841 1.937623 -3.905498
v 4.645520 1.916533 -3.102799
v 5.541869 3.171411 -4.312323
v 4.380793 2.007382 -3.928875
v 4.382970 2.014941 -3.143727
v 5.572844 3.128922 -4.298015
v 5.575397 3.119497 -3.586501
v 4.336087 2.034725 -3.937918
v 4.245840 2.103606 -3.960955
v 4.338310 2.042343 -3.155225
v 5.649805 2.986258 -4.250875
v 5.684220 2.883120 -4.217061
v 5.651860 2.977657 -3.530677
v 5.707367 2.724175 -4.164934
v 5.696480 2.824448 -3.470299
v 4.047520 2.361004 -4.045996
v 4.049460 2.360674 -3.285326
v 4.104836 2.267831 -3.247818
v 5.707309 2.671686 -4.147748
v 3.993464 2.509506 -3.345201
v 4.865036 1.897182 -3.041836
v 4.980476 1.907486 -3.046108
v 5.032095 1.916806 -3.049828
v 5.032095 1.916806 -2.385727
v 5.294507 2.015310 -3.090229
v 5.429101 2.109166 -3.128357
v 5.429101 2.109166 -2.465489
v 5.541742 2.225684 -3.175395
v 5.467937 2.144368 -2.480246
v 5.572862 2.267837 -3.192089
v 5.627923 2.360774 -3.229571
v 5.627923 2.360774 -2.568234
v 5.683952 2.509489 -3.288851
v 5.695330 2.560602 -2.648618
v 5.696412 2.824259 -3.413632
v 5.707427 2.718450 -2.711283
v 5.696412 2.824259 -2.753146
v 5.685446 2.875460 -3.434050
v 5.651855 2.977421 -3.474341
v 5.651855 2.977421 -2.813512
v 5.630341 3.025173 -2.832100
v 4.696354 3.483267 -3.677622
v 4.696354 3.483267 -3.013240
v 5.544561 3.161561 -3.547915
v 4.644745 3.473902 -3.673714
v 4.532967 3.443017 -3.661272
v 4.532967 3.443017 -2.997158
v 4.812579 1.897182 -2.377454
v 4.534519 1.947317 -3.062456
v 4.534519 1.947317 -2.398355
v 4.645521 1.916806 -2.385727
v 4.338270 2.042488 -3.101039
v 4.248514 2.109166 -2.465489
v 4.135873 2.225684 -3.175395
v 4.135873 2.225684 -2.513314
v 4.209679 2.144368 -2.480246
v 4.049692 2.360774 -3.229571
v 4.104753 2.267837 -2.530752
v 4.027839 2.408375 -3.248400
v 3.993663 2.509489 -2.628090
v 3.982285 2.560602 -2.648618
v 3.981203 2.824259 -3.413632
v 3.970188 2.718451 -3.371769
v 3.970188 2.718450 -2.711283
v 4.025760 2.977421 -2.813512
v 3.992169 2.875460 -2.773220
v 4.047274 3.025173 -2.832100
v 4.981262 3.483267 -3.013240
v 4.207123 3.243997 -3.580678
v 4.133054 3.161561 -2.885751
v 5.032870 3.473902 -3.009599
v 4.336119 3.346970 -3.622151
v 4.245803 3.279364 -2.932219
v 5.193703 3.424472 -2.989957
v 4.483912 3.424472 -3.653566
v 4.380873 3.374281 -3.633422
v 4.483912 3.424472 -2.989957
v 5.341496 3.346970 -3.622151
v 5.431812 3.279364 -2.932219
v 5.341496 3.346970 -2.959222
v 5.697984 2.508372 -4.095691
v 5.664487 2.404506 -4.061572
v 5.662441 2.404229 -3.304721
v 5.696909 2.505281 -3.345185
v 3.967844 2.562388 -4.112434
v 3.956944 2.670245 -4.147746
v 3.956907 2.664768 -3.407668
v 3.969023 2.559337 -3.365763
v 5.641707 2.354238 -4.045951
v 5.586903 2.258458 -4.014319
v 5.584390 2.261065 -3.247774
v 5.639766 2.353908 -3.285282
v 3.956885 2.725610 -4.164932
v 3.968934 2.833203 -4.200134
v 3.967772 2.825883 -3.470297
v 3.956934 2.720161 -3.428475
v 5.554411 2.213969 -4.000423
v 5.480442 2.130017 -3.972520
v 5.477890 2.135333 -3.197220
v 5.551991 2.216513 -3.230314
v 3.980640 2.887351 -4.217042
v 4.015055 2.990489 -4.250856
v 4.013000 2.981888 -3.530658
v 3.979535 2.880055 -3.490427
v 5.439867 2.092876 -3.960842
v 5.349619 2.023996 -3.937805
v 5.347396 2.031613 -3.155112
v 5.437386 2.098127 -3.182449
v 4.037841 3.040963 -4.266774
v 4.093174 3.135711 -4.297966
v 4.090621 3.126286 -3.586452
v 4.035810 3.032389 -3.549282
v 5.302750 1.995322 -3.928731
v 5.199721 1.944152 -3.911525
v 5.198100 1.953501 -3.123155
v 5.300571 2.002881 -3.143583
v 4.866234 3.518136 -4.424133
v 4.981548 3.507679 -4.420619
v 4.982425 3.497070 -3.730115
v 4.866233 3.507468 -3.734322
v 4.125757 3.180400 -4.312236
v 4.199802 3.263218 -4.339646
v 4.197194 3.253274 -3.635584
v 4.123202 3.171012 -3.602875
v 5.148386 1.924679 -3.905330
v 5.036556 1.893174 -3.894696
v 5.035707 1.903590 -3.102632
v 5.146786 1.933985 -3.115264
v 5.035542 3.497853 -4.417350
v 5.146476 3.466874 -4.406958
v 5.148152 3.456414 -3.714065
v 5.036416 3.487221 -3.726501
v 4.240508 3.300495 -4.351707
v 4.330414 3.368325 -4.374278
v 4.328135 3.358044 -3.676232
v 4.237884 3.290598 -3.649264
v 4.982562 1.883338 -3.891556
v 4.866246 1.872700 -3.887959
v 4.866245 1.883468 -3.094353
v 4.981719 1.893730 -3.098627
v 5.197866 3.447397 -4.400517
v 5.300221 3.397057 -4.383687
v 5.302517 3.386827 -3.686780
v 5.199532 3.436894 -3.706908
v 4.377394 3.397057 -4.383687
v 4.479749 3.447397 -4.400517
v 4.478084 3.436894 -3.706908
v 4.375098 3.386827 -3.686780
v 4.811369 1.872700 -3.887959
v 4.695053 1.883338 -3.891556
v 4.695896 1.893730 -3.098627
v 4.811370 1.883468 -3.094353
v 5.347201 3.368325 -4.374278
v 5.437107 3.300495 -4.351707
v 5.439732 3.290598 -3.649264
v 5.349480 3.358044 -3.676232
v 4.531139 3.466874 -4.406958
v 4.642074 3.497853 -4.417350
v 4.641200 3.487221 -3.726501
v 4.529464 3.456414 -3.714065
v 4.641058 1.893174 -3.894696
v 4.529229 1.924679 -3.905330
v 4.530828 1.933985 -3.115264
v 4.641908 1.903590 -3.102632
v 5.477813 3.263218 -4.339646
v 5.551859 3.180400 -4.312236
v 5.554414 3.171012 -3.602875
v 5.480422 3.253274 -3.635584
v 4.696067 3.507679 -4.420619
v 4.811381 3.518136 -4.424133
v 4.811382 3.507468 -3.734322
v 4.695189 3.497070 -3.730115
v 4.477893 1.944152 -3.911525
v 4.374866 1.995322 -3.928731
v 4.377043 2.002881 -3.143583
v 4.479515 1.953501 -3.123155
v 5.584441 3.135711 -4.297967
v 5.639774 3.040963 -4.266774
v 5.641805 3.032389 -3.549282
v 5.586994 3.126286 -3.586452
v 4.327996 2.023996 -3.937805
v 4.237748 2.092876 -3.960842
v 4.240230 2.098127 -3.182449
v 4.330218 2.031613 -3.155112
v 5.662561 2.990489 -4.250856
v 5.696975 2.887351 -4.217042
v 5.698081 2.880055 -3.490427
v 5.664616 2.981888 -3.530658
v 4.197173 2.130017 -3.972520
v 4.123204 2.213969 -4.000423
v 4.125624 2.216513 -3.230314
v 4.199725 2.135333 -3.197220
v 5.708681 2.833203 -4.200134
v 5.720730 2.725610 -4.164932
v 5.720681 2.720161 -3.428475
v 5.709843 2.825883 -3.470297
v 4.090713 2.258458 -4.014319
v 4.035908 2.354238 -4.045951
v 4.037848 2.353908 -3.285282
v 4.093225 2.261065 -3.247774
v 5.720670 2.670245 -4.147746
v 5.709770 2.562388 -4.112434
v 5.708592 2.559337 -3.365763
v 5.720708 2.664768 -3.407668
v 4.013128 2.404506 -4.061572
v 3.979632 2.508372 -4.095691
v 3.980706 2.505281 -3.345185
v 4.015174 2.404229 -3.304721
v 4.866230 1.883796 -3.041836
v 4.981671 1.894100 -3.046108
v 4.866230 1.883796 -2.377454
v 4.981671 1.894100 -2.381727
v 5.035657 1.903848 -3.049828
v 5.146658 1.934358 -3.062456
v 5.035657 1.903848 -2.385727
v 5.146658 1.934358 -2.398355
v 5.198044 1.953675 -3.069811
v 5.300364 2.003214 -3.090229
v 5.198044 1.953675 -2.406237
v 5.300364 2.003214 -2.426655
v 5.347360 2.031700 -3.101039
v 5.437116 2.098378 -3.128357
v 5.347360 2.031700 -2.438171
v 5.437116 2.098378 -2.465489
v 5.477888 2.135336 -3.142327
v 5.551693 2.216652 -3.175395
v 5.477888 2.135335 -2.480246
v 5.551693 2.216651 -2.513314
v 5.584424 2.260987 -3.192089
v 5.639484 2.353924 -3.229571
v 5.584424 2.260987 -2.530752
v 5.639484 2.353924 -2.568234
v 5.662508 2.404072 -3.248400
v 5.696683 2.505186 -3.288851
v 5.662508 2.404072 -2.587639
v 5.696683 2.505186 -2.628090
v 5.708684 2.559099 -3.309078
v 5.720562 2.664589 -3.350996
v 5.708684 2.559098 -2.648618
v 5.720562 2.664589 -2.690536
v 5.720794 2.719842 -3.371769
v 5.709779 2.825650 -3.413632
v 5.720794 2.719842 -2.711283
v 5.709779 2.825650 -2.753146
v 5.698210 2.879665 -3.434050
v 5.664620 2.981626 -3.474341
v 5.698210 2.879665 -2.773220
v 5.664620 2.981626 -2.813512
v 5.641947 3.031948 -3.493524
v 5.587042 3.126007 -3.530758
v 5.641947 3.031948 -2.832100
v 5.587042 3.126007 -2.869334
v 4.811380 3.507076 -3.681830
v 4.695153 3.496652 -3.677622
v 4.811380 3.507076 -3.017447
v 4.695153 3.496652 -3.013240
v 5.554558 3.170542 -3.547915
v 5.480489 3.252979 -3.580678
v 5.554558 3.170542 -2.885751
v 5.480489 3.252979 -2.918514
v 4.641166 3.486855 -3.673714
v 4.529387 3.455971 -3.661272
v 4.641166 3.486855 -3.009599
v 4.529387 3.455971 -2.997158
v 4.695944 1.894100 -3.046108
v 4.811384 1.883796 -3.041836
v 4.695944 1.894100 -2.381727
v 4.811384 1.883796 -2.377454
v 4.530957 1.934358 -3.062456
v 4.641959 1.903848 -3.049828
v 4.530957 1.934358 -2.398355
v 4.641959 1.903848 -2.385727
v 4.377252 2.003214 -3.090229
v 4.479571 1.953675 -3.069811
v 4.377252 2.003214 -2.426655
v 4.479571 1.953675 -2.406237
v 4.240500 2.098378 -3.128357
v 4.330256 2.031700 -3.101039
v 4.240500 2.098378 -2.465489
v 4.330256 2.031700 -2.438172
v 4.125922 2.216652 -3.175395
v 4.199728 2.135336 -3.142327
v 4.125922 2.216651 -2.513314
v 4.199728 2.135335 -2.480246
v 4.038130 2.353924 -3.229571
v 4.093191 2.260987 -3.192089
v 4.038130 2.353924 -2.568234
v 4.093191 2.260987 -2.530752
v 3.980932 2.505186 -3.288851
v 4.015107 2.404072 -3.248400
v 3.980932 2.505186 -2.628090
v 4.015107 2.404072 -2.587639
v 3.957053 2.664589 -3.350996
v 3.968931 2.559098 -3.309078
v 3.957053 2.664589 -2.690536
v 3.968931 2.559098 -2.648618
v 3.967836 2.825650 -3.413632
v 3.956821 2.719842 -3.371769
v 3.967836 2.825650 -2.753146
v 3.956821 2.719842 -2.711283
v 4.012996 2.981626 -3.474341
v 3.979405 2.879665 -3.434050
v 4.012996 2.981626 -2.813512
v 3.979405 2.879665 -2.773220
v 4.090573 3.126007 -3.530758
v 4.035668 3.031948 -3.493524
v 4.090573 3.126007 -2.869334
v 4.035668 3.031948 -2.832100
v 4.982462 3.496652 -3.677622
v 4.866235 3.507076 -3.681830
v 4.982462 3.496652 -3.013240
v 4.866235 3.507076 -3.017447
v 4.197126 3.252979 -3.580678
v 4.123057 3.170542 -3.547915
v 4.197126 3.252979 -2.918514
v 4.123057 3.170542 -2.885751
v 5.148228 3.455971 -3.661272
v 5.036449 3.486855 -3.673714
v 5.148228 3.455971 -2.997158
v 5.036449 3.486855 -3.009599
v 4.328066 3.357729 -3.622151
v 4.237749 3.290123 -3.595148
v 4.328066 3.357729 -2.959222
v 4.237749 3.290123 -2.932219
v 5.302627 3.386363 -3.633422
v 5.199588 3.436554 -3.653566
v 5.302627 3.386363 -2.969812
v 5.199588 3.436554 -2.989957
v 4.478027 3.436554 -3.653566
v 4.374988 3.386363 -3.633422
v 4.478027 3.436554 -2.989957
v 4.374988 3.386363 -2.969812
v 5.439866 3.290123 -3.595148
v 5.349549 3.357729 -3.622151
v 5.439866 3.290123 -2.932219
v 5.349549 3.357729 -2.959222
v -4.838809 3.864830 -13.826883
v -4.838809 3.864830 -11.488110
v -5.066945 3.842360 -13.826883
v -5.066945 3.842360 -11.488110
v -5.286313 3.775815 -13.826883
v -5.286313 3.775815 -11.488110
v -5.488485 3.667753 -13.826883
v -5.488485 3.667753 -11.488110
v -5.665689 3.522325 -13.826883
v -5.665689 3.522324 -11.488110
v -5.811118 3.345120 -13.826883
v -5.811118 3.345119 -11.488110
v -5.919181 3.142948 -13.826883
v -5.919181 3.142948 -11.488110
v -5.985726 2.923579 -13.826883
v -5.985726 2.923579 -11.488110
v -6.008195 2.695443 -13.826883
v -6.008195 2.695443 -11.488110
v -5.985726 2.467307 -13.826883
v -5.985726 2.467307 -11.488110
v -5.919181 2.247938 -13.826883
v -5.919181 2.247938 -11.488110
v -5.811118 2.045767 -13.826883
v -5.811118 2.045766 -11.488110
v -5.665689 1.868562 -13.826883
v -5.665689 1.868561 -11.488110
v -5.488485 1.723133 -13.826883
v -5.488485 1.723133 -11.488110
v -5.286313 1.615070 -13.826883
v -5.286313 1.615070 -11.488110
v -5.066945 1.548526 -13.826883
v -5.066945 1.548525 -11.488110
v -4.838809 1.526056 -13.826883
v -4.838809 1.526056 -11.488110
v -4.610672 1.548526 -13.826883
v -4.610672 1.548525 -11.488110
v -4.391304 1.615070 -13.826883
v -4.391304 1.615070 -11.488110
v -4.189132 1.723133 -13.826883
v -4.189132 1.723133 -11.488110
v -4.011927 1.868562 -13.826883
v -4.011927 1.868561 -11.488110
v -3.866499 2.045767 -13.826883
v -3.866499 2.045766 -11.488110
v -3.758436 2.247938 -13.826883
v -3.758436 2.247938 -11.488110
v -3.691891 2.467307 -13.826883
v -3.691891 2.467307 -11.488110
v -3.669422 2.695443 -13.826883
v -3.669422 2.695443 -11.488110
v -3.691891 2.923579 -13.826883
v -3.691891 2.923579 -11.488110
v -3.758436 3.142948 -13.826883
v -3.758436 3.142948 -11.488110
v -3.866499 3.345120 -13.826883
v -3.866499 3.345119 -11.488110
v -4.011927 3.522325 -13.826883
v -4.011927 3.522324 -11.488110
v -4.189132 3.667753 -13.826883
v -4.189132 3.667753 -11.488110
v -4.391304 3.775815 -13.826883
v -4.391304 3.775815 -11.488110
v -4.610672 3.842360 -13.826883
v -4.610672 3.842360 -11.488110
v -4.987769 3.444316 -8.289672
v -4.838809 3.458987 -8.289672
v -5.131004 3.400866 -8.289672
v -5.263011 3.330307 -8.289672
v -5.378716 3.235350 -8.289672
v -5.473672 3.119646 -8.289672
v -5.544231 2.987639 -8.289672
v -5.587681 2.844403 -8.289672
v -5.602353 2.695443 -8.289672
v -5.587681 2.546483 -8.289672
v -5.544231 2.403247 -8.289672
v -5.473672 2.271240 -8.289672
v -5.378716 2.155536 -8.289672
v -5.263011 2.060579 -8.289672
v -5.131004 1.990020 -8.289672
v -4.987769 1.946570 -8.289672
v -4.838809 1.931898 -8.289672
v -4.689848 1.946570 -8.289672
v -4.546613 1.990020 -8.289672
v -4.414606 2.060579 -8.289672
v -4.298901 2.155536 -8.289672
v -4.203945 2.271240 -8.289672
v -4.133386 2.403247 -8.289672
v -4.089935 2.546483 -8.289672
v -4.075264 2.695443 -8.289672
v -4.089935 2.844403 -8.289672
v -4.133386 2.987639 -8.289672
v -4.203945 3.119646 -8.289672
v -4.298901 3.235350 -8.289672
v -4.414606 3.330307 -8.289672
v -4.546613 3.400866 -8.289672
v -4.689848 3.444316 -8.289672
v -4.987769 3.374896 -3.704610
v -4.838809 3.388207 -3.710779
v -5.378716 3.185302 -3.616743
v -5.473672 3.080323 -3.568091
v -5.602353 2.695443 -3.389721
v -5.263011 2.119431 -3.122772
v -5.131004 2.055413 -3.093102
v -4.987769 2.015991 -3.074832
v -4.546613 2.055413 -3.093102
v -4.414606 2.119431 -3.122772
v -4.203945 2.310565 -3.211351
v -4.133386 2.430334 -3.266857
v -4.089935 2.560292 -3.327086
v -4.075264 2.695443 -3.389721
v -4.546613 3.335474 -3.686340
v -4.689848 3.374896 -3.704610
v -4.838809 3.864830 -15.056540
v -5.066945 3.842360 -15.056540
v -5.286313 3.775815 -15.056540
v -5.488485 3.667753 -15.056540
v -5.665689 3.522325 -15.056540
v -5.811118 3.345120 -15.056540
v -5.919181 3.142948 -15.056540
v -5.985726 2.923579 -15.056540
v -6.008195 2.695443 -15.056540
v -5.985726 2.467307 -15.056540
v -5.919181 2.247938 -15.056540
v -5.811118 2.045767 -15.056540
v -5.665689 1.868562 -15.056540
v -5.488485 1.723134 -15.056540
v -5.286313 1.615071 -15.056540
v -5.066945 1.548526 -15.056540
v -4.838809 1.526056 -15.056540
v -4.610672 1.548526 -15.056540
v -4.391304 1.615071 -15.056540
v -4.189132 1.723134 -15.056540
v -4.011927 1.868562 -15.056540
v -3.866499 2.045767 -15.056540
v -3.758436 2.247938 -15.056540
v -3.691891 2.467307 -15.056540
v -3.669422 2.695443 -15.056540
v -3.691891 2.923579 -15.056540
v -3.758436 3.142948 -15.056540
v -3.866499 3.345120 -15.056540
v -4.011927 3.522325 -15.056540
v -4.189132 3.667753 -15.056540
v -4.391304 3.775815 -15.056540
v -4.610672 3.842360 -15.056540
v -4.838809 3.554152 -15.995721
v -5.006334 3.537652 -15.995721
v -5.446007 3.302642 -15.995721
v -5.681018 2.862969 -15.995721
v -5.632152 2.366829 -15.995721
v -5.315882 1.981453 -15.995721
v -4.361735 1.981453 -15.995721
v -4.045465 2.366829 -15.995721
v -3.980100 2.695443 -15.995721
v -4.045465 3.024057 -15.995721
v -4.124818 3.172516 -15.995721
v -5.317028 3.745109 -15.094820
v -5.445889 3.676231 -15.094820
v -5.287356 3.438970 -15.957439
v -5.207829 3.481478 -15.957439
v -4.231728 3.676231 -15.094820
v -4.360590 3.745109 -15.094820
v -4.469789 3.481478 -15.957439
v -4.390260 3.438970 -15.957439
v -4.798681 1.542672 -15.094820
v -4.653270 1.556993 -15.094820
v -4.708940 1.836862 -15.957439
v -4.798681 1.828023 -15.957439
v -5.512618 3.631644 -15.094820
v -5.625567 3.538949 -15.094820
v -5.423793 3.337176 -15.957439
v -5.354085 3.394383 -15.957439
v -4.434734 3.775821 -15.094820
v -4.574558 3.818236 -15.094820
v -4.630228 3.538368 -15.957439
v -4.543934 3.512190 -15.957439
v -4.574558 1.572650 -15.094820
v -4.434734 1.615065 -15.094820
v -4.543934 1.878696 -15.957439
v -4.630228 1.852519 -15.957439
v -5.682315 3.482202 -15.094820
v -5.775010 3.369253 -15.094820
v -5.537748 3.210720 -15.957439
v -5.480541 3.280428 -15.957439
v -4.653270 3.833893 -15.094820
v -4.798681 3.848215 -15.094820
v -4.798681 3.562863 -15.957439
v -4.708940 3.554024 -15.957439
v -4.360590 1.645777 -15.094820
v -4.231728 1.714655 -15.094820
v -4.390260 1.951917 -15.957439
v -4.469789 1.909408 -15.957439
v -5.819596 3.302525 -15.094820
v -5.888475 3.173662 -15.094820
v -5.624844 3.064463 -15.957439
v -5.582335 3.143991 -15.957439
v -4.164999 1.759242 -15.094820
v -4.052050 1.851936 -15.094820
v -4.253824 2.053711 -15.957439
v -4.323532 1.996503 -15.957439
v -5.919187 3.099517 -15.094820
v -5.961602 2.959694 -15.094820
v -5.681733 2.904024 -15.957439
v -5.655556 2.990318 -15.957439
v -3.995302 1.908685 -15.094820
v -3.902607 2.021633 -15.094820
v -4.139869 2.180166 -15.957439
v -4.197076 2.110459 -15.957439
v -5.977258 2.880982 -15.094820
v -5.991580 2.735570 -15.094820
v -5.706228 2.735570 -15.957439
v -5.697390 2.825313 -15.957439
v -3.858021 2.088362 -15.094820
v -3.789142 2.217224 -15.094820
v -4.052773 2.326423 -15.957439
v -4.095282 2.246895 -15.957439
v -5.991580 2.655316 -15.094820
v -5.977258 2.509904 -15.094820
v -5.697390 2.565574 -15.957439
v -5.706228 2.655316 -15.957439
v -3.758430 2.291369 -15.094820
v -3.716016 2.431193 -15.094820
v -3.995884 2.486862 -15.957439
v -4.022061 2.400568 -15.957439
v -5.961602 2.431193 -15.094820
v -5.919187 2.291369 -15.094820
v -5.655556 2.400568 -15.957439
v -5.681733 2.486862 -15.957439
v -3.700359 2.509904 -15.094820
v -3.686037 2.655316 -15.094820
v -3.971389 2.655316 -15.957439
v -3.980228 2.565574 -15.957439
v -5.888475 2.217224 -15.094820
v -5.819596 2.088362 -15.094820
v -5.582335 2.246895 -15.957439
v -5.624844 2.326423 -15.957439
v -3.686037 2.735570 -15.094820
v -3.700359 2.880982 -15.094820
v -3.980228 2.825312 -15.957439
v -3.971389 2.735570 -15.957439
v -5.775010 2.021633 -15.094820
v -5.682315 1.908685 -15.094820
v -5.480541 2.110459 -15.957439
v -5.537748 2.180166 -15.957439
v -3.716016 2.959694 -15.094820
v -3.758430 3.099517 -15.094820
v -4.022061 2.990318 -15.957439
v -3.995884 2.904024 -15.957439
v -5.625567 1.851936 -15.094820
v -5.512618 1.759242 -15.094820
v -5.354085 1.996503 -15.957439
v -5.423793 2.053711 -15.957439
v -3.789142 3.173662 -15.094820
v -3.858021 3.302525 -15.094820
v -4.095282 3.143991 -15.957439
v -4.052773 3.064463 -15.957439
v -5.445889 1.714655 -15.094820
v -5.317028 1.645777 -15.094820
v -5.207829 1.909408 -15.957439
v -5.287356 1.951917 -15.957439
v -4.878935 3.848215 -15.094820
v -5.024347 3.833893 -15.094820
v -4.968678 3.554024 -15.957439
v -4.878935 3.562863 -15.957439
v -3.902607 3.369253 -15.094820
v -3.995302 3.482202 -15.094820
v -4.197076 3.280428 -15.957439
v -4.139869 3.210720 -15.957439
v -5.242882 1.615065 -15.094820
v -5.103059 1.572650 -15.094820
v -5.047390 1.852519 -15.957439
v -5.133683 1.878696 -15.957439
v -5.103059 3.818236 -15.094820
v -5.242882 3.775821 -15.094820
v -5.133683 3.512190 -15.957439
v -5.047390 3.538368 -15.957439
v -4.052050 3.538949 -15.094820
v -4.164999 3.631644 -15.094820
v -4.323532 3.394383 -15.957439
v -4.253824 3.337176 -15.957439
v -5.024347 1.556993 -15.094820
v -4.878935 1.542672 -15.094820
v -4.878935 1.828023 -15.957439
v -4.968678 1.836862 -15.957439
v -5.328244 3.766094 -15.102654
v -5.457106 3.697216 -15.102654
v -5.219045 3.502464 -15.965273
v -5.298573 3.459955 -15.965273
v -4.220510 3.697216 -15.102654
v -4.349372 3.766094 -15.102654
v -4.379043 3.459955 -15.965273
v -4.458572 3.502464 -15.965273
v -4.796349 1.518991 -15.102654
v -4.650937 1.533313 -15.102654
v -4.796349 1.804343 -15.965273
v -4.706607 1.813182 -15.965273
v -5.527714 3.650038 -15.102654
v -5.640663 3.557344 -15.102654
v -5.369181 3.412777 -15.965273
v -5.438889 3.355570 -15.965273
v -4.427827 3.798592 -15.102654
v -4.567651 3.841007 -15.102654
v -4.537026 3.534961 -15.965273
v -4.623321 3.561138 -15.965273
v -4.567651 1.549880 -15.102654
v -4.427827 1.592295 -15.102654
v -4.623320 1.829748 -15.965273
v -4.537026 1.855925 -15.965273
v -5.700708 3.497297 -15.102654
v -5.793404 3.384349 -15.102654
v -5.498935 3.295523 -15.965273
v -5.556142 3.225816 -15.965273
v -4.650937 3.857573 -15.102654
v -4.796349 3.871895 -15.102654
v -4.706607 3.577705 -15.965273
v -4.796349 3.586544 -15.965273
v -4.349372 1.624792 -15.102654
v -4.220510 1.693670 -15.102654
v -4.458572 1.888422 -15.965273
v -4.379043 1.930931 -15.965273
v -5.840582 3.313741 -15.102654
v -5.909461 3.184879 -15.102654
v -5.603321 3.155209 -15.965273
v -5.645829 3.075680 -15.965273
v -4.149903 1.740848 -15.102654
v -4.036954 1.833543 -15.102654
v -4.308436 1.978109 -15.965273
v -4.238729 2.035317 -15.965273
v -5.941957 3.106425 -15.102654
v -5.984372 2.966601 -15.102654
v -5.678326 2.997225 -15.965273
v -5.704504 2.910932 -15.965273
v -3.976908 1.893589 -15.102654
v -3.884213 2.006538 -15.102654
v -4.178682 2.095363 -15.965273
v -4.121475 2.165071 -15.965273
v -6.000938 2.883314 -15.102654
v -6.015260 2.737902 -15.102654
v -5.721070 2.827645 -15.965273
v -5.729908 2.737902 -15.965273
v -3.837035 2.077145 -15.102654
v -3.768157 2.206007 -15.102654
v -4.074296 2.235678 -15.965273
v -4.031787 2.315206 -15.965273
v -6.015260 2.652984 -15.102654
v -6.000938 2.507572 -15.102654
v -5.729908 2.652984 -15.965273
v -5.721070 2.563242 -15.965273
v -3.735660 2.284461 -15.102654
v -3.693245 2.424285 -15.102654
v -3.999290 2.393661 -15.965273
v -3.973114 2.479954 -15.965273
v -5.984372 2.424285 -15.102654
v -5.941957 2.284461 -15.102654
v -5.704504 2.479955 -15.965273
v -5.678326 2.393661 -15.965273
v -3.676678 2.507572 -15.102654
v -3.662356 2.652984 -15.102654
v -3.956547 2.563241 -15.965273
v -3.947708 2.652984 -15.965273
v -5.909461 2.206007 -15.102654
v -5.840582 2.077145 -15.102654
v -5.645829 2.315206 -15.965273
v -5.603321 2.235678 -15.965273
v -3.662356 2.737902 -15.102654
v -3.676678 2.883314 -15.102654
v -3.947708 2.737902 -15.965273
v -3.956547 2.827645 -15.965273
v -5.793404 2.006538 -15.102654
v -5.700708 1.893589 -15.102654
v -5.556142 2.165071 -15.965273
v -5.498935 2.095363 -15.965273
v -3.693245 2.966601 -15.102654
v -3.735660 3.106425 -15.102654
v -3.973114 2.910932 -15.965273
v -3.999290 2.997225 -15.965273
v -5.640663 1.833542 -15.102654
v -5.527714 1.740848 -15.102654
v -5.438889 2.035316 -15.965273
v -5.369181 1.978109 -15.965273
v -3.768157 3.184879 -15.102654
v -3.837035 3.313741 -15.102654
v -4.031787 3.075680 -15.965273
v -4.074296 3.155209 -15.965273
v -5.457106 1.693670 -15.102654
v -5.328244 1.624792 -15.102654
v -5.298573 1.930931 -15.965273
v -5.219045 1.888422 -15.965273
v -4.881268 3.871895 -15.102654
v -5.026680 3.857573 -15.102654
v -4.881268 3.586544 -15.965273
v -4.971010 3.577705 -15.965273
v -3.884213 3.384349 -15.102654
v -3.976908 3.497297 -15.102654
v -4.121475 3.225816 -15.965273
v -4.178682 3.295523 -15.965273
v -5.249790 1.592295 -15.102654
v -5.109967 1.549880 -15.102654
v -5.140591 1.855925 -15.965273
v -5.054297 1.829748 -15.965273
v -5.109967 3.841007 -15.102654
v -5.249790 3.798592 -15.102654
v -5.054297 3.561138 -15.965273
v -5.140591 3.534961 -15.965273
v -4.036954 3.557344 -15.102654
v -4.149903 3.650038 -15.102654
v -4.238729 3.355570 -15.965273
v -4.308436 3.412777 -15.965273
v -5.026680 1.533313 -15.102654
v -4.881268 1.518991 -15.102654
v -4.971010 1.813182 -15.965273
v -4.881268 1.804343 -15.965273
v -4.889446 3.859843 -13.776000
v -4.889446 3.859842 -11.538992
v -5.016307 3.847348 -13.776000
v -5.237621 3.790586 -11.538992
v -5.331188 3.751829 -13.776000
v -5.331188 3.751829 -11.538992
v -5.626357 3.554604 -11.538992
v -5.835104 3.300245 -13.776000
v -5.835104 3.300245 -11.538992
v -5.933951 3.094256 -13.776000
v -5.933951 3.094256 -11.538992
v -5.970955 2.972270 -11.538992
v -5.970955 2.972271 -13.776000
v -5.990713 2.872941 -11.538992
v -6.003208 2.746081 -13.776000
v -6.003208 2.644805 -11.538992
v -5.990713 2.517945 -11.538992
v -5.990713 2.517945 -13.776000
v -5.970955 2.418615 -13.776000
v -5.933951 2.296630 -13.776000
v -5.895195 2.203063 -13.776000
v -5.895195 2.203063 -11.538992
v -5.778838 2.006434 -13.776000
v -5.778838 2.006433 -11.538992
v -5.697969 1.907894 -13.776000
v -5.527818 1.755413 -13.776000
v -5.443610 1.699148 -13.776000
v -5.331188 1.639056 -11.538992
v -5.331188 1.639056 -13.776000
v -5.237621 1.600300 -11.538992
v -5.115636 1.563296 -11.538992
v -5.115636 1.563296 -13.776000
v -5.016307 1.543538 -13.776000
v -5.016307 1.543538 -11.538992
v -4.889446 1.531043 -11.538992
v -4.788171 1.531044 -13.776000
v -4.788171 1.531043 -11.538992
v -4.661310 1.543538 -11.538992
v -4.561981 1.563296 -13.776000
v -4.561981 1.563296 -11.538992
v -4.439995 1.600300 -13.776000
v -4.346429 1.639056 -13.776000
v -4.346429 1.639056 -11.538992
v -4.149799 1.755413 -13.776000
v -4.149799 1.755413 -11.538992
v -3.842513 2.090641 -13.776000
v -3.842513 2.090641 -11.538992
v -3.782422 2.203063 -11.538992
v -3.782422 2.203063 -13.776000
v -3.706661 2.418615 -13.776000
v -3.686904 2.517945 -13.776000
v -3.674409 2.746081 -13.776000
v -3.686904 2.872941 -13.776000
v -3.706661 2.972270 -11.538992
v -3.743665 3.094256 -13.776000
v -3.782422 3.187823 -13.776000
v -3.782422 3.187823 -11.538992
v -3.842513 3.300245 -11.538992
v -3.842513 3.300245 -13.776000
v -3.898778 3.384453 -13.776000
v -3.898778 3.384452 -11.538992
v -3.979647 3.482991 -11.538992
v -3.979647 3.482992 -13.776000
v -4.051260 3.554604 -13.776000
v -4.234006 3.691738 -11.538992
v -4.439995 3.790586 -11.538992
v -4.788171 3.859843 -13.776000
v -6.003208 2.644805 -13.877766
v -4.439995 1.600300 -13.877766
v -4.561981 1.563296 -15.005657
v -3.782422 3.187823 -13.877766
v -3.842513 3.300245 -13.877766
v -3.842513 3.300245 -15.005657
v -3.782422 3.187823 -15.005657
v -5.697969 3.482992 -13.877766
v -5.778838 3.384453 -15.005657
v -5.697969 3.482992 -15.005657
v -5.443610 1.699148 -13.877766
v -5.331188 1.639056 -13.877766
v -5.331188 1.639056 -15.005657
v -3.743665 2.296630 -13.877766
v -3.743665 2.296630 -15.005657
v -4.661310 3.847348 -13.877766
v -4.788171 3.859843 -13.877766
v -5.970955 2.418615 -13.877766
v -5.933951 2.296630 -15.005657
v -4.234006 1.699148 -13.877766
v -4.234006 1.699148 -15.005657
v -4.346429 1.639056 -15.005657
v -3.979647 3.482992 -15.005657
v -3.898778 3.384453 -15.005657
v -5.895195 3.187823 -13.877766
v -5.835104 3.300245 -15.005657
v -5.237621 1.600300 -13.877766
v -3.686904 2.517945 -13.877766
v -3.674409 2.644805 -13.877766
v -3.674409 2.644805 -15.005657
v -3.686904 2.517945 -15.005657
v -5.115636 3.827590 -13.877766
v -5.895195 2.203063 -13.877766
v -5.895195 2.203063 -15.005657
v -4.051260 1.836282 -13.877766
v -4.051260 1.836282 -15.005657
v -4.051260 3.554604 -13.877766
v -5.933951 3.094256 -13.877766
v -5.970955 2.972271 -13.877766
v -5.970955 2.972271 -15.005657
v -5.933951 3.094256 -15.005657
v -5.016307 1.543538 -13.877766
v -4.889446 1.531044 -13.877766
v -5.016307 1.543538 -15.005657
v -3.674409 2.746081 -13.877766
v -3.686904 2.872941 -13.877766
v -3.686904 2.872941 -15.005657
v -3.674409 2.746081 -15.005657
v -5.331188 3.751829 -13.877766
v -3.979647 1.907894 -13.877766
v -3.898778 2.006434 -13.877766
v -3.898778 2.006434 -15.005657
v -3.979647 1.907895 -15.005657
v -4.234006 3.691739 -13.877766
v -4.346429 3.751829 -13.877766
v -4.346429 3.751829 -15.005657
v -4.234006 3.691739 -15.005657
v -6.003208 2.746081 -15.005657
v -5.990713 2.872941 -15.005657
v -4.661310 1.543538 -13.877766
v -4.661310 1.543538 -15.005657
v -3.706661 2.972271 -13.877766
v -3.743665 3.094256 -13.877766
v -3.743665 3.094256 -15.005657
v -5.527818 3.635473 -13.877766
v -5.626357 3.554604 -15.005657
v -5.527818 3.635473 -15.005657
v -5.626357 1.836282 -13.877766
v -5.527818 1.755413 -13.877766
v -5.626357 1.836282 -15.005657
v -3.782422 2.203063 -15.005657
v -4.439995 3.790586 -13.877766
v -4.439995 3.790586 -15.005657
v -5.016307 3.847348 -11.538992
v -5.115636 3.827590 -11.538992
v -5.115636 3.827590 -13.776000
v -5.237621 3.790586 -13.776000
v -5.443610 3.691739 -13.776000
v -5.443610 3.691738 -11.538992
v -5.527818 3.635473 -11.538992
v -5.527818 3.635473 -13.776000
v -5.626357 3.554604 -13.776000
v -5.697969 3.482991 -11.538992
v -5.697969 3.482992 -13.776000
v -5.778838 3.384453 -13.776000
v -5.778838 3.384452 -11.538992
v -5.895195 3.187823 -13.776000
v -5.895195 3.187823 -11.538992
v -5.990713 2.872941 -13.776000
v -6.003208 2.746081 -11.538992
v -6.003208 2.644805 -13.776000
v -5.970955 2.418615 -11.538992
v -5.933951 2.296629 -11.538992
v -5.835104 2.090641 -13.776000
v -5.835104 2.090641 -11.538992
v -5.697969 1.907894 -11.538992
v -5.626357 1.836282 -11.538992
v -5.626357 1.836282 -13.776000
v -5.527818 1.755413 -11.538992
v -5.443610 1.699147 -11.538992
v -5.237621 1.600300 -13.776000
v -4.889446 1.531044 -13.776000
v -4.661310 1.543538 -13.776000
v -4.439995 1.600300 -11.538992
v -4.234006 1.699148 -13.776000
v -4.234006 1.699147 -11.538992
v -4.051260 1.836282 -13.776000
v -4.051260 1.836282 -11.538992
v -3.979647 1.907894 -11.538992
v -3.979647 1.907894 -13.776000
v -3.898778 2.006434 -13.776000
v -3.898778 2.006433 -11.538992
v -3.743665 2.296629 -11.538992
v -3.743665 2.296630 -13.776000
v -3.706661 2.418615 -11.538992
v -3.686904 2.517945 -11.538992
v -3.674409 2.644805 -13.776000
v -3.674409 2.644805 -11.538992
v -3.674409 2.746081 -11.538992
v -3.686904 2.872941 -11.538992
v -3.706661 2.972271 -13.776000
v -3.743665 3.094256 -11.538992
v -4.051260 3.554604 -11.538992
v -4.149799 3.635473 -13.776000
v -4.149799 3.635473 -11.538992
v -4.234006 3.691739 -13.776000
v -4.346429 3.751829 -13.776000
v -4.346429 3.751829 -11.538992
v -4.439995 3.790586 -13.776000
v -4.561981 3.827590 -13.776000
v -4.561981 3.827590 -11.538992
v -4.661310 3.847348 -11.538992
v -4.661310 3.847348 -13.776000
v -4.788171 3.859842 -11.538992
v -5.990713 2.517945 -13.877766
v -6.003208 2.644805 -15.005657
v -5.990713 2.517945 -15.005657
v -4.561981 1.563296 -13.877766
v -4.439995 1.600300 -15.005657
v -5.778838 3.384453 -13.877766
v -5.443610 1.699148 -15.005657
v -3.706661 2.418615 -13.877766
v -3.706661 2.418615 -15.005657
v -4.889446 3.859843 -13.877766
v -5.016307 3.847348 -13.877766
v -4.889446 3.859843 -15.005657
v -5.016307 3.847348 -15.005657
v -4.661310 3.847348 -15.005657
v -4.788171 3.859843 -15.005657
v -5.933951 2.296630 -13.877766
v -5.970955 2.418615 -15.005657
v -4.346429 1.639056 -13.877766
v -3.898778 3.384453 -13.877766
v -3.979647 3.482992 -13.877766
v -5.835104 3.300245 -13.877766
v -5.895195 3.187823 -15.005657
v -5.115636 1.563296 -13.877766
v -5.237621 1.600300 -15.005657
v -5.115636 1.563296 -15.005657
v -5.237621 3.790586 -13.877766
v -5.115636 3.827590 -15.005657
v -5.237621 3.790586 -15.005657
v -5.835104 2.090641 -13.877766
v -5.835104 2.090641 -15.005657
v -4.149799 1.755413 -13.877766
v -4.149799 1.755413 -15.005657
v -4.149799 3.635473 -13.877766
v -4.051260 3.554604 -15.005657
v -4.149799 3.635473 -15.005657
v -4.889446 1.531044 -15.005657
v -5.443610 3.691739 -13.877766
v -5.331188 3.751829 -15.005657
v -5.443610 3.691739 -15.005657
v -5.778838 2.006434 -13.877766
v -5.697969 1.907894 -13.877766
v -5.778838 2.006434 -15.005657
v -5.697969 1.907894 -15.005657
v -5.990713 2.872941 -13.877766
v -6.003208 2.746081 -13.877766
v -4.788171 1.531044 -13.877766
v -4.788171 1.531044 -15.005657
v -3.706661 2.972271 -15.005657
v -5.626357 3.554604 -13.877766
v -5.527818 1.755413 -15.005657
v -3.842513 2.090641 -13.877766
v -3.782422 2.203063 -13.877766
v -3.842513 2.090641 -15.005657
v -4.561981 3.827590 -13.877766
v -4.561981 3.827590 -15.005657
v -4.885231 3.817054 -13.776000
v -4.885231 3.817054 -11.538992
v -5.012093 3.804559 -11.538992
v -5.012093 3.804559 -13.776000
v -5.103156 3.786446 -13.776000
v -5.103156 3.786445 -11.538992
v -5.225141 3.749442 -11.538992
v -5.225141 3.749442 -13.776000
v -5.310920 3.713911 -13.776000
v -5.310920 3.713911 -11.538992
v -5.423342 3.653820 -11.538992
v -5.423342 3.653820 -13.776000
v -5.500542 3.602237 -13.776000
v -5.500542 3.602237 -11.538992
v -5.599081 3.521368 -11.538992
v -5.599081 3.521368 -13.776000
v -5.664733 3.455716 -13.776000
v -5.664733 3.455716 -11.538992
v -5.745602 3.357176 -11.538992
v -5.745602 3.357177 -13.776000
v -5.797185 3.279977 -13.776000
v -5.797185 3.279977 -11.538992
v -5.857277 3.167555 -11.538992
v -5.857277 3.167555 -13.776000
v -5.892807 3.081776 -13.776000
v -5.892807 3.081775 -11.538992
v -5.929811 2.959790 -11.538992
v -5.929811 2.959790 -13.776000
v -5.947925 2.868727 -13.776000
v -5.947925 2.868727 -11.538992
v -5.960420 2.741866 -11.538992
v -5.960420 2.741866 -13.776000
v -5.960420 2.649020 -13.776000
v -5.960420 2.649019 -11.538992
v -5.947925 2.522159 -11.538992
v -5.947925 2.522159 -13.776000
v -5.929811 2.431096 -13.776000
v -5.929811 2.431096 -11.538992
v -5.892807 2.309110 -11.538992
v -5.892807 2.309111 -13.776000
v -5.857277 2.223331 -13.776000
v -5.857277 2.223331 -11.538992
v -5.797185 2.110909 -11.538992
v -5.797185 2.110909 -13.776000
v -5.745602 2.033710 -13.776000
v -5.745602 2.033710 -11.538992
v -5.664733 1.935170 -11.538992
v -5.664733 1.935170 -13.776000
v -5.599081 1.869518 -13.776000
v -5.599081 1.869518 -11.538992
v -5.500542 1.788649 -11.538992
v -5.500542 1.788649 -13.776000
v -5.423342 1.737066 -13.776000
v -5.423342 1.737066 -11.538992
v -5.310920 1.676975 -11.538992
v -5.310920 1.676975 -13.776000
v -5.225141 1.641444 -13.776000
v -5.225141 1.641444 -11.538992
v -5.103156 1.604440 -11.538992
v -5.103156 1.604440 -13.776000
v -5.012093 1.586327 -13.776000
v -5.012093 1.586326 -11.538992
v -4.885231 1.573832 -11.538992
v -4.885231 1.573832 -13.776000
v -4.792386 1.573832 -13.776000
v -4.792386 1.573832 -11.538992
v -4.665524 1.586326 -11.538992
v -4.665524 1.586327 -13.776000
v -4.574462 1.604440 -13.776000
v -4.574462 1.604440 -11.538992
v -4.452476 1.641444 -11.538992
v -4.452476 1.641444 -13.776000
v -4.366697 1.676975 -13.776000
v -4.366697 1.676975 -11.538992
v -4.254274 1.737066 -11.538992
v -4.254274 1.737066 -13.776000
v -4.177075 1.788649 -13.776000
v -4.177075 1.788649 -11.538992
v -4.078536 1.869518 -11.538992
v -4.078536 1.869518 -13.776000
v -4.012883 1.935171 -13.776000
v -4.012883 1.935170 -11.538992
v -3.932014 2.033710 -11.538992
v -3.932014 2.033710 -13.776000
v -3.880432 2.110909 -13.776000
v -3.880432 2.110909 -11.538992
v -3.820340 2.223331 -11.538992
v -3.820340 2.223331 -13.776000
v -3.784810 2.309111 -13.776000
v -3.784810 2.309110 -11.538992
v -3.747806 2.431096 -11.538992
v -3.747806 2.431096 -13.776000
v -3.729692 2.522159 -13.776000
v -3.729692 2.522159 -11.538992
v -3.717197 2.649019 -11.538992
v -3.717197 2.649020 -13.776000
v -3.717197 2.741866 -13.776000
v -3.717197 2.741866 -11.538992
v -3.729692 2.868727 -11.538992
v -3.729692 2.868727 -13.776000
v -3.747806 2.959790 -13.776000
v -3.747806 2.959790 -11.538992
v -3.784810 3.081775 -11.538992
v -3.784810 3.081776 -13.776000
v -3.820340 3.167555 -13.776000
v -3.820340 3.167555 -11.538992
v -3.880432 3.279977 -11.538992
v -3.880432 3.279977 -13.776000
v -3.932014 3.357177 -13.776000
v -3.932014 3.357176 -11.538992
v -4.012883 3.455716 -11.538992
v -4.012883 3.455716 -13.776000
v -4.078536 3.521368 -13.776000
v -4.078536 3.521368 -11.538992
v -4.177075 3.602237 -11.538992
v -4.177075 3.602237 -13.776000
v -4.254274 3.653820 -13.776000
v -4.254274 3.653820 -11.538992
v -4.366697 3.713911 -11.538992
v -4.366697 3.713911 -13.776000
v -4.452476 3.749442 -13.776000
v -4.452476 3.749442 -11.538992
v -4.574462 3.786445 -11.538992
v -4.574462 3.786446 -13.776000
v -4.665524 3.804559 -13.776000
v -4.665524 3.804559 -11.538992
v -4.792386 3.817054 -11.538992
v -4.792386 3.817054 -13.776000
v -5.960420 2.649020 -13.877766
v -5.947925 2.522159 -13.877766
v -5.947925 2.522159 -15.005657
v -5.960420 2.649020 -15.005657
v -4.574462 1.604440 -13.877766
v -4.452476 1.641444 -13.877766
v -4.452476 1.641444 -15.005657
v -4.574462 1.604440 -15.005657
v -3.820340 3.167555 -13.877766
v -3.880432 3.279977 -13.877766
v -3.880432 3.279977 -15.005657
v -3.820340 3.167555 -15.005657
v -5.664733 3.455716 -13.877766
v -5.745602 3.357177 -13.877766
v -5.745602 3.357177 -15.005657
v -5.664733 3.455716 -15.005657
v -5.423342 1.737066 -13.877766
v -5.310920 1.676975 -13.877766
v -5.310920 1.676975 -15.005657
v -5.423342 1.737066 -15.005657
v -3.784810 2.309111 -13.877766
v -3.747806 2.431096 -13.877766
v -3.747806 2.431096 -15.005657
v -3.784810 2.309111 -15.005657
v -4.885231 3.817054 -13.877766
v -5.012093 3.804559 -13.877766
v -5.012093 3.804559 -15.005657
v -4.885231 3.817054 -15.005657
v -4.665524 3.804559 -13.877766
v -4.792386 3.817054 -13.877766
v -4.792386 3.817054 -15.005657
v -4.665524 3.804559 -15.005657
v -5.929811 2.431096 -13.877766
v -5.892807 2.309111 -13.877766
v -5.892807 2.309111 -15.005657
v -5.929811 2.431096 -15.005657
v -4.366697 1.676975 -13.877766
v -4.254274 1.737066 -13.877766
v -4.254274 1.737066 -15.005657
v -4.366697 1.676975 -15.005657
v -3.932014 3.357177 -13.877766
v -4.012883 3.455716 -13.877766
v -4.012883 3.455716 -15.005657
v -3.932014 3.357177 -15.005657
v -5.797185 3.279977 -13.877766
v -5.857277 3.167555 -13.877766
v -5.857277 3.167555 -15.005657
v -5.797185 3.279977 -15.005657
v -5.225141 1.641444 -13.877766
v -5.103156 1.604440 -13.877766
v -5.103156 1.604440 -15.005657
v -5.225141 1.641444 -15.005657
v -3.729692 2.522159 -13.877766
v -3.717197 2.649020 -13.877766
v -3.717197 2.649020 -15.005657
v -3.729692 2.522159 -15.005657
v -5.103156 3.786446 -13.877766
v -5.225141 3.749442 -13.877766
v -5.225141 3.749442 -15.005657
v -5.103156 3.786446 -15.005657
v -5.857277 2.223331 -13.877766
v -5.797185 2.110909 -13.877766
v -5.797185 2.110909 -15.005657
v -5.857277 2.223331 -15.005657
v -4.177075 1.788649 -13.877766
v -4.078536 1.869518 -13.877766
v -4.078536 1.869518 -15.005657
v -4.177075 1.788649 -15.005657
v -4.078536 3.521368 -13.877766
v -4.177075 3.602237 -13.877766
v -4.177075 3.602237 -15.005657
v -4.078536 3.521368 -15.005657
v -5.892807 3.081776 -13.877766
v -5.929811 2.959790 -13.877766
v -5.929811 2.959790 -15.005657
v -5.892807 3.081776 -15.005657
v -5.012093 1.586327 -13.877766
v -4.885231 1.573832 -13.877766
v -4.885231 1.573832 -15.005657
v -5.012093 1.586327 -15.005657
v -3.717197 2.741866 -13.877766
v -3.729692 2.868727 -13.877766
v -3.729692 2.868727 -15.005657
v -3.717197 2.741866 -15.005657
v -5.310920 3.713911 -13.877766
v -5.423342 3.653820 -13.877766
v -5.423342 3.653820 -15.005657
v -5.310920 3.713911 -15.005657
v -5.745602 2.033710 -13.877766
v -5.664733 1.935170 -13.877766
v -5.664733 1.935170 -15.005657
v -5.745602 2.033710 -15.005657
v -4.012883 1.935171 -13.877766
v -3.932014 2.033710 -13.877766
v -3.932014 2.033710 -15.005657
v -4.012883 1.935171 -15.005657
v -4.254274 3.653820 -13.877766
v -4.366697 3.713911 -13.877766
v -4.366697 3.713911 -15.005657
v -4.254274 3.653820 -15.005657
v -5.947925 2.868727 -13.877766
v -5.960420 2.741866 -13.877766
v -5.960420 2.741866 -15.005657
v -5.947925 2.868727 -15.005657
v -4.792386 1.573832 -13.877766
v -4.665524 1.586327 -13.877766
v -4.665524 1.586327 -15.005657
v -4.792386 1.573832 -15.005657
v -3.747806 2.959790 -13.877766
v -3.784810 3.081776 -13.877766
v -3.784810 3.081776 -15.005657
v -3.747806 2.959790 -15.005657
v -5.500542 3.602237 -13.877766
v -5.599081 3.521368 -13.877766
v -5.599081 3.521368 -15.005657
v -5.500542 3.602237 -15.005657
v -5.599081 1.869518 -13.877766
v -5.500542 1.788649 -13.877766
v -5.500542 1.788649 -15.005657
v -5.599081 1.869518 -15.005657
v -3.880432 2.110909 -13.877766
v -3.820340 2.223331 -13.877766
v -3.820340 2.223331 -15.005657
v -3.880432 2.110909 -15.005657
v -4.452476 3.749442 -13.877766
v -4.574462 3.786446 -13.877766
v -4.574462 3.786446 -15.005657
v -4.452476 3.749442 -15.005657
v -5.167422 3.488786 -15.995721
v -5.315882 3.409433 -15.995721
v -5.552799 3.172516 -15.995721
v -5.632152 3.024057 -15.995721
v -5.697517 2.695443 -15.995721
v -5.681018 2.527917 -15.995721
v -5.552799 2.218370 -15.995721
v -5.446007 2.088244 -15.995721
v -5.167422 1.902100 -15.995721
v -5.006334 1.853234 -15.995721
v -4.838809 1.836734 -15.995721
v -4.671283 1.853234 -15.995721
v -4.510195 1.902100 -15.995721
v -4.231610 2.088244 -15.995721
v -4.124818 2.218370 -15.995721
v -3.996600 2.527917 -15.995721
v -3.996600 2.862969 -15.995721
v -4.231610 3.302642 -15.995721
v -4.361735 3.409433 -15.995721
v -4.510195 3.488786 -15.995721
v -4.671283 3.537652 -15.995721
v -4.838809 3.516782 -15.995721
v -4.999043 3.501000 -15.995721
v -5.153121 3.454261 -15.995721
v -5.295120 3.378361 -15.995721
v -5.419583 3.276217 -15.995721
v -5.521727 3.151754 -15.995721
v -5.597626 3.009756 -15.995721
v -5.644366 2.855679 -15.995721
v -5.660148 2.695443 -15.995721
v -5.644366 2.535208 -15.995721
v -5.597626 2.381130 -15.995721
v -5.521727 2.239132 -15.995721
v -5.419583 2.114669 -15.995721
v -5.295120 2.012525 -15.995721
v -5.153121 1.936625 -15.995721
v -4.999043 1.889886 -15.995721
v -4.838809 1.874104 -15.995721
v -4.678574 1.889886 -15.995721
v -4.524496 1.936625 -15.995721
v -4.382497 2.012525 -15.995721
v -4.258034 2.114669 -15.995721
v -4.155890 2.239132 -15.995721
v -4.079990 2.381130 -15.995721
v -4.033252 2.535208 -15.995721
v -4.017470 2.695443 -15.995721
v -4.033252 2.855679 -15.995721
v -4.079990 3.009756 -15.995721
v -4.155890 3.151754 -15.995721
v -4.258034 3.276217 -15.995721
v -4.382497 3.378361 -15.995721
v -4.524496 3.454261 -15.995721
v -4.678574 3.501000 -15.995721
v -4.838806 3.516782 -13.204727
v -4.999041 3.501000 -13.204727
v -4.678571 3.501000 -13.204727
v -5.153119 3.454261 -13.204727
v -5.295117 3.378361 -13.204727
v -5.419580 3.276217 -13.204727
v -5.521724 3.151754 -13.204727
v -5.597624 3.009756 -13.204727
v -5.644363 2.855678 -13.204727
v -5.660145 2.695443 -13.204727
v -5.644363 2.535208 -13.204727
v -5.597624 2.381130 -13.204727
v -5.521724 2.239131 -13.204727
v -5.419580 2.114669 -13.204727
v -5.295117 2.012525 -13.204727
v -5.153119 1.936625 -13.204727
v -4.999041 1.889886 -13.204727
v -4.838806 1.874104 -13.204727
v -4.678571 1.889886 -13.204727
v -4.524493 1.936625 -13.204727
v -4.382494 2.012525 -13.204727
v -4.258032 2.114669 -13.204727
v -4.155888 2.239131 -13.204727
v -4.079988 2.381130 -13.204727
v -4.033249 2.535208 -13.204727
v -4.017467 2.695443 -13.204727
v -4.033249 2.855678 -13.204727
v -4.079988 3.009756 -13.204727
v -4.155888 3.151754 -13.204727
v -4.258032 3.276217 -13.204727
v -4.382494 3.378361 -13.204727
v -4.524493 3.454261 -13.204727
v -5.587681 2.558053 -4.131643
v -5.544231 2.425943 -4.081179
v -4.089935 2.558053 -4.131643
v -4.075264 2.695443 -4.184124
v -5.473672 2.304189 -4.034672
v -4.089935 2.832833 -4.236604
v -5.378716 2.197471 -3.993907
v -4.133386 2.964944 -4.287068
v -5.263011 2.109890 -3.960453
v -4.203945 3.086698 -4.333576
v -5.131004 2.044811 -3.935594
v -4.838809 3.399683 -4.453130
v -4.987769 3.386151 -4.447961
v -4.298901 3.193416 -4.374340
v -4.987769 2.004736 -3.920286
v -5.131004 3.346075 -4.432653
v -4.414606 3.280997 -4.407794
v -4.838809 1.991204 -3.915117
v -5.263011 3.280997 -4.407794
v -4.546613 3.346075 -4.432653
v -4.689848 2.004736 -3.920286
v -5.378716 3.193416 -4.374340
v -4.689848 3.386151 -4.447961
v -4.546613 2.044811 -3.935594
v -5.473672 3.086698 -4.333576
v -4.414606 2.109890 -3.960453
v -5.544231 2.964944 -4.287068
v -4.298901 2.197471 -3.993907
v -5.587681 2.832833 -4.236604
v -4.203945 2.304189 -4.034672
v -5.602353 2.695443 -4.184124
v -4.133386 2.425943 -4.081179
v -5.320416 3.362750 -3.655530
v -5.452894 3.263585 -3.615922
v -5.562161 3.141973 -3.567590
v -5.643617 3.002431 -3.512350
v -5.693686 2.850450 -3.452293
v -5.710155 2.692260 -3.389704
v -5.168488 1.954296 -3.091835
v -4.509129 1.954296 -3.091835
v -4.359408 2.026785 -3.121713
v -4.227377 2.124870 -3.161898
v -4.118176 2.245182 -3.210824
v -4.036271 2.383429 -3.266580
v -3.985232 2.534435 -3.326992
v -3.967463 2.692260 -3.389704
v -4.034000 3.002431 -3.512350
v -4.115456 3.141973 -3.567590
v -4.507586 3.436004 -3.684931
v -5.693598 2.537729 -4.131579
v -3.984019 2.537729 -4.131579
v -4.838809 3.507519 -4.451480
v -5.643483 2.383748 -4.080953
v -3.967449 2.698133 -4.184107
v -5.562078 2.242418 -4.034201
v -3.985142 2.858319 -4.236508
v -5.452924 2.119216 -3.993155
v -4.036193 3.011686 -4.286778
v -5.320551 2.018679 -3.959428
v -4.118202 3.152113 -4.333009
v -5.170200 1.944345 -3.934344
v -5.006545 3.492340 -4.446368
v -4.227540 3.274275 -4.373460
v -5.007605 1.898736 -3.918888
v -5.168230 3.447285 -4.431222
v -4.359665 3.373795 -4.406612
v -4.838809 1.883365 -3.913669
v -5.317951 3.373795 -4.406612
v -4.509387 3.447285 -4.431222
v -4.670012 1.898736 -3.918888
v -5.450077 3.274275 -4.373460
v -4.671072 3.492340 -4.446368
v -4.507416 1.944345 -3.934344
v -5.559415 3.152113 -4.333009
v -4.357066 2.018679 -3.959428
v -5.641424 3.011686 -4.286778
v -4.224693 2.119216 -3.993155
v -5.692475 2.858319 -4.236508
v -4.115540 2.242418 -4.034201
v -5.710168 2.698133 -4.184107
v -4.034134 2.383748 -4.080953
v -5.131004 3.335474 -3.686340
v -5.263011 3.271456 -3.656671
v -5.544231 2.960553 -3.512584
v -5.587681 2.830595 -3.452356
v -5.587681 2.560292 -3.327086
v -5.544231 2.430334 -3.266857
v -5.473672 2.310565 -3.211351
v -5.378716 2.205585 -3.162699
v -4.838809 2.002680 -3.068664
v -4.689848 2.015991 -3.074832
v -4.298901 2.205585 -3.162699
v -4.089935 2.830595 -3.452356
v -4.133386 2.960553 -3.512584
v -4.203945 3.080323 -3.568091
v -4.298901 3.185302 -3.616743
v -4.414606 3.271456 -3.656671
v -3.983930 2.850450 -3.452293
v -4.670912 1.909827 -3.073429
v -4.838809 1.894841 -3.067215
v -5.006705 1.909827 -3.073429
v -5.007490 3.480914 -3.703022
v -4.838809 3.496043 -3.709129
v -5.170031 3.436004 -3.684931
v -5.692385 2.534435 -3.326992
v -5.641346 2.383429 -3.266580
v -5.559441 2.245182 -3.210824
v -5.450240 2.124870 -3.161898
v -5.318208 2.026785 -3.121713
v -4.224723 3.263585 -3.615922
v -4.357201 3.362750 -3.655530
v -4.670127 3.480914 -3.703022
v -4.987769 3.374896 -2.987528
v -4.838809 3.388207 -2.993697
v -5.131004 3.335474 -2.969258
v -5.263011 3.271456 -2.939589
v -5.378716 3.185302 -2.899662
v -5.473672 3.080323 -2.851010
v -5.544231 2.960553 -2.795503
v -5.587681 2.830595 -2.735275
v -5.602353 2.695443 -2.672639
v -5.587681 2.560292 -2.610004
v -5.544231 2.430334 -2.549776
v -5.473672 2.310564 -2.494269
v -5.378716 2.205585 -2.445617
v -5.263011 2.119431 -2.405690
v -5.131004 2.055413 -2.376021
v -4.987769 2.015990 -2.357750
v -4.838809 2.002679 -2.351582
v -4.689848 2.015990 -2.357750
v -4.546613 2.055413 -2.376021
v -4.414606 2.119431 -2.405690
v -4.298901 2.205585 -2.445617
v -4.203945 2.310564 -2.494269
v -4.133386 2.430334 -2.549776
v -4.089935 2.560292 -2.610004
v -4.075264 2.695443 -2.672639
v -4.089935 2.830595 -2.735275
v -4.133386 2.960553 -2.795503
v -4.203945 3.080323 -2.851010
v -4.298901 3.185302 -2.899662
v -4.414606 3.271456 -2.939589
v -4.546613 3.335474 -2.969258
v -4.689848 3.374896 -2.987528
v -3.983930 2.850450 -2.735211
v -3.967463 2.692260 -2.672623
v -3.985232 2.534435 -2.609910
v -4.036271 2.383429 -2.549499
v -4.118176 2.245182 -2.493743
v -4.227377 2.124869 -2.444816
v -4.359408 2.026785 -2.404631
v -4.509129 1.954296 -2.374753
v -4.670912 1.909827 -2.356348
v -4.838809 1.894841 -2.350133
v -5.168488 1.954296 -2.374753
v -5.006705 1.909827 -2.356348
v -5.007490 3.480914 -2.985941
v -4.838809 3.496043 -2.992047
v -5.170031 3.436004 -2.967849
v -5.320416 3.362750 -2.938448
v -5.452894 3.263585 -2.898840
v -5.562161 3.141973 -2.850508
v -5.643617 3.002431 -2.795269
v -5.693686 2.850450 -2.735211
v -5.710155 2.692260 -2.672623
v -5.692385 2.534435 -2.609910
v -5.641346 2.383429 -2.549499
v -5.559441 2.245182 -2.493743
v -5.450240 2.124869 -2.444816
v -5.318208 2.026785 -2.404631
v -4.034000 3.002431 -2.795269
v -4.115456 3.141973 -2.850508
v -4.224723 3.263585 -2.898840
v -4.357201 3.362750 -2.938448
v -4.507586 3.436004 -2.967849
v -4.670127 3.480914 -2.985941
v -4.966578 3.278237 -3.659814
v -4.838809 3.289655 -3.665105
v -4.711039 3.278237 -3.659814
v -4.588181 3.244423 -3.644143
v -4.474953 3.189512 -3.618695
v -4.375708 3.115615 -3.584447
v -4.294260 3.025570 -3.542717
v -4.233739 2.922838 -3.495106
v -4.196470 2.811368 -3.443446
v -4.183886 2.695443 -3.389721
v -4.196470 2.579519 -3.335997
v -4.233739 2.468049 -3.284336
v -4.294260 2.365317 -3.236726
v -4.375708 2.275272 -3.194994
v -4.474953 2.201375 -3.160748
v -4.588181 2.146463 -3.135299
v -4.711039 2.112649 -3.119628
v -4.838809 2.101232 -3.114337
v -4.966578 2.112649 -3.119628
v -5.089436 2.146463 -3.135299
v -5.202664 2.201375 -3.160748
v -5.301909 2.275272 -3.194994
v -5.383357 2.365317 -3.236726
v -5.443879 2.468049 -3.284336
v -5.481147 2.579519 -3.335997
v -5.493731 2.695443 -3.389721
v -5.481147 2.811368 -3.443446
v -5.443879 2.922838 -3.495106
v -5.383357 3.025570 -3.542717
v -5.301909 3.115614 -3.584447
v -5.202664 3.189512 -3.618695
v -5.089436 3.244423 -3.644143
v -4.966578 3.278237 -6.850060
v -4.838809 3.289655 -6.855350
v -5.089436 3.244423 -6.834388
v -4.711039 3.278237 -6.850060
v -4.588181 3.244423 -6.834388
v -4.474953 3.189512 -6.808940
v -4.375708 3.115614 -6.774693
v -4.294260 3.025569 -6.732962
v -4.233739 2.922838 -6.685351
v -4.196470 2.811368 -6.633691
v -4.183886 2.695443 -6.579966
v -4.196470 2.579518 -6.526242
v -4.233739 2.468048 -6.474581
v -4.294260 2.365317 -6.426970
v -4.375708 2.275272 -6.385240
v -4.474953 2.201375 -6.350993
v -4.588181 2.146463 -6.325545
v -4.711039 2.112649 -6.309873
v -4.838809 2.101232 -6.304583
v -4.966578 2.112649 -6.309873
v -5.089436 2.146463 -6.325545
v -5.202664 2.201375 -6.350993
v -5.301909 2.275272 -6.385240
v -5.383357 2.365317 -6.426970
v -5.443879 2.468048 -6.474581
v -5.481147 2.579518 -6.526242
v -5.493731 2.695443 -6.579966
v -5.481147 2.811368 -6.633691
v -5.443879 2.922838 -6.685351
v -5.383357 3.025569 -6.732962
v -5.301909 3.115614 -6.774693
v -5.202664 3.189512 -6.808940
v -5.599553 2.721238 -2.713161
v -5.590482 2.804801 -2.751888
v -5.579454 2.855202 -3.435419
v -5.552459 2.935946 -2.812440
v -5.486843 3.057967 -3.529793
v -5.531062 2.982908 -3.495007
v -5.486843 3.057967 -2.868587
v -4.715691 3.377205 -3.679712
v -4.715691 3.377205 -3.014566
v -5.396121 3.166059 -3.580390
v -5.456267 3.099565 -2.887363
v -5.396121 3.166059 -2.918180
v -4.664832 3.368011 -3.675277
v -5.283821 3.255960 -3.622568
v -5.357905 3.200797 -3.597003
v -5.283821 3.255960 -2.959329
v -4.437952 3.282777 -3.635447
v -4.523267 3.324152 -3.654621
v -4.523267 3.324152 -2.990482
v -4.319712 3.200797 -3.597003
v -4.393795 3.255960 -3.622568
v -4.393795 3.255960 -2.959329
v -5.105988 3.342359 -3.663389
v -4.221350 3.099565 -3.549573
v -4.281496 3.166059 -3.580390
v -4.281496 3.166059 -2.918180
v -4.961926 3.377205 -3.679712
v -4.961926 3.377205 -3.014566
v -4.864651 3.385898 -3.018595
v -4.146555 2.982908 -3.495007
v -4.098163 2.855202 -3.435419
v -4.125158 2.935946 -3.472839
v -4.098163 2.855202 -2.775020
v -4.078064 2.721238 -2.713161
v -4.098163 2.535685 -3.287340
v -5.599553 2.669649 -3.349199
v -5.590482 2.586086 -3.310473
v -5.590482 2.586086 -2.650526
v -5.531062 2.407979 -3.228559
v -5.486843 2.332920 -3.193773
v -5.531062 2.407979 -2.567353
v -5.396121 2.224827 -2.481970
v -5.456267 2.291322 -2.512787
v -5.357905 2.190090 -3.128596
v -5.283821 2.134927 -2.439793
v -5.239666 2.108110 -3.091053
v -4.961926 2.013681 -3.047794
v -4.864651 2.004989 -3.043766
v -4.812965 2.004989 -3.043766
v -4.715691 2.013681 -2.382648
v -4.812965 2.004989 -2.378620
v -4.664832 2.022876 -3.051881
v -4.571629 2.048528 -3.063770
v -4.571629 2.048528 -2.398971
v -4.664832 2.022876 -2.387083
v -4.523267 2.066735 -3.071878
v -4.523267 2.066735 -2.407739
v -4.319712 2.190089 -2.465357
v -4.281496 2.224828 -3.144180
v -4.221350 2.291322 -3.174997
v -4.281496 2.224827 -2.481970
v -4.190775 2.332920 -3.193773
v -4.190775 2.332919 -2.532568
v -5.599553 2.721238 -3.373108
v -5.590482 2.804801 -3.411834
v -5.552459 2.935946 -3.472839
v -5.579454 2.855202 -2.775020
v -5.531062 2.982908 -2.833801
v -4.812965 3.385898 -3.683740
v -4.812965 3.385898 -3.018595
v -5.456267 3.099565 -3.549573
v -4.571629 3.342359 -3.663389
v -4.571629 3.342359 -2.998590
v -4.664832 3.368011 -3.010479
v -5.357905 3.200797 -2.933764
v -4.437952 3.282777 -2.971307
v -5.239666 3.282777 -3.635447
v -5.154349 3.324152 -3.654621
v -5.154349 3.324152 -2.990482
v -5.239666 3.282777 -2.971307
v -4.319712 3.200797 -2.933764
v -5.012784 3.368011 -3.675277
v -5.012784 3.368011 -3.010479
v -5.105988 3.342359 -2.998590
v -4.221350 3.099565 -2.887363
v -4.864651 3.385898 -3.683740
v -4.190775 3.057967 -3.529793
v -4.146555 2.982908 -2.833801
v -4.190775 3.057967 -2.868587
v -4.125158 2.935946 -2.812440
v -4.087135 2.804801 -3.411834
v -4.078064 2.721238 -3.373108
v -4.087135 2.804801 -2.751888
v -4.078064 2.669649 -3.349199
v -4.087135 2.586086 -3.310473
v -4.087135 2.586086 -2.650526
v -4.078064 2.669649 -2.689252
v -4.125158 2.454941 -3.249920
v -4.125158 2.454941 -2.589521
v -4.098163 2.535685 -2.626942
v -5.599553 2.669649 -2.689252
v -5.552459 2.454941 -3.249920
v -5.579454 2.535685 -3.287340
v -5.579454 2.535685 -2.626942
v -5.552459 2.454941 -2.589521
v -5.486843 2.332919 -2.532568
v -5.396121 2.224828 -3.144180
v -5.456267 2.291322 -3.174997
v -5.283821 2.134927 -3.103031
v -5.357905 2.190089 -2.465357
v -5.154349 2.066735 -3.071878
v -5.239666 2.108109 -2.426914
v -5.154349 2.066735 -2.407739
v -5.012784 2.022876 -3.051881
v -5.105988 2.048528 -3.063770
v -5.105988 2.048528 -2.398971
v -5.012784 2.022876 -2.387083
v -4.961926 2.013681 -2.382648
v -4.864651 2.004989 -2.378620
v -4.715691 2.013681 -3.047794
v -4.437952 2.108110 -3.091053
v -4.437952 2.108109 -2.426914
v -4.319712 2.190090 -3.128596
v -4.393795 2.134927 -3.103031
v -4.393795 2.134927 -2.439793
v -4.221350 2.291322 -2.512787
v -4.146555 2.407979 -3.228559
v -4.146555 2.407979 -2.567353
v -5.616679 2.723097 -3.373108
v -5.607609 2.806660 -3.411834
v -5.607609 2.806660 -2.751888
v -5.616679 2.723097 -2.713161
v -5.595793 2.860665 -3.435419
v -5.568797 2.941408 -3.472839
v -5.568797 2.941408 -2.812440
v -5.595793 2.860665 -2.775020
v -5.545905 2.991652 -3.495007
v -5.501686 3.066712 -3.529793
v -5.501686 3.066712 -2.868587
v -5.545905 2.991652 -2.833801
v -4.811432 3.403057 -3.683740
v -4.714158 3.394365 -3.679712
v -4.714158 3.394365 -3.014566
v -4.811432 3.403057 -3.018595
v -5.469044 3.111121 -3.549573
v -5.408897 3.177616 -3.580390
v -5.408897 3.177616 -2.918180
v -5.469044 3.111121 -2.887363
v -4.660261 3.384621 -3.675277
v -4.567057 3.358969 -3.663389
v -4.567057 3.358969 -2.998590
v -4.660261 3.384621 -3.010479
v -5.368194 3.214615 -3.597003
v -5.294110 3.269778 -3.622568
v -5.294110 3.269778 -2.959329
v -5.368194 3.214615 -2.933764
v -4.515750 3.339653 -3.654621
v -4.430434 3.298278 -3.635447
v -4.430434 3.298278 -2.971307
v -4.515750 3.339653 -2.990482
v -5.247183 3.298278 -3.635447
v -5.161867 3.339653 -3.654621
v -5.161867 3.339653 -2.990482
v -5.247183 3.298278 -2.971307
v -4.383507 3.269778 -3.622568
v -4.309423 3.214615 -3.597003
v -4.309423 3.214615 -2.933764
v -4.383507 3.269778 -2.959329
v -5.110559 3.358969 -3.663389
v -5.017356 3.384621 -3.675277
v -5.017356 3.384621 -3.010479
v -5.110559 3.358969 -2.998590
v -4.268720 3.177616 -3.580390
v -4.208573 3.111121 -3.549573
v -4.208573 3.111121 -2.887363
v -4.268720 3.177616 -2.918180
v -4.963459 3.394365 -3.679712
v -4.866185 3.403057 -3.683740
v -4.866185 3.403057 -3.018595
v -4.963459 3.394365 -3.014566
v -4.175931 3.066712 -3.529793
v -4.131712 2.991652 -3.495007
v -4.131712 2.991652 -2.833801
v -4.175931 3.066712 -2.868587
v -4.108820 2.941408 -3.472839
v -4.081824 2.860665 -3.435419
v -4.081824 2.860665 -2.775020
v -4.108820 2.941408 -2.812440
v -4.070008 2.806660 -3.411834
v -4.060937 2.723097 -3.373108
v -4.060937 2.723097 -2.713161
v -4.070008 2.806660 -2.751888
v -4.060937 2.667790 -3.349199
v -4.070008 2.584227 -3.310473
v -4.070008 2.584227 -2.650526
v -4.060937 2.667789 -2.689252
v -4.081824 2.530222 -3.287340
v -4.108820 2.449479 -3.249920
v -4.108820 2.449479 -2.589521
v -4.081824 2.530222 -2.626942
v -5.607609 2.584227 -3.310473
v -5.616679 2.667790 -3.349199
v -5.616679 2.667790 -2.689252
v -5.607609 2.584227 -2.650526
v -5.568797 2.449479 -3.249920
v -5.595793 2.530222 -3.287340
v -5.595793 2.530222 -2.626942
v -5.568797 2.449479 -2.589521
v -5.501686 2.324175 -3.193773
v -5.545905 2.399235 -3.228559
v -5.545905 2.399235 -2.567353
v -5.501686 2.324175 -2.532568
v -5.408897 2.213271 -3.144180
v -5.469044 2.279766 -3.174997
v -5.469044 2.279766 -2.512787
v -5.408897 2.213271 -2.481970
v -5.294110 2.121109 -3.103031
v -5.368194 2.176272 -3.128596
v -5.368194 2.176272 -2.465357
v -5.294110 2.121109 -2.439793
v -5.161867 2.051234 -3.071878
v -5.247183 2.092609 -3.091053
v -5.247183 2.092609 -2.426914
v -5.161867 2.051234 -2.407739
v -5.017356 2.006266 -3.051881
v -5.110559 2.031918 -3.063770
v -5.110559 2.031918 -2.398971
v -5.017356 2.006266 -2.387083
v -4.866185 1.987830 -3.043766
v -4.963459 1.996522 -3.047794
v -4.963459 1.996522 -2.382648
v -4.866185 1.987830 -2.378620
v -4.714158 1.996522 -3.047794
v -4.811432 1.987830 -3.043766
v -4.811432 1.987830 -2.378620
v -4.714158 1.996522 -2.382648
v -4.567057 2.031918 -3.063770
v -4.660261 2.006266 -3.051881
v -4.660261 2.006266 -2.387083
v -4.567057 2.031918 -2.398971
v -4.430434 2.092609 -3.091053
v -4.515750 2.051234 -3.071878
v -4.515750 2.051234 -2.407739
v -4.430434 2.092609 -2.426914
v -4.309423 2.176272 -3.128596
v -4.383507 2.121109 -3.103031
v -4.383507 2.121109 -2.439793
v -4.309423 2.176272 -2.465357
v -4.208573 2.279766 -3.174997
v -4.268720 2.213271 -3.144180
v -4.268720 2.213271 -2.481970
v -4.208573 2.279766 -2.512787
v -4.131712 2.399235 -3.228559
v -4.175931 2.324175 -3.193773
v -4.175931 2.324175 -2.532568
v -4.131712 2.399235 -2.567353
v -5.651731 2.408731 -4.061588
v -5.685227 2.512597 -4.095708
v -5.684153 2.509506 -3.345201
v -5.649684 2.408454 -3.304738
v -3.970307 2.671686 -4.147748
v -3.981207 2.563829 -4.112436
v -3.970270 2.666209 -3.407670
v -5.575293 2.265224 -4.014364
v -3.982297 2.831768 -4.200137
v -3.970248 2.724175 -4.164934
v -3.970297 2.718727 -3.428478
v -3.981136 2.824448 -3.470299
v -4.027811 2.986258 -4.250875
v -3.993396 2.883120 -4.217061
v -3.992291 2.875824 -3.490446
v -4.025756 2.977657 -3.530677
v -5.341528 2.034725 -3.937918
v -5.429295 2.108857 -3.182562
v -4.104772 3.128922 -4.298015
v -4.049440 3.034174 -4.266822
v -5.193795 1.956212 -3.911669
v -5.294645 2.014941 -3.143727
v -5.192173 1.965561 -3.123299
v -4.980350 3.494295 -4.420824
v -4.865036 3.494084 -3.734527
v -4.135747 3.171411 -4.312323
v -4.133192 3.162023 -3.602961
v -4.207184 3.244285 -3.635671
v -5.143176 1.946928 -3.115431
v -5.032096 1.916533 -3.102799
v -5.142902 3.453920 -4.407148
v -5.031968 3.484900 -4.417541
v -5.032842 3.474267 -3.726692
v -4.245931 3.279835 -3.649391
v -4.336183 3.347281 -3.676359
v -4.865034 1.886083 -3.888138
v -4.981350 1.896721 -3.891735
v -4.980507 1.907113 -3.098806
v -4.865033 1.896851 -3.094533
v -5.294343 3.384973 -4.383851
v -5.193653 3.424810 -3.707071
v -4.485629 3.435313 -4.400681
v -4.380979 3.374743 -3.686943
v -4.696267 1.896721 -3.891735
v -4.812583 1.886083 -3.888138
v -4.812583 1.896851 -3.094533
v -4.697110 1.907113 -3.098806
v -5.339156 3.357562 -4.374404
v -5.431686 3.279835 -3.649391
v -4.645649 3.484900 -4.417541
v -4.644775 3.474267 -3.726692
v -4.534441 1.946928 -3.115431
v -5.467824 3.254229 -4.339733
v -5.470433 3.244285 -3.635671
v -5.544425 3.162023 -3.602961
v -4.812581 3.504752 -4.424338
v -4.697267 3.494295 -4.420824
v -4.696390 3.483686 -3.730320
v -4.812582 3.494084 -3.734527
v -4.483822 1.956212 -3.911669
v -4.485444 1.965561 -3.123299
v -5.628177 3.034174 -4.266822
v -5.630208 3.025600 -3.549330
v -4.248322 2.108857 -3.182562
v -5.685326 2.875824 -3.490446
v -4.133225 2.222924 -4.000501
v -4.207193 2.138973 -3.972597
v -4.209745 2.144289 -3.197297
v -4.135645 2.225468 -3.230392
v -5.695319 2.831768 -4.200137
v -5.707319 2.718727 -3.428478
v -4.102324 2.265224 -4.014364
v -5.696410 2.563829 -4.112436
v -5.707347 2.666209 -3.407670
v -5.695231 2.560779 -3.365765
v -3.992390 2.512597 -4.095708
v -4.025886 2.408731 -4.061588
v -4.027933 2.408454 -3.304738
v -4.980477 1.907486 -2.381727
v -4.865036 1.897182 -2.377454
v -5.143097 1.947317 -3.062456
v -5.143097 1.947317 -2.398355
v -5.192189 1.965771 -3.069811
v -5.294508 2.015310 -2.426655
v -5.192189 1.965771 -2.406237
v -5.339346 2.042488 -3.101039
v -5.339346 2.042488 -2.438171
v -5.467937 2.144368 -3.142327
v -5.541743 2.225684 -2.513314
v -5.572863 2.267837 -2.530752
v -5.649777 2.408375 -3.248400
v -5.683953 2.509489 -2.628090
v -5.649777 2.408375 -2.587639
v -5.695331 2.560602 -3.309078
v -5.707208 2.666093 -3.350996
v -5.707208 2.666092 -2.690536
v -5.707428 2.718451 -3.371769
v -5.685447 2.875460 -2.773220
v -5.630342 3.025173 -3.493524
v -5.575437 3.119232 -3.530758
v -5.575437 3.119232 -2.869334
v -4.812582 3.493691 -3.681830
v -4.812582 3.493691 -3.017447
v -5.470493 3.243997 -3.580678
v -5.470493 3.243997 -2.918514
v -5.544562 3.161561 -2.885751
v -4.644746 3.473902 -3.009599
v -4.697140 1.907486 -3.046108
v -4.812580 1.897182 -3.041836
v -4.697140 1.907486 -2.381727
v -4.645522 1.916806 -3.049828
v -4.383109 2.015310 -3.090229
v -4.485428 1.965771 -3.069811
v -4.485428 1.965771 -2.406237
v -4.383109 2.015310 -2.426655
v -4.248515 2.109166 -3.128357
v -4.338271 2.042488 -2.438172
v -4.209680 2.144368 -3.142327
v -4.104754 2.267837 -3.192089
v -4.049693 2.360774 -2.568234
v -3.993664 2.509489 -3.288851
v -4.027840 2.408375 -2.587639
v -3.970409 2.666093 -3.350996
v -3.982286 2.560602 -3.309078
v -3.970409 2.666092 -2.690536
v -3.981204 2.824259 -2.753146
v -4.025761 2.977421 -3.474341
v -3.992170 2.875460 -3.434050
v -4.102181 3.119232 -3.530758
v -4.047275 3.025173 -3.493524
v -4.102181 3.119232 -2.869334
v -4.981263 3.483267 -3.677622
v -4.865036 3.493691 -3.681830
v -4.865036 3.493691 -3.017447
v -4.133055 3.161561 -3.547915
v -4.207124 3.243997 -2.918514
v -5.144650 3.443017 -3.661272
v -5.032871 3.473902 -3.673714
v -5.144650 3.443017 -2.997158
v -4.245804 3.279364 -3.595148
v -4.336120 3.346970 -2.959222
v -5.296743 3.374281 -3.633422
v -5.193704 3.424472 -3.653566
v -5.296743 3.374281 -2.969812
v -4.380874 3.374281 -2.969812
v -5.431813 3.279364 -3.595148
v -3.982385 2.560778 -3.365765
v -5.630097 2.361004 -4.045996
v -5.572780 2.267831 -3.247818
v -5.628156 2.360674 -3.285326
v -5.544392 2.222924 -4.000501
v -5.470423 2.138973 -3.972597
v -5.467872 2.144289 -3.197297
v -5.541972 2.225468 -3.230392
v -5.431776 2.103606 -3.960955
v -5.339306 2.042343 -3.155225
v -4.102220 3.119497 -3.586501
v -4.047409 3.025600 -3.549330
v -5.296823 2.007382 -3.928875
v -4.865036 3.504752 -4.424338
v -4.981227 3.483686 -3.730320
v -4.209793 3.254229 -4.339733
v -5.144775 1.937623 -3.905498
v -5.032946 1.906117 -3.894862
v -5.144578 3.443460 -3.714256
v -4.248556 3.289732 -4.351834
v -4.338461 3.357562 -4.374404
v -5.191988 3.435313 -4.400681
v -5.296638 3.374743 -3.686943
v -4.383274 3.384973 -4.383851
v -4.483964 3.424810 -3.707071
v -5.429061 3.289732 -4.351834
v -5.341434 3.347281 -3.676359
v -4.534715 3.453920 -4.407148
v -4.533039 3.443460 -3.714256
v -4.644671 1.906117 -3.894862
v -4.532842 1.937623 -3.905498
v -4.645521 1.916533 -3.102799
v -5.541870 3.171411 -4.312323
v -4.380794 2.007382 -3.928875
v -4.382971 2.014941 -3.143727
v -5.572845 3.128922 -4.298015
v -5.575397 3.119497 -3.586501
v -4.336088 2.034725 -3.937918
v -4.245841 2.103606 -3.960955
v -4.338311 2.042343 -3.155225
v -5.649806 2.986258 -4.250875
v -5.684221 2.883120 -4.217061
v -5.651861 2.977657 -3.530677
v -5.707368 2.724175 -4.164934
v -5.696481 2.824448 -3.470299
v -4.047521 2.361004 -4.045996
v -4.049461 2.360674 -3.285326
v -4.104837 2.267831 -3.247818
v -5.707310 2.671686 -4.147748
v -3.993464 2.509506 -3.345201
v -4.865036 1.897182 -3.041836
v -4.980477 1.907486 -3.046108
v -5.032096 1.916806 -3.049828
v -5.032096 1.916806 -2.385727
v -5.294508 2.015310 -3.090229
v -5.429102 2.109166 -3.128357
v -5.429102 2.109166 -2.465489
v -5.541743 2.225684 -3.175395
v -5.467937 2.144368 -2.480246
v -5.572863 2.267837 -3.192089
v -5.627923 2.360774 -3.229571
v -5.627923 2.360774 -2.568234
v -5.683953 2.509489 -3.288851
v -5.695331 2.560602 -2.648618
v -5.696413 2.824259 -3.413632
v -5.707428 2.718450 -2.711283
v -5.696413 2.824259 -2.753146
v -5.685447 2.875460 -3.434050
v -5.651856 2.977421 -3.474341
v -5.651856 2.977421 -2.813512
v -5.630342 3.025173 -2.832100
v -4.696355 3.483267 -3.677622
v -4.696355 3.483267 -3.013240
v -5.544562 3.161561 -3.547915
v -4.644746 3.473902 -3.673714
v -4.532968 3.443017 -3.661272
v -4.532968 3.443017 -2.997158
v -4.812580 1.897182 -2.377454
v -4.534520 1.947317 -3.062456
v -4.534520 1.947317 -2.398355
v -4.645522 1.916806 -2.385727
v -4.338271 2.042488 -3.101039
v -4.248515 2.109166 -2.465489
v -4.135874 2.225684 -3.175395
v -4.135874 2.225684 -2.513314
v -4.209680 2.144368 -2.480246
v -4.049693 2.360774 -3.229571
v -4.104754 2.267837 -2.530752
v -4.027840 2.408375 -3.248400
v -3.993664 2.509489 -2.628090
v -3.982286 2.560602 -2.648618
v -3.981204 2.824259 -3.413632
v -3.970189 2.718451 -3.371769
v -3.970189 2.718450 -2.711283
v -4.025761 2.977421 -2.813512
v -3.992170 2.875460 -2.773220
v -4.047275 3.025173 -2.832100
v -4.981263 3.483267 -3.013240
v -4.207124 3.243997 -3.580678
v -4.133055 3.161561 -2.885751
v -5.032871 3.473902 -3.009599
v -4.336120 3.346970 -3.622151
v -4.245804 3.279364 -2.932219
v -5.193704 3.424472 -2.989957
v -4.483913 3.424472 -3.653566
v -4.380874 3.374281 -3.633422
v -4.483913 3.424472 -2.989957
v -5.341497 3.346970 -3.622151
v -5.431813 3.279364 -2.932219
v -5.341497 3.346970 -2.959222
v -5.697985 2.508372 -4.095691
v -5.664488 2.404506 -4.061572
v -5.662442 2.404229 -3.304721
v -5.696910 2.505281 -3.345185
v -3.967845 2.562388 -4.112434
v -3.956945 2.670245 -4.147746
v -3.956908 2.664768 -3.407668
v -3.969024 2.559337 -3.365763
v -5.641708 2.354238 -4.045951
v -5.586904 2.258458 -4.014319
v -5.584391 2.261065 -3.247774
v -5.639767 2.353908 -3.285282
v -3.956886 2.725610 -4.164932
v -3.968935 2.833203 -4.200134
v -3.967773 2.825883 -3.470297
v -3.956935 2.720161 -3.428475
v -5.554412 2.213969 -4.000423
v -5.480443 2.130017 -3.972520
v -5.477891 2.135333 -3.197220
v -5.551992 2.216513 -3.230314
v -3.980641 2.887351 -4.217042
v -4.015056 2.990489 -4.250856
v -4.013000 2.981888 -3.530658
v -3.979536 2.880055 -3.490427
v -5.439867 2.092876 -3.960842
v -5.349620 2.023996 -3.937805
v -5.347397 2.031613 -3.155112
v -5.437387 2.098127 -3.182449
v -4.037842 3.040963 -4.266774
v -4.093174 3.135711 -4.297966
v -4.090622 3.126286 -3.586452
v -4.035810 3.032389 -3.549282
v -5.302751 1.995322 -3.928731
v -5.199722 1.944152 -3.911525
v -5.198101 1.953501 -3.123155
v -5.300572 2.002881 -3.143583
v -4.866235 3.518136 -4.424133
v -4.981549 3.507679 -4.420619
v -4.982426 3.497070 -3.730115
v -4.866234 3.507468 -3.734322
v -4.125758 3.180400 -4.312236
v -4.199803 3.263218 -4.339646
v -4.197195 3.253274 -3.635584
v -4.123203 3.171012 -3.602875
v -5.148386 1.924679 -3.905330
v -5.036557 1.893174 -3.894696
v -5.035707 1.903590 -3.102632
v -5.146787 1.933985 -3.115264
v -5.035542 3.497853 -4.417350
v -5.146477 3.466874 -4.406958
v -5.148153 3.456414 -3.714065
v -5.036417 3.487221 -3.726501
v -4.240509 3.300495 -4.351707
v -4.330415 3.368325 -4.374278
v -4.328136 3.358044 -3.676232
v -4.237885 3.290598 -3.649264
v -4.982563 1.883338 -3.891556
v -4.866247 1.872700 -3.887959
v -4.866246 1.883468 -3.094353
v -4.981720 1.893730 -3.098627
v -5.197867 3.447397 -4.400517
v -5.300222 3.397057 -4.383687
v -5.302518 3.386827 -3.686780
v -5.199533 3.436894 -3.706908
v -4.377395 3.397057 -4.383687
v -4.479750 3.447397 -4.400517
v -4.478085 3.436894 -3.706908
v -4.375099 3.386827 -3.686780
v -4.811370 1.872700 -3.887959
v -4.695054 1.883338 -3.891556
v -4.695897 1.893730 -3.098627
v -4.811371 1.883468 -3.094353
v -5.347202 3.368325 -4.374278
v -5.437108 3.300495 -4.351707
v -5.439733 3.290598 -3.649264
v -5.349481 3.358044 -3.676232
v -4.531140 3.466874 -4.406958
v -4.642075 3.497853 -4.417350
v -4.641201 3.487221 -3.726501
v -4.529465 3.456414 -3.714065
v -4.641059 1.893174 -3.894696
v -4.529230 1.924679 -3.905330
v -4.530829 1.933985 -3.115264
v -4.641909 1.903590 -3.102632
v -5.477814 3.263218 -4.339646
v -5.551860 3.180400 -4.312236
v -5.554415 3.171012 -3.602875
v -5.480422 3.253274 -3.635584
v -4.696068 3.507679 -4.420619
v -4.811382 3.518136 -4.424133
v -4.811383 3.507468 -3.734322
v -4.695190 3.497070 -3.730115
v -4.477894 1.944152 -3.911525
v -4.374867 1.995322 -3.928731
v -4.377044 2.002881 -3.143583
v -4.479516 1.953501 -3.123155
v -5.584442 3.135711 -4.297967
v -5.639775 3.040963 -4.266774
v -5.641806 3.032389 -3.549282
v -5.586995 3.126286 -3.586452
v -4.327997 2.023996 -3.937805
v -4.237749 2.092876 -3.960842
v -4.240231 2.098127 -3.182449
v -4.330219 2.031613 -3.155112
v -5.662562 2.990489 -4.250856
v -5.696976 2.887351 -4.217042
v -5.698081 2.880055 -3.490427
v -5.664617 2.981888 -3.530658
v -4.197174 2.130017 -3.972520
v -4.123205 2.213969 -4.000423
v -4.125625 2.216513 -3.230314
v -4.199726 2.135333 -3.197220
v -5.708682 2.833203 -4.200134
v -5.720731 2.725610 -4.164932
v -5.720682 2.720161 -3.428475
v -5.709844 2.825883 -3.470297
v -4.090714 2.258458 -4.014319
v -4.035909 2.354238 -4.045951
v -4.037849 2.353908 -3.285282
v -4.093226 2.261065 -3.247774
v -5.720671 2.670245 -4.147746
v -5.709771 2.562388 -4.112434
v -5.708593 2.559337 -3.365763
v -5.720709 2.664768 -3.407668
v -4.013129 2.404506 -4.061572
v -3.979633 2.508372 -4.095691
v -3.980707 2.505281 -3.345185
v -4.015175 2.404229 -3.304721
v -4.866231 1.883796 -3.041836
v -4.981672 1.894100 -3.046108
v -4.866231 1.883796 -2.377454
v -4.981672 1.894100 -2.381727
v -5.035658 1.903848 -3.049828
v -5.146659 1.934358 -3.062456
v -5.035658 1.903848 -2.385727
v -5.146659 1.934358 -2.398355
v -5.198045 1.953675 -3.069811
v -5.300364 2.003214 -3.090229
v -5.198045 1.953675 -2.406237
v -5.300364 2.003214 -2.426655
v -5.347361 2.031700 -3.101039
v -5.437117 2.098378 -3.128357
v -5.347361 2.031700 -2.438171
v -5.437117 2.098378 -2.465489
v -5.477889 2.135336 -3.142327
v -5.551694 2.216652 -3.175395
v -5.477889 2.135335 -2.480246
v -5.551694 2.216651 -2.513314
v -5.584425 2.260987 -3.192089
v -5.639485 2.353924 -3.229571
v -5.584425 2.260987 -2.530752
v -5.639485 2.353924 -2.568234
v -5.662508 2.404072 -3.248400
v -5.696684 2.505186 -3.288851
v -5.662508 2.404072 -2.587639
v -5.696684 2.505186 -2.628090
v -5.708685 2.559099 -3.309078
v -5.720562 2.664589 -3.350996
v -5.708685 2.559098 -2.648618
v -5.720562 2.664589 -2.690536
v -5.720795 2.719842 -3.371769
v -5.709780 2.825650 -3.413632
v -5.720795 2.719842 -2.711283
v -5.709780 2.825650 -2.753146
v -5.698211 2.879665 -3.434050
v -5.664621 2.981626 -3.474341
v -5.698211 2.879665 -2.773220
v -5.664621 2.981626 -2.813512
v -5.641948 3.031948 -3.493524
v -5.587043 3.126007 -3.530758
v -5.641948 3.031948 -2.832100
v -5.587043 3.126007 -2.869334
v -4.811381 3.507076 -3.681830
v -4.695154 3.496652 -3.677622
v -4.811381 3.507076 -3.017447
v -4.695154 3.496652 -3.013240
v -5.554559 3.170542 -3.547915
v -5.480490 3.252979 -3.580678
v -5.554559 3.170542 -2.885751
v -5.480490 3.252979 -2.918514
v -4.641167 3.486855 -3.673714
v -4.529388 3.455971 -3.661272
v -4.641167 3.486855 -3.009599
v -4.529388 3.455971 -2.997158
v -4.695945 1.894100 -3.046108
v -4.811385 1.883796 -3.041836
v -4.695945 1.894100 -2.381727
v -4.811385 1.883796 -2.377454
v -4.530958 1.934358 -3.062456
v -4.641960 1.903848 -3.049828
v -4.530958 1.934358 -2.398355
v -4.641960 1.903848 -2.385727
v -4.377253 2.003214 -3.090229
v -4.479572 1.953675 -3.069811
v -4.377253 2.003214 -2.426655
v -4.479572 1.953675 -2.406237
v -4.240501 2.098378 -3.128357
v -4.330256 2.031700 -3.101039
v -4.240501 2.098378 -2.465489
v -4.330256 2.031700 -2.438172
v -4.125923 2.216652 -3.175395
v -4.199728 2.135336 -3.142327
v -4.125923 2.216651 -2.513314
v -4.199728 2.135335 -2.480246
v -4.038131 2.353924 -3.229571
v -4.093192 2.260987 -3.192089
v -4.038131 2.353924 -2.568234
v -4.093192 2.260987 -2.530752
v -3.980932 2.505186 -3.288851
v -4.015108 2.404072 -3.248400
v -3.980932 2.505186 -2.628090
v -4.015108 2.404072 -2.587639
v -3.957054 2.664589 -3.350996
v -3.968932 2.559098 -3.309078
v -3.957054 2.664589 -2.690536
v -3.968932 2.559098 -2.648618
v -3.967837 2.825650 -3.413632
v -3.956822 2.719842 -3.371769
v -3.967837 2.825650 -2.753146
v -3.956822 2.719842 -2.711283
v -4.012997 2.981626 -3.474341
v -3.979406 2.879665 -3.434050
v -4.012997 2.981626 -2.813512
v -3.979406 2.879665 -2.773220
v -4.090574 3.126007 -3.530758
v -4.035669 3.031948 -3.493524
v -4.090574 3.126007 -2.869334
v -4.035669 3.031948 -2.832100
v -4.982463 3.496652 -3.677622
v -4.866236 3.507076 -3.681830
v -4.982463 3.496652 -3.013240
v -4.866236 3.507076 -3.017447
v -4.197127 3.252979 -3.580678
v -4.123058 3.170542 -3.547915
v -4.197127 3.252979 -2.918514
v -4.123058 3.170542 -2.885751
v -5.148229 3.455971 -3.661272
v -5.036450 3.486855 -3.673714
v -5.148229 3.455971 -2.997158
v -5.036450 3.486855 -3.009599
v -4.328067 3.357729 -3.622151
v -4.237750 3.290123 -3.595148
v -4.328067 3.357729 -2.959222
v -4.237750 3.290123 -2.932219
v -5.302628 3.386363 -3.633422
v -5.199589 3.436554 -3.653566
v -5.302628 3.386363 -2.969812
v -5.199589 3.436554 -2.989957
v -4.478028 3.436554 -3.653566
v -4.374989 3.386363 -3.633422
v -4.478028 3.436554 -2.989957
v -4.374989 3.386363 -2.969812
v -5.439867 3.290123 -3.595148
v -5.349550 3.357729 -3.622151
v -5.439867 3.290123 -2.932219
v -5.349550 3.357729 -2.959222
vn 0.5545 -0.8298 0.0628
vn 0.7057 -0.7057 0.0628
vn 0.6988 -0.7122 0.0668
vn 0.5471 -0.8343 0.0681
vn -0.9221 -0.3819 0.0628
vn -0.8298 -0.5545 0.0628
vn -0.8247 -0.5617 0.0655
vn -0.9193 -0.3883 0.0644
vn -0.1947 0.9788 0.0628
vn -0.3819 0.9221 0.0628
vn -0.3749 0.9244 0.0698
vn -0.1907 0.9791 0.0706
vn 0.9788 -0.1947 0.0628
vn 0.9980 -0.0000 0.0628
vn 0.9980 -0.0000 0.0634
vn 0.9780 -0.1984 0.0637
vn -0.3819 -0.9221 0.0628
vn -0.1947 -0.9788 0.0628
vn -0.1912 -0.9791 0.0698
vn -0.3757 -0.9241 0.0691
vn -0.8298 0.5545 0.0628
vn -0.9221 0.3819 0.0628
vn -0.9191 0.3886 0.0645
vn -0.8243 0.5623 0.0657
vn 0.8298 0.5545 0.0628
vn 0.7057 0.7057 0.0628
vn 0.6981 0.7128 0.0672
vn 0.8243 0.5623 0.0657
vn 0.3819 -0.9221 0.0628
vn 0.3757 -0.9241 0.0691
vn -0.9788 -0.1947 0.0628
vn -0.9780 -0.1984 0.0637
vn 0.1947 0.9788 0.0628
vn -0.0000 0.9980 0.0628
vn -0.0000 0.9975 0.0709
vn 0.1907 0.9791 0.0706
vn 0.9221 -0.3819 0.0628
vn 0.9193 -0.3883 0.0644
vn -0.5545 -0.8298 0.0628
vn -0.5471 -0.8343 0.0681
vn -0.7057 0.7057 0.0628
vn -0.6981 0.7128 0.0672
vn 0.9221 0.3819 0.0628
vn 0.9191 0.3886 0.0645
vn 0.1947 -0.9788 0.0628
vn 0.1912 -0.9791 0.0698
vn -0.9980 -0.0000 0.0628
vn -0.9980 -0.0000 0.0634
vn 0.3819 0.9221 0.0628
vn 0.3749 0.9244 0.0698
vn 0.8298 -0.5545 0.0628
vn 0.8247 -0.5617 0.0655
vn -0.7057 -0.7057 0.0628
vn -0.6988 -0.7122 0.0668
vn -0.5545 0.8298 0.0628
vn -0.5462 0.8348 0.0686
vn 0.9788 0.1947 0.0628
vn 0.9780 0.1985 0.0637
vn -0.0000 -0.9980 0.0628
vn -0.0000 -0.9975 0.0700
vn -0.9788 0.1947 0.0628
vn -0.9780 0.1985 0.0637
vn 0.5545 0.8298 0.0628
vn 0.5462 0.8348 0.0686
vn -0.8985 0.4389 -0.0000
vn -0.9702 0.2421 -0.0000
vn -0.9826 0.1855 -0.0000
vn -0.9206 0.3905 -0.0000
vn 0.1123 -0.0591 -0.9919
vn 0.0603 -0.0273 -0.9978
vn 0.0604 -0.0273 -0.9978
vn 0.1124 -0.0592 -0.9919
vn 0.1677 -0.2157 -0.9620
vn 0.1774 -0.1499 -0.9727
vn 0.1774 -0.1491 -0.9728
vn 0.1680 -0.2149 -0.9621
vn -0.0000 0.0122 -0.9999
vn -0.0650 0.0003 -0.9979
vn -0.0648 0.0004 -0.9979
vn 0.1484 -0.1078 -0.9830
vn 0.1486 -0.1081 -0.9830
vn 0.1321 -0.2735 -0.9527
vn 0.1328 -0.2728 -0.9529
vn 0.1627 -0.1671 -0.9724
vn 0.1628 -0.1675 -0.9723
vn 0.0758 -0.3136 -0.9465
vn 0.0768 -0.3132 -0.9466
vn -0.1159 -0.2815 -0.9525
vn -0.0597 -0.3175 -0.9464
vn -0.0589 -0.3178 -0.9463
vn -0.1154 -0.2820 -0.9524
vn 0.1518 -0.2283 -0.9617
vn 0.1516 -0.2288 -0.9616
vn -0.0081 -0.3291 -0.9443
vn 0.0597 -0.3175 -0.9464
vn 0.0589 -0.3178 -0.9463
vn -0.0090 -0.3291 -0.9443
vn 0.0081 -0.3291 -0.9443
vn 0.0090 -0.3291 -0.9443
vn -0.1518 -0.2283 -0.9617
vn -0.1516 -0.2288 -0.9616
vn 0.1159 -0.2815 -0.9525
vn 0.1154 -0.2820 -0.9524
vn -0.0758 -0.3136 -0.9465
vn -0.0768 -0.3132 -0.9466
vn -0.1627 -0.1671 -0.9724
vn -0.1628 -0.1675 -0.9723
vn -0.1321 -0.2735 -0.9527
vn -0.1328 -0.2728 -0.9529
vn -0.1484 -0.1078 -0.9830
vn -0.1486 -0.1081 -0.9830
vn -0.0307 -0.3112 -0.9499
vn -0.0306 0.3112 0.9499
vn 0.9938 -0.1075 -0.0292
vn -0.3112 -0.0306 -0.9499
vn -0.9957 0.0884 -0.0292
vn 0.0884 -0.9957 -0.0292
vn -0.1474 -0.2758 -0.9499
vn 0.0306 0.3112 0.9499
vn -0.1075 0.9938 -0.0292
vn 0.8770 -0.4797 -0.0292
vn 0.3112 0.0306 0.9499
vn -0.8860 0.4627 -0.0292
vn -0.2758 0.1474 -0.9499
vn 0.1474 0.2758 0.9499
vn -0.4797 -0.8770 -0.0292
vn -0.2417 -0.1984 -0.9498
vn 0.4627 0.8860 -0.0292
vn 0.6267 -0.7787 -0.0292
vn 0.2758 -0.1474 0.9499
vn -0.6415 0.7665 -0.0292
vn -0.1474 0.2758 -0.9499
vn 0.2417 0.1984 0.9499
vn -0.8860 -0.4627 -0.0292
vn 0.2417 0.1984 -0.9499
vn 0.8770 0.4797 -0.0292
vn -0.6266 0.7788 -0.0292
vn 0.1474 -0.2758 0.9499
vn 0.6415 -0.7665 -0.0292
vn -0.0307 0.3112 -0.9499
vn -0.2417 -0.1984 0.9499
vn -0.9957 -0.0884 -0.0292
vn 0.3112 0.0306 -0.9499
vn 0.3779 0.9123 -0.1575
vn 0.5486 0.8211 -0.1575
vn 0.4478 0.8377 -0.3127
vn 0.5275 0.7894 -0.3141
vn 0.3633 0.8771 -0.3141
vn -0.5486 0.8211 -0.1575
vn -0.3779 0.9123 -0.1575
vn -0.4478 0.8377 -0.3127
vn -0.3633 0.8771 -0.3141
vn -0.5275 0.7894 -0.3141
vn -0.0000 -0.9875 -0.1575
vn -0.1927 -0.9685 -0.1575
vn -0.0931 -0.9453 -0.3127
vn -0.1852 -0.9312 -0.3141
vn -0.0000 -0.9494 -0.3141
vn 0.6983 0.6983 -0.1575
vn 0.6026 0.7342 -0.3127
vn 0.6713 0.6713 -0.3141
vn -0.1927 0.9685 -0.1575
vn -0.2757 0.9090 -0.3127
vn -0.1852 0.9312 -0.3141
vn -0.3779 -0.9123 -0.1575
vn -0.2757 -0.9090 -0.3127
vn -0.3633 -0.8771 -0.3141
vn 0.8211 0.5486 -0.1575
vn 0.7343 0.6026 -0.3127
vn 0.7342 0.6026 -0.3127
vn 0.7894 0.5275 -0.3141
vn -0.0000 0.9875 -0.1575
vn -0.0931 0.9453 -0.3127
vn -0.0000 0.9494 -0.3141
vn -0.5486 -0.8211 -0.1575
vn -0.4478 -0.8377 -0.3127
vn -0.5275 -0.7894 -0.3141
vn 0.9123 0.3779 -0.1575
vn 0.8377 0.4478 -0.3127
vn 0.8771 0.3633 -0.3141
vn -0.6983 -0.6983 -0.1575
vn -0.6026 -0.7342 -0.3127
vn -0.6713 -0.6713 -0.3141
vn 0.9685 0.1927 -0.1575
vn 0.9090 0.2757 -0.3127
vn 0.9312 0.1852 -0.3141
vn 0.9089 0.2757 -0.3127
vn -0.8211 -0.5486 -0.1575
vn -0.7342 -0.6026 -0.3127
vn -0.7894 -0.5275 -0.3141
vn 0.9875 -0.0000 -0.1575
vn 0.9453 0.0931 -0.3127
vn 0.9494 -0.0000 -0.3141
vn -0.9123 -0.3779 -0.1575
vn -0.8377 -0.4478 -0.3127
vn -0.8771 -0.3633 -0.3141
vn 0.9685 -0.1927 -0.1575
vn 0.9453 -0.0931 -0.3127
vn 0.9312 -0.1852 -0.3141
vn -0.9685 -0.1927 -0.1575
vn -0.9090 -0.2757 -0.3127
vn -0.9312 -0.1852 -0.3141
vn 0.9123 -0.3779 -0.1575
vn 0.9090 -0.2757 -0.3127
vn 0.8771 -0.3633 -0.3141
vn -0.9875 -0.0000 -0.1575
vn -0.9453 -0.0931 -0.3127
vn -0.9494 -0.0000 -0.3141
vn 0.8211 -0.5486 -0.1575
vn 0.8377 -0.4478 -0.3127
vn 0.7894 -0.5275 -0.3141
vn -0.9685 0.1927 -0.1575
vn -0.9453 0.0931 -0.3127
vn -0.9312 0.1852 -0.3141
vn 0.6983 -0.6983 -0.1575
vn 0.7342 -0.6026 -0.3127
vn 0.6713 -0.6713 -0.3141
vn -0.9123 0.3779 -0.1575
vn -0.9090 0.2757 -0.3127
vn -0.8771 0.3633 -0.3141
vn 0.5486 -0.8211 -0.1575
vn 0.6026 -0.7342 -0.3127
vn 0.5275 -0.7894 -0.3141
vn 0.6026 -0.7343 -0.3127
vn -0.8211 0.5486 -0.1575
vn -0.8377 0.4478 -0.3127
vn -0.7894 0.5275 -0.3141
vn 0.3779 -0.9123 -0.1575
vn 0.4478 -0.8377 -0.3127
vn 0.3633 -0.8771 -0.3141
vn 0.1927 0.9685 -0.1575
vn 0.0931 0.9453 -0.3127
vn 0.1852 0.9312 -0.3141
vn -0.6983 0.6983 -0.1575
vn -0.7342 0.6026 -0.3127
vn -0.6713 0.6713 -0.3141
vn -0.7343 0.6026 -0.3127
vn 0.1927 -0.9685 -0.1575
vn 0.2757 -0.9090 -0.3127
vn 0.1852 -0.9312 -0.3141
vn 0.2757 0.9090 -0.3127
vn -0.6026 0.7342 -0.3127
vn 0.0931 -0.9453 -0.3127
vn -0.9938 -0.1075 -0.0292
vn -0.3112 0.0306 0.9499
vn 0.9957 0.0884 -0.0292
vn -0.0884 -0.9957 -0.0292
vn 0.0307 -0.3112 -0.9499
vn 0.1076 0.9938 -0.0292
vn -0.1474 0.2758 0.9499
vn 0.3112 -0.0306 -0.9499
vn -0.8770 -0.4797 -0.0292
vn -0.2758 -0.1474 0.9499
vn 0.8860 0.4627 -0.0292
vn 0.4797 -0.8770 -0.0292
vn -0.2417 0.1984 0.9499
vn 0.1474 -0.2758 -0.9499
vn -0.4627 0.8860 -0.0292
vn -0.6266 -0.7788 -0.0292
vn 0.2758 0.1474 -0.9499
vn 0.6415 0.7665 -0.0292
vn -0.1474 -0.2758 0.9499
vn 0.2417 -0.1984 -0.9499
vn 0.8860 -0.4627 -0.0292
vn 0.2417 -0.1984 0.9499
vn -0.8770 0.4797 -0.0292
vn 0.6267 0.7787 -0.0292
vn 0.1474 0.2758 -0.9499
vn -0.6415 -0.7665 -0.0292
vn -0.0307 -0.3112 0.9499
vn -0.2417 0.1984 -0.9499
vn 0.9957 -0.0884 -0.0292
vn 0.3112 -0.0306 0.9499
vn -0.9938 0.1075 -0.0292
vn 0.0884 0.9957 -0.0292
vn 0.0908 -0.2992 0.9499
vn 0.0307 0.3112 -0.9499
vn -0.1075 -0.9938 -0.0292
vn 0.9537 0.2994 -0.0292
vn -0.3112 0.0306 -0.9499
vn -0.9593 -0.2809 -0.0292
vn 0.2758 0.1474 0.9499
vn -0.0908 0.2992 -0.9499
vn -0.4797 0.8770 -0.0292
vn -0.2992 0.0908 0.9499
vn 0.4627 -0.8860 -0.0292
vn -0.2809 -0.9593 -0.0292
vn -0.2758 -0.1474 -0.9499
vn 0.2994 0.9537 -0.0292
vn 0.1984 0.2417 0.9499
vn 0.2992 -0.0908 -0.9498
vn -0.7788 0.6267 -0.0292
vn -0.2992 -0.0908 0.9499
vn 0.7665 -0.6415 -0.0292
vn 0.2994 -0.9537 -0.0292
vn 0.0907 0.2992 0.9499
vn -0.1984 -0.2417 -0.9499
vn -0.2809 0.9593 -0.0292
vn -0.9593 0.2809 -0.0292
vn 0.2992 0.0908 -0.9498
vn 0.9537 -0.2994 -0.0292
vn -0.1984 -0.2417 0.9499
vn -0.0908 -0.2992 -0.9499
vn 0.7787 -0.6267 -0.0292
vn 0.1984 -0.2417 0.9499
vn -0.7665 0.6415 -0.0292
vn 0.7665 0.6415 -0.0292
vn 0.1984 0.2417 -0.9499
vn -0.7787 -0.6267 -0.0292
vn -0.0908 0.2992 0.9499
vn -0.1984 0.2417 -0.9499
vn -0.9537 -0.2994 -0.0292
vn 0.2992 -0.0908 0.9499
vn 0.9593 0.2809 -0.0292
vn 0.2809 0.9593 -0.0292
vn -0.1984 0.2417 0.9499
vn 0.0908 -0.2992 -0.9499
vn -0.2994 -0.9537 -0.0292
vn -0.7665 -0.6415 -0.0292
vn -0.2993 0.0908 -0.9498
vn 0.7788 0.6267 -0.0292
vn 0.2992 0.0908 0.9499
vn 0.1984 -0.2417 -0.9499
vn -0.2994 0.9537 -0.0292
vn -0.2758 0.1474 0.9499
vn 0.2809 -0.9593 -0.0292
vn -0.4627 -0.8860 -0.0292
vn -0.2993 -0.0908 -0.9498
vn 0.4797 0.8770 -0.0292
vn -0.0908 -0.2992 0.9499
vn 0.2758 -0.1474 -0.9499
vn 0.9593 -0.2809 -0.0292
vn -0.3112 -0.0306 0.9499
vn -0.9537 0.2993 -0.0292
vn 0.1076 -0.9938 -0.0292
vn 0.0306 -0.3112 0.9499
vn 0.0908 0.2992 -0.9499
vn -0.0884 0.9957 -0.0292
vn 0.9938 0.1075 -0.0292
vn -0.0000 1.0000 -0.0000
vn 0.0980 0.9952 -0.0000
vn 0.1951 0.9808 -0.0000
vn 0.2903 0.9569 -0.0000
vn 0.3827 0.9239 -0.0000
vn 0.4714 0.8819 -0.0000
vn 0.5556 0.8315 -0.0000
vn 0.6344 0.7730 -0.0000
vn 0.7071 0.7071 -0.0000
vn 0.7730 0.6344 -0.0000
vn 0.8315 0.5556 -0.0000
vn 0.8819 0.4714 -0.0000
vn 0.9239 0.3827 -0.0000
vn 0.9569 0.2903 -0.0000
vn 0.9808 0.1951 -0.0000
vn 0.9952 0.0980 -0.0000
vn 1.0000 -0.0000 -0.0000
vn 0.9952 -0.0980 -0.0000
vn 0.9808 -0.1951 -0.0000
vn 0.9569 -0.2903 -0.0000
vn 0.9239 -0.3827 -0.0000
vn 0.8819 -0.4714 -0.0000
vn 0.8315 -0.5556 -0.0000
vn 0.7730 -0.6344 -0.0000
vn 0.7071 -0.7071 -0.0000
vn 0.6344 -0.7730 -0.0000
vn 0.5556 -0.8315 -0.0000
vn 0.4714 -0.8819 -0.0000
vn 0.3827 -0.9239 -0.0000
vn 0.2903 -0.9569 -0.0000
vn 0.1951 -0.9808 -0.0000
vn 0.0980 -0.9952 -0.0000
vn -0.0000 -1.0000 -0.0000
vn -0.0980 -0.9952 -0.0000
vn -0.1951 -0.9808 -0.0000
vn -0.2903 -0.9569 -0.0000
vn -0.3827 -0.9239 -0.0000
vn -0.4714 -0.8819 -0.0000
vn -0.5556 -0.8315 -0.0000
vn -0.6344 -0.7730 -0.0000
vn -0.7071 -0.7071 -0.0000
vn -0.7730 -0.6344 -0.0000
vn -0.8315 -0.5556 -0.0000
vn -0.8819 -0.4714 -0.0000
vn -0.9239 -0.3827 -0.0000
vn -0.9569 -0.2903 -0.0000
vn -0.9808 -0.1951 -0.0000
vn -0.9952 -0.0980 -0.0000
vn -1.0000 -0.0000 -0.0000
vn -0.9952 0.0980 -0.0000
vn -0.9808 0.1951 -0.0000
vn -0.9569 0.2903 -0.0000
vn -0.9239 0.3827 -0.0000
vn -0.8819 0.4714 -0.0000
vn -0.8315 0.5556 -0.0000
vn -0.7730 0.6344 -0.0000
vn -0.7071 0.7071 -0.0000
vn -0.6344 0.7730 -0.0000
vn -0.5556 0.8315 -0.0000
vn -0.4714 0.8819 -0.0000
vn -0.3827 0.9239 -0.0000
vn -0.2903 0.9569 -0.0000
vn -0.1951 0.9808 -0.0000
vn -0.0980 0.9952 -0.0000
vn -0.0000 -0.0000 -1.0000
vn -0.0000 -0.0000 1.0000
vn -0.9100 -0.4147 0.0024
vn -0.9744 -0.2249 0.0008
vn 0.9997 -0.0236 0.0001
vn 0.9744 -0.2249 0.0008
vn -0.8108 -0.5853 0.0047
vn 0.9837 0.1798 0.0006
vn -0.6825 -0.7308 0.0072
vn 0.9267 0.3759 0.0021
vn -0.5313 -0.8471 0.0097
vn 0.8317 0.5552 0.0045
vn -0.3633 -0.9316 0.0117
vn -0.1915 0.9814 0.0147
vn -0.0000 0.9999 0.0153
vn 0.7040 0.7102 0.0075
vn -0.1843 -0.9828 0.0130
vn -0.3770 0.9261 0.0130
vn 0.5501 0.8350 0.0105
vn -0.0000 -0.9999 0.0134
vn -0.5501 0.8350 0.0105
vn 0.3770 0.9261 0.0130
vn 0.1843 -0.9828 0.0130
vn -0.7040 0.7102 0.0075
vn 0.1915 0.9814 0.0147
vn 0.3633 -0.9316 0.0117
vn -0.8317 0.5552 0.0045
vn 0.5313 -0.8471 0.0097
vn -0.9267 0.3759 0.0021
vn 0.6825 -0.7308 0.0072
vn -0.9837 0.1798 0.0006
vn 0.8108 -0.5853 0.0047
vn -0.9997 -0.0236 0.0001
vn 0.9100 -0.4147 0.0024
vn -0.1213 -0.0339 -0.9920
vn -0.1210 -0.0336 -0.9921
vn 0.1608 -0.0863 -0.9832
vn 0.1605 -0.0857 -0.9833
vn -0.0000 -0.0162 -0.9999
vn -0.1608 -0.0863 -0.9832
vn -0.1605 -0.0857 -0.9833
vn 0.1213 -0.0339 -0.9920
vn 0.1210 -0.0336 -0.9921
vn -0.0603 -0.0273 -0.9978
vn -0.0604 -0.0273 -0.9978
vn -0.1774 -0.1499 -0.9727
vn -0.1774 -0.1491 -0.9728
vn 0.0650 0.0003 -0.9979
vn 0.0648 0.0004 -0.9979
vn -0.1123 -0.0591 -0.9919
vn -0.1124 -0.0592 -0.9919
vn -0.1677 -0.2157 -0.9619
vn -0.1680 -0.2149 -0.9621
vn 0.1401 0.3300 0.9335
vn 0.1863 0.2632 0.9466
vn 0.1858 0.2644 0.9464
vn 0.1391 0.3310 0.9333
vn 0.0707 0.3745 0.9245
vn 0.0694 0.3750 0.9244
vn -0.0102 0.3891 0.9211
vn -0.0116 0.3891 0.9211
vn -0.0890 0.3721 0.9239
vn -0.0901 0.3716 0.9240
vn -0.1525 0.3274 0.9325
vn -0.1532 0.3267 0.9326
vn -0.1914 0.2637 0.9454
vn -0.1916 0.2630 0.9456
vn -0.2009 0.1918 0.9607
vn -0.2008 0.1912 0.9608
vn -0.1811 0.1229 0.9758
vn -0.1809 0.1225 0.9759
vn -0.1361 0.0663 0.9885
vn -0.1359 0.0661 0.9885
vn -0.0728 0.0294 0.9969
vn -0.0727 0.0294 0.9969
vn -0.0000 0.0166 0.9999
vn 0.0728 0.0294 0.9969
vn 0.0727 0.0294 0.9969
vn 0.1361 0.0663 0.9885
vn 0.1359 0.0661 0.9885
vn -0.0000 -0.0115 0.9999
vn -0.0763 0.0031 0.9971
vn -0.0766 0.0032 0.9971
vn 0.2021 0.1852 0.9617
vn 0.2021 0.1863 0.9615
vn -0.1417 0.0450 0.9889
vn -0.1421 0.0454 0.9888
vn 0.1860 0.1087 0.9765
vn 0.1864 0.1095 0.9764
vn -0.1860 0.1087 0.9765
vn -0.1864 0.1095 0.9764
vn 0.1417 0.0450 0.9889
vn 0.1421 0.0454 0.9888
vn -0.2021 0.1852 0.9617
vn -0.2021 0.1863 0.9615
vn 0.0763 0.0031 0.9971
vn 0.0766 0.0032 0.9971
vn -0.1863 0.2632 0.9466
vn -0.1858 0.2644 0.9464
vn -0.1401 0.3300 0.9335
vn -0.1391 0.3310 0.9333
vn -0.0707 0.3745 0.9245
vn -0.0694 0.3750 0.9244
vn 0.0102 0.3891 0.9211
vn 0.0116 0.3891 0.9211
vn 0.0890 0.3721 0.9239
vn 0.0901 0.3716 0.9240
vn 0.1525 0.3274 0.9325
vn 0.1532 0.3267 0.9326
vn 0.1914 0.2637 0.9454
vn 0.1916 0.2630 0.9456
vn 0.2009 0.1918 0.9607
vn 0.2008 0.1912 0.9608
vn 0.1811 0.1228 0.9758
vn 0.1809 0.1225 0.9759
vn -0.0000 0.4205 0.9073
vn 0.9702 0.2421 -0.0000
vn 0.8985 0.4389 -0.0000
vn 0.9206 0.3905 -0.0000
vn 0.9826 0.1855 -0.0000
vn -0.9996 0.0298 -0.0000
vn -0.9996 -0.0298 -0.0000
vn 0.7917 0.6109 -0.0000
vn 0.8190 0.5738 -0.0000
vn -0.9826 -0.1855 -0.0000
vn -0.9702 -0.2421 -0.0000
vn 0.6584 0.7527 -0.0000
vn 0.6861 0.7275 -0.0000
vn -0.1824 -0.9832 -0.0000
vn -0.1732 -0.9849 -0.0000
vn -0.9206 -0.3905 -0.0000
vn -0.8985 -0.4389 -0.0000
vn 0.5067 0.8621 -0.0000
vn 0.5309 0.8475 -0.0000
vn -0.3609 -0.9326 -0.0000
vn -0.3433 -0.9392 -0.0000
vn -0.8190 -0.5738 -0.0000
vn -0.7917 -0.6109 -0.0000
vn 0.3433 0.9392 -0.0000
vn 0.3609 0.9326 -0.0000
vn 0.1824 -0.9832 -0.0000
vn 0.1732 -0.9849 -0.0000
vn -0.6861 -0.7275 -0.0000
vn -0.6584 -0.7527 -0.0000
vn 0.1732 0.9849 -0.0000
vn 0.1824 0.9832 -0.0000
vn 0.3609 -0.9326 -0.0000
vn 0.3433 -0.9392 -0.0000
vn -0.5309 -0.8475 -0.0000
vn -0.5067 -0.8621 -0.0000
vn 0.5309 -0.8475 -0.0000
vn 0.5067 -0.8621 -0.0000
vn -0.1732 0.9849 -0.0000
vn -0.1824 0.9832 -0.0000
vn 0.6861 -0.7275 -0.0000
vn 0.6584 -0.7527 -0.0000
vn -0.3433 0.9392 -0.0000
vn -0.3609 0.9326 -0.0000
vn 0.8190 -0.5738 -0.0000
vn 0.7917 -0.6109 -0.0000
vn -0.5067 0.8621 -0.0000
vn -0.5309 0.8475 -0.0000
vn 0.9206 -0.3905 -0.0000
vn 0.8985 -0.4389 -0.0000
vn -0.6584 0.7527 -0.0000
vn -0.6861 0.7275 -0.0000
vn 0.9826 -0.1855 -0.0000
vn 0.9702 -0.2421 -0.0000
vn -0.7917 0.6109 -0.0000
vn -0.8190 0.5738 -0.0000
vn 0.9996 0.0298 -0.0000
vn 0.9996 -0.0298 -0.0000
vn -0.9942 -0.1079 -0.0000
vn -0.9484 -0.3171 -0.0000
vn -0.8616 -0.5076 -0.0000
vn 0.0890 -0.9960 -0.0000
vn -0.7416 -0.6708 -0.0000
vn 0.2654 -0.9642 -0.0000
vn 0.2654 -0.9641 -0.0000
vn -0.5972 -0.8021 -0.0000
vn 0.4364 -0.8998 -0.0000
vn -0.4364 -0.8998 -0.0000
vn 0.5972 -0.8021 -0.0000
vn -0.2654 -0.9641 -0.0000
vn 0.7416 -0.6708 -0.0000
vn -0.0890 -0.9960 -0.0000
vn 0.8616 -0.5076 -0.0000
vn 0.9484 -0.3171 -0.0000
vn 0.9942 -0.1079 -0.0000
vn 0.9942 0.1079 -0.0000
vn 0.9484 0.3171 -0.0000
vn -0.9942 0.1079 -0.0000
vn -0.9484 0.3171 -0.0000
vn -0.8616 0.5076 -0.0000
vn -0.7416 0.6708 -0.0000
vn -0.5972 0.8021 -0.0000
vn -0.4364 0.8998 -0.0000
vn -0.2654 0.9641 -0.0000
vn -0.0890 0.9960 -0.0000
vn 0.0890 0.9960 -0.0000
vn 0.2654 0.9641 -0.0000
vn 0.2654 0.9642 -0.0000
vn 0.4364 0.8998 -0.0000
vn 0.5972 0.8021 -0.0000
vn 0.7416 0.6708 -0.0000
vn 0.8616 0.5076 -0.0000
vn -0.9960 -0.0890 -0.0000
vn 0.9960 -0.0890 -0.0000
vn 0.0410 0.0037 0.9992
vn -0.0410 0.0037 0.9992
vn -0.1177 -0.0324 -0.9925
vn -0.2180 -0.2411 -0.9457
vn 0.9642 0.2653 -0.0000
vn -0.6708 -0.7416 -0.0000
vn -0.9642 -0.2653 -0.0000
vn 0.6708 0.7416 -0.0000
vn 0.1177 0.0324 0.9925
vn 0.2180 0.2411 0.9457
vn -0.1783 -0.0865 -0.9802
vn 0.1177 -0.0324 -0.9925
vn 0.8998 0.4364 -0.0000
vn -0.9642 0.2653 -0.0000
vn -0.8998 -0.4364 -0.0000
vn 0.9642 -0.2653 -0.0000
vn 0.1784 0.0865 0.9802
vn -0.1177 0.0324 0.9925
vn -0.2140 -0.1593 -0.9638
vn 0.8021 0.5972 -0.0000
vn -0.8021 -0.5972 -0.0000
vn 0.2139 0.1593 0.9638
vn 0.2140 0.1593 0.9638
vn -0.2181 -0.2410 -0.9457
vn 0.1784 -0.0865 -0.9802
vn -0.8998 0.4364 -0.0000
vn -0.9960 0.0890 -0.0000
vn 0.9960 0.0890 -0.0000
vn 0.0410 -0.0037 -0.9992
vn -0.0452 0.4160 0.9082
vn -0.0410 -0.0037 -0.9992
vn 0.1882 0.3195 0.9287
vn 0.1079 -0.9942 -0.0000
vn 0.5076 0.8616 -0.0000
vn -0.1079 0.9942 -0.0000
vn -0.5076 -0.8616 -0.0000
vn 0.0452 -0.4160 -0.9082
vn -0.1882 -0.3195 -0.9287
vn -0.1276 0.3816 0.9155
vn 0.1276 0.3816 0.9155
vn 0.3171 -0.9484 -0.0000
vn 0.3171 0.9484 -0.0000
vn -0.3171 0.9484 -0.0000
vn -0.9641 0.2654 -0.0000
vn -0.3171 -0.9484 -0.0000
vn 0.1276 -0.3816 -0.9155
vn 0.9641 -0.2654 -0.0000
vn -0.1276 -0.3816 -0.9155
vn -0.1882 0.3195 0.9287
vn 0.0452 0.4160 0.9082
vn 0.5076 -0.8616 -0.0000
vn -0.1784 0.0865 0.9802
vn 0.1079 0.9942 -0.0000
vn -0.5076 0.8616 -0.0000
vn -0.1079 -0.9942 -0.0000
vn 0.1882 -0.3195 -0.9287
vn 0.8998 -0.4364 -0.0000
vn -0.0452 -0.4160 -0.9082
vn 0.1783 -0.0865 -0.9802
vn -0.2139 0.1593 0.9638
vn -0.8021 0.5972 -0.0000
vn 0.8021 -0.5972 -0.0000
vn -0.2180 0.2410 0.9457
vn 0.2140 -0.1593 -0.9638
vn 0.6708 -0.7416 -0.0000
vn -0.2180 0.2411 0.9457
vn -0.6708 0.7416 -0.0000
vn 0.2180 -0.2410 -0.9457
vn 0.2180 -0.2411 -0.9457
vn 0.9641 0.2654 -0.0000
vn -0.9641 -0.2654 -0.0000
vn -0.2140 0.1593 0.9638
vn -0.1784 -0.0865 -0.9802
vn 0.2180 0.2410 0.9457
vn 0.9207 -0.3903 0.0022
vn 0.9821 -0.1883 0.0007
vn 0.9503 -0.3114 0.0007
vn 0.9504 -0.3110 0.0018
vn 0.9763 -0.2163 0.0003
vn 0.9482 -0.3178 0.0007
vn 0.9094 -0.4158 0.0012
vn 0.9483 -0.3174 0.0018
vn -0.9997 0.0240 0.0002
vn -0.9821 -0.1883 0.0007
vn -0.9945 -0.1043 0.0006
vn -0.9945 -0.1047 -0.0003
vn -0.9763 -0.2163 0.0003
vn -0.9940 -0.1098 0.0006
vn -1.0000 -0.0036 -0.0000
vn -0.9939 -0.1102 -0.0003
vn 0.8206 -0.5715 0.0045
vn 0.8657 -0.5006 0.0027
vn 0.8659 -0.5002 0.0039
vn 0.8621 -0.5068 0.0026
vn 0.8057 -0.5924 0.0023
vn 0.8623 -0.5064 0.0039
vn -0.9721 0.2344 0.0009
vn -0.9941 0.1087 0.0005
vn -0.9941 0.1085 -0.0001
vn -0.9945 0.1050 0.0005
vn -0.9778 0.2097 0.0002
vn -0.9945 0.1047 -0.0002
vn 0.6894 -0.7244 0.0071
vn 0.7478 -0.6639 0.0052
vn 0.7480 -0.6637 0.0064
vn 0.7431 -0.6691 0.0052
vn 0.6731 -0.7395 0.0036
vn 0.7433 -0.6689 0.0064
vn -0.9024 0.4310 0.0027
vn -0.9488 0.3157 0.0016
vn -0.9489 0.3156 0.0012
vn -0.9494 0.3140 0.0015
vn -0.9117 0.4109 0.0011
vn -0.9495 0.3139 0.0012
vn 0.5349 -0.8448 0.0096
vn 0.6044 -0.7966 0.0079
vn 0.6046 -0.7965 0.0089
vn 0.5996 -0.8003 0.0079
vn 0.5200 -0.8541 0.0048
vn 0.5997 -0.8002 0.0089
vn -0.7969 0.6041 0.0052
vn -0.8630 0.5052 0.0036
vn -0.8078 0.5895 0.0024
vn 0.3646 -0.9311 0.0116
vn 0.4431 -0.8964 0.0103
vn 0.4432 -0.8963 0.0111
vn 0.4389 -0.8985 0.0103
vn 0.3533 -0.9355 0.0057
vn 0.4390 -0.8984 0.0111
vn 0.1751 0.9844 0.0149
vn -0.0000 0.9999 0.0154
vn 0.0895 0.9959 0.0154
vn 0.0895 0.9959 0.0152
vn -0.0000 1.0000 0.0079
vn 0.0889 0.9959 0.0153
vn 0.1783 0.9839 0.0076
vn 0.0889 0.9959 0.0152
vn -0.6640 0.7477 0.0081
vn -0.7438 0.6684 0.0063
vn -0.7437 0.6684 0.0065
vn -0.7429 0.6694 0.0063
vn -0.6745 0.7383 0.0039
vn -0.7428 0.6694 0.0066
vn 0.1846 -0.9827 0.0130
vn 0.2702 -0.9627 0.0122
vn 0.2702 -0.9627 0.0127
vn 0.2673 -0.9635 0.0122
vn 0.1785 -0.9839 0.0064
vn 0.2673 -0.9635 0.0127
vn 0.3470 0.9378 0.0133
vn 0.2667 0.9637 0.0143
vn 0.2667 0.9637 0.0141
vn 0.2653 0.9641 0.0144
vn 0.3532 0.9355 0.0067
vn 0.2653 0.9641 0.0141
vn -0.5117 0.8591 0.0110
vn -0.5996 0.8003 0.0092
vn -0.5995 0.8003 0.0096
vn -0.5980 0.8015 0.0093
vn -0.5205 0.8538 0.0055
vn -0.5979 0.8015 0.0096
vn -0.0000 -0.9999 0.0135
vn 0.0907 -0.9958 0.0132
vn 0.0907 -0.9958 0.0134
vn 0.0897 -0.9959 0.0132
vn -0.0000 -1.0000 0.0066
vn 0.0897 -0.9959 0.0134
vn 0.5117 0.8591 0.0110
vn 0.4383 0.8987 0.0123
vn 0.4384 0.8987 0.0120
vn 0.4365 0.8996 0.0124
vn 0.5205 0.8538 0.0055
vn 0.4366 0.8996 0.0120
vn -0.3470 0.9378 0.0133
vn -0.4384 0.8987 0.0120
vn -0.4383 0.8987 0.0123
vn -0.4366 0.8996 0.0120
vn -0.3532 0.9355 0.0067
vn -0.4365 0.8996 0.0124
vn -0.1846 -0.9827 0.0130
vn -0.0907 -0.9958 0.0134
vn -0.0907 -0.9958 0.0132
vn -0.0897 -0.9959 0.0134
vn -0.1785 -0.9839 0.0064
vn -0.0897 -0.9959 0.0132
vn 0.6640 0.7477 0.0081
vn 0.5995 0.8003 0.0096
vn 0.5996 0.8002 0.0092
vn 0.5979 0.8015 0.0096
vn 0.6745 0.7383 0.0039
vn 0.5980 0.8014 0.0093
vn -0.1751 0.9844 0.0149
vn -0.2667 0.9637 0.0141
vn -0.2667 0.9637 0.0143
vn -0.2653 0.9641 0.0141
vn -0.1783 0.9839 0.0076
vn -0.2653 0.9641 0.0144
vn -0.3646 -0.9311 0.0117
vn -0.2702 -0.9627 0.0127
vn -0.2702 -0.9627 0.0122
vn -0.2673 -0.9635 0.0127
vn -0.3533 -0.9355 0.0057
vn -0.2673 -0.9635 0.0122
vn 0.7969 0.6041 0.0052
vn 0.7437 0.6684 0.0066
vn 0.7438 0.6684 0.0063
vn 0.7428 0.6694 0.0066
vn 0.8078 0.5895 0.0024
vn 0.7429 0.6694 0.0063
vn -0.0895 0.9959 0.0152
vn -0.0895 0.9959 0.0153
vn -0.0889 0.9959 0.0152
vn -0.0889 0.9959 0.0153
vn -0.5349 -0.8448 0.0096
vn -0.4432 -0.8963 0.0111
vn -0.4431 -0.8964 0.0103
vn -0.4390 -0.8984 0.0111
vn -0.5200 -0.8541 0.0048
vn -0.4389 -0.8985 0.0103
vn 0.9024 0.4310 0.0027
vn 0.8630 0.5052 0.0036
vn 0.9117 0.4109 0.0011
vn -0.6894 -0.7244 0.0071
vn -0.6046 -0.7965 0.0089
vn -0.6044 -0.7966 0.0079
vn -0.5997 -0.8002 0.0089
vn -0.6731 -0.7395 0.0036
vn -0.5995 -0.8003 0.0079
vn 0.9721 0.2344 0.0009
vn 0.9489 0.3156 0.0012
vn 0.9488 0.3157 0.0016
vn 0.9495 0.3139 0.0012
vn 0.9778 0.2097 0.0002
vn 0.9494 0.3140 0.0015
vn -0.8206 -0.5715 0.0044
vn -0.7480 -0.6637 0.0064
vn -0.7478 -0.6639 0.0052
vn -0.7433 -0.6689 0.0064
vn -0.8057 -0.5924 0.0023
vn -0.7431 -0.6691 0.0052
vn 0.9997 0.0240 0.0002
vn 0.9941 0.1085 -0.0001
vn 0.9941 0.1087 0.0005
vn 0.9945 0.1047 -0.0002
vn 1.0000 -0.0036 -0.0000
vn 0.9945 0.1050 0.0005
vn -0.9207 -0.3903 0.0022
vn -0.8659 -0.5002 0.0039
vn -0.8657 -0.5006 0.0027
vn -0.8623 -0.5065 0.0039
vn -0.9094 -0.4158 0.0012
vn -0.8621 -0.5068 0.0026
vn 0.9945 -0.1047 -0.0003
vn 0.9945 -0.1043 0.0006
vn 0.9939 -0.1102 -0.0003
vn 0.9940 -0.1098 0.0006
vn -0.9504 -0.3110 0.0018
vn -0.9503 -0.3114 0.0007
vn -0.9483 -0.3174 0.0018
vn -0.9482 -0.3178 0.0007
vn 0.0889 -0.9960 -0.0000
vn 0.1735 -0.9848 -0.0000
vn 0.2650 -0.9642 -0.0000
vn 0.3439 -0.9390 -0.0000
vn 0.4358 -0.9001 -0.0000
vn 0.5074 -0.8617 -0.0000
vn 0.5963 -0.8027 -0.0000
vn 0.6590 -0.7521 -0.0000
vn 0.7405 -0.6721 -0.0000
vn 0.7922 -0.6103 -0.0000
vn 0.8603 -0.5097 -0.0000
vn 0.8988 -0.4384 -0.0000
vn 0.9474 -0.3202 -0.0000
vn 0.9473 -0.3202 -0.0000
vn 0.9703 -0.2419 -0.0000
vn 0.9937 -0.1119 -0.0000
vn 0.9995 -0.0301 -0.0000
vn 0.9946 0.1035 -0.0000
vn 0.9828 0.1849 -0.0000
vn 0.9498 0.3129 -0.0000
vn 0.9209 0.3898 -0.0000
vn 0.8636 0.5041 -0.0000
vn 0.8194 0.5732 -0.0000
vn -0.0893 0.9960 -0.0000
vn -0.1825 0.9832 -0.0000
vn 0.7439 0.6683 -0.0000
vn 0.6866 0.7270 -0.0000
vn 0.7438 0.6683 -0.0000
vn -0.2663 0.9639 -0.0000
vn -0.3611 0.9325 -0.0000
vn -0.0889 -0.9960 -0.0000
vn -0.1735 -0.9848 -0.0000
vn -0.2650 -0.9642 -0.0000
vn -0.3439 -0.9390 -0.0000
vn -0.4358 -0.9001 -0.0000
vn -0.5074 -0.8617 -0.0000
vn -0.5963 -0.8027 -0.0000
vn -0.6590 -0.7521 -0.0000
vn -0.7405 -0.6721 -0.0000
vn -0.7922 -0.6103 -0.0000
vn -0.8603 -0.5097 -0.0000
vn -0.8988 -0.4384 -0.0000
vn -0.9474 -0.3202 -0.0000
vn -0.9473 -0.3202 -0.0000
vn -0.9703 -0.2419 -0.0000
vn -0.9937 -0.1119 -0.0000
vn -0.9995 -0.0301 -0.0000
vn -0.9946 0.1035 -0.0000
vn -0.9828 0.1849 -0.0000
vn -0.9498 0.3129 -0.0000
vn -0.9209 0.3898 -0.0000
vn -0.8636 0.5041 -0.0000
vn -0.8194 0.5732 -0.0000
vn 0.0893 0.9960 -0.0000
vn 0.1825 0.9832 -0.0000
vn -0.7439 0.6683 -0.0000
vn -0.7438 0.6683 -0.0000
vn -0.6866 0.7270 -0.0000
vn 0.2663 0.9639 -0.0000
vn 0.3611 0.9325 -0.0000
vn -0.5993 0.8006 -0.0000
vn -0.5312 0.8472 -0.0000
vn 0.4379 0.8990 -0.0000
vn 0.5312 0.8472 -0.0000
vn -0.4379 0.8990 -0.0000
vn 0.5993 0.8006 -0.0000
vn 0.5992 0.8006 -0.0000
vn -0.1863 -0.1395 -0.9725
vn 0.1663 0.2775 0.9462
vn 0.1051 0.0289 0.9940
vn -0.1028 0.0284 0.9943
vn -0.5052 -0.8629 -0.0117
vn 0.9642 0.2650 -0.0000
vn -0.9639 0.2663 -0.0000
vn 0.5052 0.8629 0.0132
vn -0.9642 -0.2651 -0.0000
vn 0.9639 -0.2663 -0.0000
vn -0.1411 -0.2342 -0.9619
vn -0.1051 -0.0289 -0.9940
vn 0.1028 -0.0284 -0.9943
vn 0.1846 0.1494 0.9714
vn 0.0367 0.0033 0.9993
vn 0.1895 0.2109 0.9590
vn 0.7984 0.6021 -0.0015
vn 0.9960 0.0889 -0.0000
vn -0.6684 -0.7438 -0.0000
vn -0.7984 -0.6021 0.0036
vn -0.9960 -0.0889 -0.0000
vn 0.6683 0.7438 -0.0000
vn -0.1538 -0.1263 -0.9800
vn -0.0367 -0.0033 -0.9993
vn -0.1895 -0.2109 -0.9590
vn 0.1119 0.3331 0.9362
vn -0.1103 0.3368 0.9351
vn -0.0359 0.0032 0.9994
vn -0.3148 -0.9491 -0.0100
vn 0.3144 -0.9493 -0.0012
vn -0.9960 0.0894 -0.0000
vn 0.3148 0.9491 0.0122
vn -0.3144 0.9493 0.0044
vn 0.9960 -0.0893 -0.0000
vn -0.0948 -0.2814 -0.9549
vn 0.0927 -0.2836 -0.9544
vn 0.0359 -0.0032 -0.9994
vn 0.1880 0.2187 0.9575
vn 0.0392 0.3652 0.9301
vn 0.1631 0.2794 0.9462
vn 0.6664 0.7456 -0.0004
vn 0.1072 0.9942 0.0074
vn -0.5041 -0.8636 -0.0000
vn -0.6664 -0.7456 0.0029
vn -0.1072 -0.9942 -0.0042
vn 0.5041 0.8636 -0.0000
vn -0.1570 -0.1841 -0.9703
vn -0.0331 -0.3079 -0.9508
vn -0.1631 -0.2794 -0.9462
vn 0.0392 0.3641 0.9305
vn -0.1624 0.2848 0.9447
vn 0.1100 0.3337 0.9362
vn -0.1067 -0.9943 -0.0073
vn 0.5035 -0.8640 0.0013
vn -0.3129 -0.9498 -0.0000
vn 0.1067 0.9942 0.0101
vn -0.5035 0.8640 0.0017
vn 0.3129 0.9498 -0.0000
vn -0.0332 -0.3074 -0.9510
vn 0.1360 -0.2396 -0.9613
vn -0.1099 -0.3337 -0.9362
vn 0.1624 0.2848 0.9447
vn -0.0392 0.3641 0.9305
vn 0.0379 0.3642 0.9305
vn 0.9493 -0.3144 0.0013
vn -0.9942 -0.1072 0.0001
vn 0.8640 -0.5035 0.0033
vn -0.9943 0.1067 0.0002
vn 0.7456 -0.6664 0.0058
vn -0.9491 0.3148 0.0014
vn 0.6021 -0.7984 0.0084
vn 0.4411 -0.8974 0.0107
vn 0.0892 0.9959 0.0153
vn -0.7433 0.6689 0.0064
vn 0.2688 -0.9631 0.0124
vn 0.2660 0.9639 0.0142
vn -0.5988 0.8009 0.0094
vn 0.0902 -0.9958 0.0133
vn 0.4375 0.8991 0.0122
vn -0.4375 0.8991 0.0122
vn -0.0902 -0.9958 0.0133
vn 0.5988 0.8009 0.0094
vn -0.2660 0.9639 0.0142
vn -0.2688 -0.9631 0.0124
vn 0.7433 0.6689 0.0064
vn -0.0892 0.9959 0.0153
vn -0.4411 -0.8974 0.0107
vn -0.6021 -0.7984 0.0084
vn 0.9491 0.3148 0.0014
vn -0.7456 -0.6664 0.0058
vn 0.9943 0.1067 0.0002
vn -0.8640 -0.5035 0.0033
vn 0.9942 -0.1072 0.0001
vn -0.9493 -0.3144 0.0013
vn -0.1591 -0.0770 -0.9842
vn -0.1281 -0.0747 -0.9889
vn 0.8005 0.5993 -0.0000
vn -0.9001 -0.4358 -0.0000
vn -0.8975 -0.4411 0.0034
vn -0.8005 -0.5993 -0.0000
vn 0.9001 0.4358 -0.0000
vn 0.8975 0.4411 -0.0018
vn 0.1863 0.1395 0.9725
vn 0.1591 0.0770 0.9842
vn 0.1541 0.0875 0.9842
vn 0.1556 -0.0758 -0.9849
vn -0.1905 -0.1415 -0.9714
vn 0.0316 0.0125 -0.9994
vn 0.8990 -0.4379 -0.0000
vn -0.8027 -0.5963 -0.0000
vn 0.9960 -0.0892 -0.0026
vn -0.8990 0.4379 -0.0000
vn 0.8027 0.5964 -0.0000
vn -0.9960 0.0892 0.0014
vn -0.1556 0.0758 0.9849
vn 0.1905 0.1415 0.9714
vn -0.0372 -0.0120 0.9992
vn -0.1556 -0.0758 -0.9849
vn -0.1938 -0.2135 -0.9575
vn -0.1649 -0.1739 -0.9709
vn 0.8990 0.4379 -0.0000
vn -0.6721 -0.7405 -0.0000
vn 0.6689 0.7432 0.0130
vn -0.8990 -0.4379 -0.0000
vn 0.6721 0.7405 -0.0000
vn -0.6689 -0.7432 -0.0122
vn 0.1556 0.0758 0.9849
vn 0.1938 0.2135 0.9575
vn 0.1942 0.2066 0.9590
vn 0.1863 -0.1395 -0.9725
vn -0.1671 -0.2820 -0.9447
vn -0.0844 -0.0364 -0.9958
vn 0.8005 -0.5993 -0.0000
vn -0.5097 -0.8603 -0.0000
vn -0.9632 -0.2687 0.0025
vn -0.8006 0.5992 -0.0000
vn 0.5097 0.8603 -0.0000
vn 0.9632 0.2688 -0.0012
vn -0.1863 0.1395 0.9725
vn 0.1671 0.2820 0.9447
vn 0.1017 0.0412 0.9940
vn -0.1135 -0.3357 -0.9351
vn 0.0904 -0.0103 -0.9959
vn -0.3202 -0.9473 -0.0000
vn 0.9640 -0.2660 -0.0063
vn 0.3202 0.9473 -0.0000
vn -0.9640 0.2659 0.0053
vn 0.1135 0.3357 0.9351
vn -0.1066 0.0148 0.9942
vn -0.0411 -0.3650 -0.9301
vn -0.1630 -0.1103 -0.9805
vn -0.1119 -0.9937 -0.0000
vn 0.8009 0.5987 0.0114
vn 0.1119 0.9937 -0.0000
vn -0.8009 -0.5986 -0.0114
vn 0.0411 0.3650 0.9301
vn 0.1919 0.1320 0.9725
vn 0.0379 -0.3642 -0.9305
vn -0.0294 -0.0161 -0.9994
vn 0.1035 -0.9946 -0.0000
vn -0.9959 -0.0903 0.0012
vn -0.1035 0.9946 -0.0000
vn 0.9959 0.0903 -0.0001
vn -0.0379 0.3642 0.9305
vn 0.0355 0.0166 0.9992
vn 0.1099 -0.3337 -0.9362
vn 0.1365 -0.0531 -0.9892
vn 0.3129 -0.9498 -0.0000
vn 0.8992 -0.4374 -0.0094
vn -0.3129 0.9498 -0.0000
vn -0.8992 0.4374 0.0088
vn -0.1100 0.3337 0.9362
vn -0.1609 0.0650 0.9848
vn 0.1631 -0.2794 -0.9462
vn -0.1365 -0.0531 -0.9892
vn 0.5041 -0.8636 -0.0000
vn 0.8992 0.4374 0.0088
vn -0.5041 0.8636 -0.0000
vn -0.8992 -0.4374 -0.0094
vn -0.1631 0.2794 0.9462
vn 0.1609 0.0650 0.9848
vn -0.0359 -0.0032 -0.9994
vn 0.0294 -0.0161 -0.9994
vn 0.9960 0.0893 -0.0000
vn -0.9959 0.0902 -0.0001
vn -0.9960 -0.0894 -0.0000
vn 0.9959 -0.0903 0.0012
vn 0.0359 0.0032 0.9994
vn -0.0355 0.0166 0.9992
vn 0.1895 -0.2109 -0.9590
vn 0.1629 -0.1103 -0.9805
vn 0.6683 -0.7438 -0.0000
vn 0.8009 -0.5987 -0.0114
vn -0.6683 0.7438 -0.0000
vn -0.8009 0.5986 0.0114
vn -0.1895 0.2109 0.9590
vn -0.1919 0.1320 0.9725
vn -0.1028 -0.0284 -0.9943
vn -0.0904 -0.0103 -0.9959
vn 0.9639 0.2663 -0.0000
vn 0.9640 0.2659 0.0053
vn -0.9639 -0.2663 -0.0000
vn -0.9640 -0.2659 -0.0063
vn 0.1028 0.0284 0.9943
vn 0.1066 0.0148 0.9942
vn 0.0367 -0.0033 -0.9993
vn 0.0844 -0.0364 -0.9958
vn -0.9960 0.0889 -0.0000
vn -0.9632 0.2688 -0.0012
vn 0.9960 -0.0889 -0.0000
vn 0.9632 -0.2688 0.0025
vn -0.0367 0.0033 0.9993
vn -0.1017 0.0412 0.9940
vn 0.1051 -0.0289 -0.9940
vn 0.1649 -0.1739 -0.9709
vn -0.9642 0.2650 -0.0000
vn 0.6689 -0.7432 -0.0122
vn 0.9642 -0.2650 -0.0000
vn -0.6689 0.7432 0.0130
vn -0.1051 0.0289 0.9940
vn -0.1942 0.2066 0.9590
vn 0.1591 -0.0770 -0.9842
vn -0.0316 0.0125 -0.9994
vn -0.9001 0.4358 -0.0000
vn 0.9960 0.0892 0.0014
vn 0.9001 -0.4358 -0.0000
vn -0.9960 -0.0892 -0.0026
vn -0.1591 0.0770 0.9843
vn 0.0372 -0.0120 0.9992
vn 0.1905 -0.1415 -0.9714
vn 0.1281 -0.0747 -0.9889
vn -0.8027 0.5963 -0.0000
vn -0.8975 0.4411 -0.0018
vn 0.8027 -0.5964 -0.0000
vn 0.8975 -0.4410 0.0034
vn -0.1905 0.1415 0.9714
vn -0.1541 0.0875 0.9842
vn 0.1938 -0.2135 -0.9575
vn 0.1411 -0.2342 -0.9619
vn -0.6721 0.7405 -0.0000
vn 0.5052 -0.8629 -0.0117
vn 0.6721 -0.7405 -0.0000
vn -0.5052 0.8629 0.0132
vn -0.1938 0.2135 0.9575
vn -0.1664 0.2774 0.9462
vn 0.1671 -0.2820 -0.9447
vn 0.1538 -0.1263 -0.9800
vn -0.5097 0.8603 -0.0000
vn -0.7984 0.6021 -0.0015
vn 0.5097 -0.8603 -0.0000
vn 0.7984 -0.6021 0.0036
vn -0.1671 0.2820 0.9447
vn -0.1846 0.1494 0.9714
vn 0.1135 -0.3357 -0.9351
vn 0.0948 -0.2814 -0.9549
vn -0.0927 -0.2836 -0.9544
vn -0.3202 0.9474 -0.0000
vn 0.3148 -0.9491 -0.0100
vn -0.3144 -0.9493 -0.0012
vn 0.3202 -0.9474 -0.0000
vn -0.3148 0.9491 0.0122
vn 0.3144 0.9493 0.0044
vn -0.1135 0.3357 0.9351
vn -0.1119 0.3331 0.9362
vn 0.1103 0.3368 0.9351
vn 0.0411 -0.3650 -0.9301
vn 0.1570 -0.1841 -0.9703
vn 0.0331 -0.3080 -0.9508
vn -0.1119 0.9937 -0.0000
vn -0.6664 0.7456 -0.0004
vn -0.1072 0.9942 0.0074
vn 0.1119 -0.9937 -0.0000
vn 0.6664 -0.7455 0.0029
vn 0.1072 -0.9942 -0.0042
vn -0.0411 0.3650 0.9301
vn -0.1880 0.2187 0.9575
vn -0.0392 0.3652 0.9301
vn -0.0379 -0.3642 -0.9305
vn 0.0332 -0.3074 -0.9510
vn -0.1360 -0.2396 -0.9613
vn 0.1035 0.9946 -0.0000
vn 0.1067 -0.9943 -0.0073
vn -0.5035 -0.8640 0.0013
vn -0.1035 -0.9946 -0.0000
vn -0.1067 0.9942 0.0101
vn 0.5035 0.8640 0.0017
vn -0.1677 -0.2157 -0.9620
vn 0.3111 -0.0306 -0.9499
vn 0.1075 0.9938 -0.0292
vn 0.2417 -0.1984 -0.9498
vn -0.6267 -0.7787 -0.0292
vn 0.6266 0.7788 -0.0292
vn -0.7343 -0.6026 -0.3127
vn -0.6026 -0.7343 -0.3127
vn 0.6026 0.7343 -0.3127
vn -0.1076 0.9938 -0.0292
vn -0.3111 -0.0306 -0.9499
vn 0.2757 -0.1474 0.9499
vn 0.6266 -0.7788 -0.0292
vn -0.2417 -0.1984 -0.9499
vn -0.6267 0.7787 -0.0292
vn 0.0307 -0.3112 0.9499
vn 0.1075 -0.9938 -0.0292
vn -0.9537 0.2994 -0.0292
vn -0.2992 -0.0908 -0.9499
vn 0.7787 0.6267 -0.0292
vn -0.0907 0.2992 0.9499
vn -0.2992 0.0908 -0.9499
vn 0.0908 0.2992 0.9499
vn 0.2992 0.0908 -0.9499
vn -0.7788 0.6266 -0.0292
vn 0.2757 0.1474 0.9499
vn 0.2992 -0.0908 -0.9499
vn 0.9537 0.2993 -0.0292
vn -0.1076 -0.9938 -0.0292
vn -0.0306 -0.3112 0.9499
vn 0.1677 -0.2157 -0.9619
vn 0.1811 0.1229 0.9758
vn -0.1811 0.1228 0.9758
vn -0.2654 0.9642 -0.0000
vn -0.1783 0.0865 0.9802
vn -0.2139 -0.1593 -0.9638
vn -0.2180 -0.2410 -0.9457
vn 0.1783 0.0865 0.9802
vn -0.8206 -0.5715 0.0045
vn -0.8623 -0.5064 0.0039
vn -0.5996 -0.8003 0.0079
vn -0.3646 -0.9311 0.0116
vn 0.7437 0.6684 0.0065
vn 0.5980 0.8015 0.0093
vn 0.4366 0.8996 0.0124
vn -0.5996 0.8002 0.0092
vn 0.2653 0.9641 0.0143
vn -0.7437 0.6684 0.0066
vn 0.0895 0.9959 0.0153
vn 0.5997 -0.8001 0.0089
vn 0.8206 -0.5715 0.0044
vn 0.8623 -0.5065 0.0039
vn 0.7438 0.6684 -0.0000
vn 0.1864 -0.1395 -0.9725
vn -0.1664 0.2775 0.9462
vn 0.9642 -0.2651 -0.0000
vn 0.6684 -0.7438 -0.0000
vn 0.9960 0.0894 -0.0000
vn -0.9960 -0.0893 -0.0000
vn 0.6664 -0.7456 0.0029
vn 0.1591 -0.0770 -0.9843
vn -0.8005 0.5993 -0.0000
vn 0.8975 -0.4411 0.0034
vn -0.1864 0.1395 0.9725
vn -0.1591 0.0770 0.9842
vn 0.8027 -0.5963 -0.0000
vn -0.8027 0.5964 -0.0000
vn 0.9632 -0.2687 0.0025
vn 0.8006 0.5992 -0.0000
vn -0.9632 0.2687 -0.0012
vn -0.1018 0.0412 0.9940
vn 0.3202 -0.9473 -0.0000
vn -0.3202 0.9473 -0.0000
vn 0.1630 -0.1103 -0.9805
vn -0.8009 0.5987 0.0114
vn -0.9959 0.0903 -0.0001
vn 0.1099 0.3337 0.9362
vn -0.9960 0.0893 -0.0000
vn 0.9959 0.0902 -0.0001
vn 0.9960 -0.0894 -0.0000
vn -0.1629 -0.1103 -0.9805
vn -0.6683 -0.7438 -0.0000
vn -0.8009 -0.5987 -0.0114
vn 0.8009 0.5986 0.0114
vn 0.9640 -0.2659 -0.0063
vn -0.9632 -0.2688 0.0025
vn -0.9642 -0.2650 -0.0000
vn 0.8027 0.5963 -0.0000
vn -0.8027 -0.5964 -0.0000
vn -0.8975 -0.4410 0.0034
vn 0.1664 0.2775 0.9462
vn 0.3202 0.9474 -0.0000
vn -0.3202 -0.9474 -0.0000
vn -0.0331 -0.3080 -0.9508
vt 0.593750 1.000000
vt 0.625000 1.000000
vt 0.312500 1.000000
vt 0.343750 1.000000
vt 0.031250 1.000000
vt 0.062500 1.000000
vt 0.718750 1.000000
vt 0.750000 1.000000
vt 0.437500 1.000000
vt 0.468750 1.000000
vt 0.156250 1.000000
vt 0.187500 1.000000
vt 0.843750 1.000000
vt 0.875000 1.000000
vt 0.562500 1.000000
vt 0.281250 1.000000
vt 0.968750 1.000000
vt 1.000000 1.000000
vt 0.000000 1.000000
vt 0.687500 1.000000
vt 0.406250 1.000000
vt 0.125000 1.000000
vt 0.812500 1.000000
vt 0.531250 1.000000
vt 0.250000 1.000000
vt 0.937500 1.000000
vt 0.656250 1.000000
vt 0.375000 1.000000
vt 0.093750 1.000000
vt 0.781250 1.000000
vt 0.500000 1.000000
vt 0.218750 1.000000
vt 0.906250 1.000000
vt 0.440188 0.171222
vt 0.451902 0.209839
vt 0.843750 1.000000
vt 0.375000 1.000000
vt 0.312500 1.000000
vt 0.187500 1.000000
vt 0.593750 1.000000
vt 0.976075 0.500000
vt 0.992675 0.500000
vt 0.025646 0.500000
vt 0.005604 0.500000
vt 0.974354 0.500000
vt 0.757325 0.500000
vt 0.773925 0.500000
vt 0.994396 0.500000
vt 0.755604 0.500000
vt 0.913575 0.500000
vt 0.930175 0.500000
vt 0.775646 0.500000
vt 0.911854 0.500000
vt 0.931896 0.500000
vt 0.663575 0.500000
vt 0.680175 0.500000
vt 0.661854 0.500000
vt 0.851075 0.500000
vt 0.867675 0.500000
vt 0.681896 0.500000
vt 0.849354 0.500000
vt 0.869396 0.500000
vt 0.569825 0.500000
vt 0.586425 0.500000
vt 0.568104 0.500000
vt 0.351075 0.500000
vt 0.367675 0.500000
vt 0.588146 0.500000
vt 0.349354 0.500000
vt 0.369396 0.500000
vt 0.507325 0.500000
vt 0.523925 0.500000
vt 0.505604 0.500000
vt 0.257325 0.500000
vt 0.273925 0.500000
vt 0.937500 0.500000
vt 0.906250 0.500000
vt 0.093750 0.500000
vt 0.062500 0.500000
vt 0.068104 0.500000
vt 0.088146 0.500000
vt 0.069825 0.500000
vt 0.086425 0.500000
vt 0.500000 0.500000
vt 0.468750 0.500000
vt 0.474354 0.500000
vt 0.494396 0.500000
vt 0.476075 0.500000
vt 0.492675 0.500000
vt 0.875000 0.500000
vt 0.880604 0.500000
vt 0.900646 0.500000
vt 0.882325 0.500000
vt 0.898925 0.500000
vt 0.031250 0.500000
vt 0.036854 0.500000
vt 0.056896 0.500000
vt 0.038575 0.500000
vt 0.055175 0.500000
vt 0.437500 0.500000
vt 0.443104 0.500000
vt 0.463146 0.500000
vt 0.444825 0.500000
vt 0.461425 0.500000
vt 0.843750 0.500000
vt 0.000000 0.500000
vt 0.007325 0.500000
vt 0.023925 0.500000
vt 0.406250 0.500000
vt 0.411854 0.500000
vt 0.431896 0.500000
vt 0.413575 0.500000
vt 0.430175 0.500000
vt 0.812500 0.500000
vt 0.818104 0.500000
vt 0.838146 0.500000
vt 0.819825 0.500000
vt 0.836425 0.500000
vt 0.375000 0.500000
vt 0.380604 0.500000
vt 0.400646 0.500000
vt 0.382325 0.500000
vt 0.398925 0.500000
vt 0.781250 0.500000
vt 0.786854 0.500000
vt 0.806896 0.500000
vt 0.788575 0.500000
vt 0.805175 0.500000
vt 0.343750 0.500000
vt 0.750000 0.500000
vt 0.312500 0.500000
vt 0.318104 0.500000
vt 0.338146 0.500000
vt 0.319825 0.500000
vt 0.336425 0.500000
vt 0.718750 0.500000
vt 0.724354 0.500000
vt 0.744396 0.500000
vt 0.726075 0.500000
vt 0.742675 0.500000
vt 0.281250 0.500000
vt 0.286854 0.500000
vt 0.306896 0.500000
vt 0.288575 0.500000
vt 0.305175 0.500000
vt 0.687500 0.500000
vt 0.693104 0.500000
vt 0.713146 0.500000
vt 0.694825 0.500000
vt 0.711425 0.500000
vt 0.250000 0.500000
vt 0.255604 0.500000
vt 0.275646 0.500000
vt 0.656250 0.500000
vt 0.218750 0.500000
vt 0.224354 0.500000
vt 0.244396 0.500000
vt 0.226075 0.500000
vt 0.242675 0.500000
vt 0.625000 0.500000
vt 0.630604 0.500000
vt 0.650646 0.500000
vt 0.632325 0.500000
vt 0.648925 0.500000
vt 0.187500 0.500000
vt 0.193104 0.500000
vt 0.213146 0.500000
vt 0.194825 0.500000
vt 0.211425 0.500000
vt 0.593750 0.500000
vt 0.599354 0.500000
vt 0.619396 0.500000
vt 0.601075 0.500000
vt 0.617675 0.500000
vt 0.156250 0.500000
vt 0.161854 0.500000
vt 0.181896 0.500000
vt 0.163575 0.500000
vt 0.180175 0.500000
vt 0.562500 0.500000
vt 1.000000 0.500000
vt 0.968750 0.500000
vt 0.125000 0.500000
vt 0.130604 0.500000
vt 0.150646 0.500000
vt 0.132325 0.500000
vt 0.148925 0.500000
vt 0.531250 0.500000
vt 0.536854 0.500000
vt 0.556896 0.500000
vt 0.538575 0.500000
vt 0.555175 0.500000
vt 0.943104 0.500000
vt 0.963146 0.500000
vt 0.944825 0.500000
vt 0.961425 0.500000
vt 0.099354 0.500000
vt 0.119396 0.500000
vt 0.101075 0.500000
vt 0.117675 0.500000
vt 0.525646 0.500000
vt 0.993064 0.989122
vt 0.993064 0.510878
vt 0.975686 0.989122
vt 0.975686 0.510878
vt 0.961814 0.989122
vt 0.961814 0.510878
vt 0.944436 0.989122
vt 0.944436 0.510878
vt 0.930564 0.989122
vt 0.930564 0.510878
vt 0.913186 0.989122
vt 0.913186 0.510878
vt 0.899314 0.989122
vt 0.899314 0.510878
vt 0.881936 0.989122
vt 0.881936 0.510878
vt 0.868064 0.989122
vt 0.868064 0.510878
vt 0.850686 0.989122
vt 0.850686 0.510878
vt 0.836814 0.989122
vt 0.836814 0.510878
vt 0.819436 0.989122
vt 0.819436 0.510878
vt 0.805564 0.989122
vt 0.805564 0.510878
vt 0.788186 0.989122
vt 0.788186 0.510878
vt 0.774314 0.989122
vt 0.774314 0.510878
vt 0.756936 0.989122
vt 0.756936 0.510878
vt 0.743064 0.989122
vt 0.743064 0.510878
vt 0.725686 0.989122
vt 0.725686 0.510878
vt 0.711814 0.989122
vt 0.711814 0.510878
vt 0.694436 0.989122
vt 0.694436 0.510878
vt 0.680564 0.989122
vt 0.680564 0.510878
vt 0.663186 0.989122
vt 0.663186 0.510878
vt 0.649314 0.989122
vt 0.649314 0.510878
vt 0.631936 0.989122
vt 0.631936 0.510878
vt 0.618064 0.989122
vt 0.618064 0.510878
vt 0.600686 0.989122
vt 0.600686 0.510878
vt 0.586814 0.989122
vt 0.586814 0.510878
vt 0.569436 0.989122
vt 0.569436 0.510878
vt 0.555564 0.989122
vt 0.555564 0.510878
vt 0.538186 0.989122
vt 0.538186 0.510878
vt 0.524314 0.989122
vt 0.524314 0.510878
vt 0.506936 0.989122
vt 0.506936 0.510878
vt 0.493064 0.989122
vt 0.493064 0.510878
vt 0.475686 0.989122
vt 0.475686 0.510878
vt 0.461814 0.989122
vt 0.461814 0.510878
vt 0.444436 0.989122
vt 0.444436 0.510878
vt 0.430564 0.989122
vt 0.430564 0.510878
vt 0.413186 0.989122
vt 0.413186 0.510878
vt 0.399314 0.989122
vt 0.399314 0.510878
vt 0.381936 0.989122
vt 0.381936 0.510878
vt 0.368064 0.989122
vt 0.368064 0.510878
vt 0.350686 0.989122
vt 0.350686 0.510878
vt 0.336814 0.989122
vt 0.336814 0.510878
vt 0.319436 0.989122
vt 0.319436 0.510878
vt 0.305564 0.989122
vt 0.305564 0.510878
vt 0.288186 0.989122
vt 0.288186 0.510878
vt 0.274314 0.989122
vt 0.274314 0.510878
vt 0.256936 0.989122
vt 0.256936 0.510878
vt 0.243064 0.989122
vt 0.243064 0.510878
vt 0.225686 0.989122
vt 0.225686 0.510878
vt 0.211814 0.989122
vt 0.211814 0.510878
vt 0.194436 0.989122
vt 0.194436 0.510878
vt 0.180564 0.989122
vt 0.180564 0.510878
vt 0.163186 0.989122
vt 0.163186 0.510878
vt 0.149314 0.989122
vt 0.149314 0.510878
vt 0.131936 0.989122
vt 0.131936 0.510878
vt 0.118064 0.989122
vt 0.118064 0.510878
vt 0.100686 0.989122
vt 0.100686 0.510878
vt 0.086814 0.989122
vt 0.086814 0.510878
vt 0.069436 0.989122
vt 0.069436 0.510878
vt 0.055564 0.989122
vt 0.055564 0.510878
vt 0.038186 0.989122
vt 0.038186 0.510878
vt 0.024314 0.989122
vt 0.024314 0.510878
vt 0.006936 0.989122
vt 0.006936 0.510878
vt 0.725686 0.500000
vt 0.743064 0.500000
vt 0.743064 0.500000
vt 0.444436 0.500000
vt 0.461814 0.500000
vt 0.444436 0.500000
vt 0.461814 0.500000
vt 0.163186 0.500000
vt 0.180564 0.500000
vt 0.180564 0.500000
vt 0.850686 0.500000
vt 0.868064 0.500000
vt 0.850686 0.500000
vt 0.569436 0.500000
vt 0.586814 0.500000
vt 0.288186 0.500000
vt 0.305564 0.500000
vt 0.288186 0.500000
vt 0.975686 0.500000
vt 0.993064 0.500000
vt 0.975686 0.500000
vt 0.006936 0.500000
vt 0.024314 0.500000
vt 0.006936 0.500000
vt 0.694436 0.500000
vt 0.711814 0.500000
vt 0.711814 0.500000
vt 0.413186 0.500000
vt 0.430564 0.500000
vt 0.413186 0.500000
vt 0.131936 0.500000
vt 0.149314 0.500000
vt 0.149314 0.500000
vt 0.819436 0.500000
vt 0.836814 0.500000
vt 0.819436 0.500000
vt 0.538186 0.500000
vt 0.555564 0.500000
vt 0.538186 0.500000
vt 0.555564 0.500000
vt 0.256936 0.500000
vt 0.274314 0.500000
vt 0.944436 0.500000
vt 0.961814 0.500000
vt 0.961814 0.500000
vt 0.663186 0.500000
vt 0.680564 0.500000
vt 0.663186 0.500000
vt 0.680564 0.500000
vt 0.381936 0.500000
vt 0.399314 0.500000
vt 0.381936 0.500000
vt 0.399314 0.500000
vt 0.100686 0.500000
vt 0.118064 0.500000
vt 0.788186 0.500000
vt 0.805564 0.500000
vt 0.788186 0.500000
vt 0.805564 0.500000
vt 0.506936 0.500000
vt 0.524314 0.500000
vt 0.506936 0.500000
vt 0.225686 0.500000
vt 0.243064 0.500000
vt 0.243064 0.500000
vt 0.913186 0.500000
vt 0.930564 0.500000
vt 0.930564 0.500000
vt 0.631936 0.500000
vt 0.649314 0.500000
vt 0.631936 0.500000
vt 0.649314 0.500000
vt 0.350686 0.500000
vt 0.368064 0.500000
vt 0.368064 0.500000
vt 0.069436 0.500000
vt 0.086814 0.500000
vt 0.069436 0.500000
vt 0.756936 0.500000
vt 0.774314 0.500000
vt 0.756936 0.500000
vt 0.774314 0.500000
vt 0.475686 0.500000
vt 0.493064 0.500000
vt 0.475686 0.500000
vt 0.493064 0.500000
vt 0.194436 0.500000
vt 0.211814 0.500000
vt 0.881936 0.500000
vt 0.899314 0.500000
vt 0.881936 0.500000
vt 0.600686 0.500000
vt 0.618064 0.500000
vt 0.618064 0.500000
vt 0.319436 0.500000
vt 0.336814 0.500000
vt 0.319436 0.500000
vt 0.038186 0.500000
vt 0.055564 0.500000
vt 0.524855 0.294784
vt 0.537918 0.337847
vt 0.750000 0.490000
vt 0.796822 0.485388
vt 0.794784 0.475145
vt 0.750000 0.479555
vt 0.841844 0.471731
vt 0.837847 0.462081
vt 0.883337 0.449553
vt 0.877534 0.440868
vt 0.919706 0.419706
vt 0.912320 0.412320
vt 0.949553 0.383337
vt 0.940868 0.377534
vt 0.971731 0.341844
vt 0.962081 0.337847
vt 0.985388 0.296822
vt 0.975144 0.294784
vt 0.990000 0.250000
vt 0.979556 0.250000
vt 0.985388 0.203178
vt 0.975144 0.205216
vt 0.971731 0.158156
vt 0.962081 0.162153
vt 0.949553 0.116663
vt 0.940868 0.122466
vt 0.919706 0.080294
vt 0.912320 0.087680
vt 0.883337 0.050447
vt 0.877534 0.059132
vt 0.841844 0.028269
vt 0.837847 0.037918
vt 0.796822 0.014612
vt 0.794784 0.024855
vt 0.750000 0.010000
vt 0.750000 0.020445
vt 0.703178 0.014612
vt 0.705216 0.024855
vt 0.658156 0.028269
vt 0.662153 0.037918
vt 0.616663 0.050447
vt 0.622466 0.059132
vt 0.580294 0.080294
vt 0.587680 0.087680
vt 0.550447 0.116663
vt 0.559132 0.122466
vt 0.528269 0.158156
vt 0.537918 0.162153
vt 0.514612 0.203178
vt 0.524855 0.205216
vt 0.510000 0.250000
vt 0.520445 0.250000
vt 0.514612 0.296822
vt 0.528269 0.341844
vt 0.550447 0.383337
vt 0.559132 0.377534
vt 0.580294 0.419706
vt 0.587680 0.412320
vt 0.616663 0.449553
vt 0.622466 0.440868
vt 0.658156 0.471731
vt 0.662153 0.462082
vt 0.703178 0.485388
vt 0.705216 0.475145
vt 0.937500 1.000000
vt 0.028269 0.341844
vt 0.050447 0.383337
vt 0.014612 0.296822
vt 0.010000 0.250000
vt 0.014612 0.203178
vt 0.028269 0.158156
vt 0.050447 0.116663
vt 0.080294 0.080294
vt 0.116663 0.050447
vt 0.158156 0.028269
vt 0.203178 0.014612
vt 0.250000 0.010000
vt 0.296822 0.014612
vt 0.341844 0.028269
vt 0.250000 0.490000
vt 0.296822 0.485388
vt 0.080294 0.419706
vt 0.341844 0.471731
vt 0.116663 0.449553
vt 0.383337 0.449553
vt 0.158156 0.471731
vt 0.419706 0.419706
vt 0.203178 0.485388
vt 0.449553 0.383337
vt 0.471731 0.341844
vt 0.485388 0.296822
vt 0.490000 0.250000
vt 0.485388 0.203178
vt 0.471731 0.158156
vt 0.449553 0.116663
vt 0.419706 0.080294
vt 0.383337 0.050447
vt 0.250000 0.455858
vt 0.290161 0.451902
vt 0.209839 0.451902
vt 0.171222 0.440188
vt 0.135632 0.421164
vt 0.104437 0.395563
vt 0.078836 0.364368
vt 0.059812 0.328778
vt 0.048098 0.290161
vt 0.044142 0.250000
vt 0.048098 0.209839
vt 0.059812 0.171222
vt 0.078836 0.135632
vt 0.104437 0.104437
vt 0.135632 0.078836
vt 0.171222 0.059812
vt 0.209839 0.048098
vt 0.250000 0.044142
vt 0.290161 0.048098
vt 0.328778 0.059812
vt 0.364368 0.078836
vt 0.395563 0.104437
vt 0.421164 0.135632
vt 0.455858 0.250000
vt 0.451902 0.290161
vt 0.440188 0.328778
vt 0.421164 0.364368
vt 0.395563 0.395563
vt 0.364368 0.421164
vt 0.328778 0.440188
vt 0.489120 0.258936
vt 0.486269 0.287886
vt 0.489120 0.258936
vt 0.486269 0.287886
vt 0.482802 0.305347
vt 0.474317 0.333319
vt 0.482802 0.305347
vt 0.474317 0.333319
vt 0.467591 0.349589
vt 0.453692 0.375592
vt 0.467591 0.349589
vt 0.453692 0.375592
vt 0.241877 0.489200
vt 0.211301 0.486188
vt 0.241877 0.489200
vt 0.211301 0.486189
vt 0.444082 0.390003
vt 0.425177 0.413039
vt 0.444082 0.390003
vt 0.195315 0.483003
vt 0.166019 0.474116
vt 0.195315 0.483003
vt 0.166019 0.474116
vt 0.413164 0.425074
vt 0.389878 0.444185
vt 0.413164 0.425074
vt 0.389878 0.444184
vt 0.150818 0.467809
vt 0.124001 0.453475
vt 0.150818 0.467809
vt 0.124001 0.453475
vt 0.375999 0.453475
vt 0.349182 0.467809
vt 0.375999 0.453475
vt 0.349182 0.467809
vt 0.110122 0.444184
vt 0.086836 0.425074
vt 0.110122 0.444184
vt 0.086836 0.425074
vt 0.333981 0.474116
vt 0.304685 0.483003
vt 0.333981 0.474116
vt 0.074824 0.413039
vt 0.055918 0.390003
vt 0.074824 0.413039
vt 0.288699 0.486188
vt 0.258123 0.489200
vt 0.288699 0.486189
vt 0.258123 0.489200
vt 0.046308 0.375592
vt 0.032409 0.349589
vt 0.046308 0.375592
vt 0.032409 0.349589
vt 0.025683 0.333319
vt 0.017198 0.305347
vt 0.025683 0.333319
vt 0.017198 0.305347
vt 0.013731 0.287886
vt 0.010880 0.258936
vt 0.013731 0.287886
vt 0.010880 0.258936
vt 0.010880 0.241064
vt 0.013731 0.212114
vt 0.010880 0.241064
vt 0.013731 0.212114
vt 0.017198 0.194654
vt 0.025683 0.166681
vt 0.017198 0.194654
vt 0.025683 0.166681
vt 0.486269 0.212114
vt 0.489120 0.241064
vt 0.486269 0.212114
vt 0.489120 0.241064
vt 0.474317 0.166681
vt 0.482802 0.194653
vt 0.482803 0.194653
vt 0.453692 0.124408
vt 0.467591 0.150411
vt 0.453692 0.124408
vt 0.425176 0.086961
vt 0.444082 0.109997
vt 0.425176 0.086961
vt 0.444082 0.109997
vt 0.389878 0.055816
vt 0.413164 0.074926
vt 0.389878 0.055816
vt 0.413164 0.074926
vt 0.349182 0.032191
vt 0.375999 0.046525
vt 0.349182 0.032191
vt 0.375999 0.046525
vt 0.304685 0.016997
vt 0.333981 0.025884
vt 0.304685 0.016997
vt 0.333981 0.025884
vt 0.258123 0.010800
vt 0.288699 0.013812
vt 0.288699 0.013812
vt 0.211301 0.013811
vt 0.241877 0.010800
vt 0.211301 0.013811
vt 0.241877 0.010800
vt 0.166019 0.025884
vt 0.195315 0.016997
vt 0.166019 0.025884
vt 0.195315 0.016997
vt 0.124001 0.046525
vt 0.150818 0.032191
vt 0.124001 0.046525
vt 0.150818 0.032191
vt 0.086836 0.074926
vt 0.110122 0.055816
vt 0.086836 0.074926
vt 0.110122 0.055816
vt 0.055918 0.109997
vt 0.074824 0.086961
vt 0.074824 0.086961
vt 0.032409 0.150411
vt 0.046308 0.124408
vt 0.032409 0.150411
vt 0.046308 0.124408
vt 0.713658 1.000000
vt 0.692591 1.000000
vt 0.713587 1.000000
vt 0.692662 1.000000
vt 0.276133 1.000000
vt 0.255119 1.000000
vt 0.276063 1.000000
vt 0.255188 1.000000
vt 0.682449 1.000000
vt 0.661300 1.000000
vt 0.682383 1.000000
vt 0.661366 1.000000
vt 0.244875 1.000000
vt 0.223876 1.000000
vt 0.244814 1.000000
vt 0.223938 1.000000
vt 0.651248 1.000000
vt 0.630001 1.000000
vt 0.651192 1.000000
vt 0.630057 1.000000
vt 0.213638 1.000000
vt 0.192613 1.000000
vt 0.213590 1.000000
vt 0.192661 1.000000
vt 0.620048 1.000000
vt 0.598701 1.000000
vt 0.620003 1.000000
vt 0.598746 1.000000
vt 0.182419 1.000000
vt 0.161331 1.000000
vt 0.182388 1.000000
vt 0.161363 1.000000
vt 0.588843 1.000000
vt 0.567407 1.000000
vt 0.588808 1.000000
vt 0.567442 1.000000
vt 0.995116 1.000000
vt 0.973634 1.000000
vt 0.995139 1.000000
vt 0.973611 1.000000
vt 0.151213 1.000000
vt 0.130037 1.000000
vt 0.151199 1.000000
vt 0.130051 1.000000
vt 0.557626 1.000000
vt 0.536124 1.000000
vt 0.557598 1.000000
vt 0.536151 1.000000
vt 0.963846 1.000000
vt 0.942404 1.000000
vt 0.963866 1.000000
vt 0.942385 1.000000
vt 0.120013 1.000000
vt 0.098737 1.000000
vt 0.120013 1.000000
vt 0.098737 1.000000
vt 0.526393 1.000000
vt 0.504857 1.000000
vt 0.526370 1.000000
vt 0.504880 1.000000
vt 0.932560 1.000000
vt 0.911190 1.000000
vt 0.932572 1.000000
vt 0.911178 1.000000
vt 0.088810 1.000000
vt 0.067440 1.000000
vt 0.088822 1.000000
vt 0.067428 1.000000
vt 0.495144 1.000000
vt 0.473607 1.000000
vt 0.495120 1.000000
vt 0.473630 1.000000
vt 0.901263 1.000000
vt 0.879987 1.000000
vt 0.901263 1.000000
vt 0.879987 1.000000
vt 0.057596 1.000000
vt 0.036154 1.000000
vt 0.057615 1.000000
vt 0.036134 1.000000
vt 0.463876 1.000000
vt 0.442374 1.000000
vt 0.463849 1.000000
vt 0.442402 1.000000
vt 0.869963 1.000000
vt 0.848786 1.000000
vt 0.869949 1.000000
vt 0.848801 1.000000
vt 0.026366 1.000000
vt 0.004884 1.000000
vt 0.026389 1.000000
vt 0.004861 1.000000
vt 0.432593 1.000000
vt 0.411157 1.000000
vt 0.432558 1.000000
vt 0.411192 1.000000
vt 0.838669 1.000000
vt 0.817581 1.000000
vt 0.838637 1.000000
vt 0.817612 1.000000
vt 0.401299 1.000000
vt 0.379952 1.000000
vt 0.401254 1.000000
vt 0.379997 1.000000
vt 0.807387 1.000000
vt 0.786362 1.000000
vt 0.807339 1.000000
vt 0.786410 1.000000
vt 0.369999 1.000000
vt 0.348752 1.000000
vt 0.369943 1.000000
vt 0.348808 1.000000
vt 0.776124 1.000000
vt 0.755125 1.000000
vt 0.776062 1.000000
vt 0.755186 1.000000
vt 0.338700 1.000000
vt 0.317551 1.000000
vt 0.338634 1.000000
vt 0.317617 1.000000
vt 0.744881 1.000000
vt 0.723867 1.000000
vt 0.744812 1.000000
vt 0.723937 1.000000
vt 0.307409 1.000000
vt 0.286342 1.000000
vt 0.307338 1.000000
vt 0.286413 1.000000
vt 0.526368 1.000000
vt 0.504882 1.000000
vt 0.526368 1.000000
vt 0.557596 1.000000
vt 0.536154 1.000000
vt 0.557596 1.000000
vt 0.536155 1.000000
vt 0.588803 1.000000
vt 0.567447 1.000000
vt 0.588803 1.000000
vt 0.567447 1.000000
vt 0.619997 1.000000
vt 0.598753 1.000000
vt 0.619997 1.000000
vt 0.598753 1.000000
vt 0.651185 1.000000
vt 0.630065 1.000000
vt 0.651186 1.000000
vt 0.682379 1.000000
vt 0.661371 1.000000
vt 0.682379 1.000000
vt 0.661371 1.000000
vt 0.713588 1.000000
vt 0.692662 1.000000
vt 0.692662 1.000000
vt 0.744819 1.000000
vt 0.723931 1.000000
vt 0.744819 1.000000
vt 0.723931 1.000000
vt 0.776076 1.000000
vt 0.755174 1.000000
vt 0.776076 1.000000
vt 0.755174 1.000000
vt 0.807357 1.000000
vt 0.786393 1.000000
vt 0.807357 1.000000
vt 0.786393 1.000000
vt 0.838657 1.000000
vt 0.817593 1.000000
vt 0.838657 1.000000
vt 0.817593 1.000000
vt 0.026391 1.000000
vt 0.004859 1.000000
vt 0.004859 1.000000
vt 0.869967 1.000000
vt 0.848783 1.000000
vt 0.869967 1.000000
vt 0.848783 1.000000
vt 0.057620 1.000000
vt 0.036130 1.000000
vt 0.495118 1.000000
vt 0.473632 1.000000
vt 0.495118 1.000000
vt 0.473632 1.000000
vt 0.463846 1.000000
vt 0.442404 1.000000
vt 0.463846 1.000000
vt 0.442404 1.000000
vt 0.432553 1.000000
vt 0.411197 1.000000
vt 0.432553 1.000000
vt 0.411197 1.000000
vt 0.401247 1.000000
vt 0.380003 1.000000
vt 0.401247 1.000000
vt 0.380003 1.000000
vt 0.369935 1.000000
vt 0.348814 1.000000
vt 0.369935 1.000000
vt 0.338629 1.000000
vt 0.317621 1.000000
vt 0.338629 1.000000
vt 0.317621 1.000000
vt 0.307338 1.000000
vt 0.286412 1.000000
vt 0.307338 1.000000
vt 0.286412 1.000000
vt 0.276069 1.000000
vt 0.255181 1.000000
vt 0.244826 1.000000
vt 0.223924 1.000000
vt 0.223924 1.000000
vt 0.213608 1.000000
vt 0.192642 1.000000
vt 0.213608 1.000000
vt 0.192642 1.000000
vt 0.182407 1.000000
vt 0.161343 1.000000
vt 0.182407 1.000000
vt 0.161343 1.000000
vt 0.995141 1.000000
vt 0.973609 1.000000
vt 0.995141 1.000000
vt 0.973609 1.000000
vt 0.151217 1.000000
vt 0.130033 1.000000
vt 0.151217 1.000000
vt 0.963870 1.000000
vt 0.942380 1.000000
vt 0.963870 1.000000
vt 0.942380 1.000000
vt 0.120027 1.000000
vt 0.098723 1.000000
vt 0.098723 1.000000
vt 0.932581 1.000000
vt 0.911169 1.000000
vt 0.932581 1.000000
vt 0.911169 1.000000
vt 0.088831 1.000000
vt 0.067419 1.000000
vt 0.088831 1.000000
vt 0.067419 1.000000
vt 0.901277 1.000000
vt 0.879973 1.000000
vt 0.901277 1.000000
vt 0.879973 1.000000
s 1
f 536/116/704 534/117/705 585/117/706 586/116/707
f 554/118/708 552/119/709 594/119/710 595/118/711
f 572/120/712 570/121/713 603/121/714 604/120/715
f 528/122/716 526/123/717 581/123/718 582/122/719
f 546/124/720 544/125/721 590/125/722 591/124/723
f 564/126/724 562/127/725 599/127/726 600/126/727
f 520/128/728 518/129/729 577/129/730 578/128/731
f 538/130/732 536/116/704 586/116/707 587/130/733
f 556/131/734 554/118/708 595/118/711 596/131/735
f 512/132/736 510/133/737 574/133/738 573/132/739
f 510/134/737 572/120/712 604/120/715 574/134/738
f 530/135/740 528/122/716 582/122/719 583/135/741
f 548/136/742 546/124/720 591/124/723 592/136/743
f 566/137/744 564/126/724 600/126/727 601/137/745
f 522/138/746 520/128/728 578/128/731 579/138/747
f 540/139/748 538/130/732 587/130/733 588/139/749
f 558/140/750 556/131/734 596/131/735 597/140/751
f 514/141/752 512/132/736 573/132/739 575/141/753
f 532/142/754 530/135/740 583/135/741 584/142/755
f 550/143/756 548/136/742 592/136/743 593/143/757
f 568/144/758 566/137/744 601/137/745 602/144/759
f 524/145/760 522/138/746 579/138/747 580/145/761
f 542/146/762 540/139/748 588/139/749 589/146/763
f 560/147/764 558/140/750 597/140/751 598/147/765
f 516/148/766 514/141/752 575/141/753 576/148/767
f 534/117/705 532/142/754 584/142/755 585/117/706
f 552/119/709 550/143/756 593/143/757 594/119/710
f 570/121/713 568/144/758 602/144/759 603/121/714
f 526/123/717 524/145/760 580/145/761 581/123/718
f 544/125/721 542/146/762 589/146/763 590/125/722
f 562/127/725 560/147/764 598/147/765 599/127/726
f 518/129/729 516/148/766 576/148/767 577/129/730
f 1716/149/768 1717/150/769 1750/150/770 1749/149/771
f 1540/124/772 1537/125/773 1586/125/774 1589/124/775
f 1541/151/776 1538/129/777 1587/129/778 1590/151/779
f 1528/134/780 1539/120/781 1588/120/782 1568/134/780
f 1542/136/783 1540/124/772 1589/124/775 1591/136/784
f 1543/138/785 1541/151/776 1590/151/779 1592/138/786
f 1544/152/787 1542/136/783 1591/136/784 1593/152/788
f 1545/145/789 1543/138/785 1592/138/786 1594/145/790
f 1518/135/791 1517/122/792 1566/122/793 1569/135/794
f 1546/119/795 1544/152/787 1593/152/788 1595/119/796
f 1520/140/797 1519/131/798 1567/131/799 1570/140/800
f 1547/123/801 1545/145/789 1594/145/790 1596/123/802
f 1521/142/803 1518/135/791 1569/135/794 1571/142/804
f 1548/153/805 1546/119/795 1595/119/796 1597/153/806
f 1522/147/807 1520/140/797 1570/140/800 1572/147/808
f 1517/122/792 1547/123/801 1596/123/802 1566/122/793
f 1523/117/809 1521/142/803 1571/142/804 1573/117/810
f 1519/131/798 1548/153/805 1597/153/806 1567/131/799
f 1524/154/811 1522/147/807 1572/147/808 1574/154/812
f 1525/155/813 1523/117/809 1573/117/810 1575/155/814
f 770/156/815 771/157/815 898/157/815 899/156/815
f 692/158/816 693/159/816 821/159/816 820/158/816
f 769/160/817 770/156/817 899/156/817 897/160/817
f 718/161/818 719/162/818 846/162/818 847/161/818
f 771/157/819 768/163/819 896/163/819 898/157/819
f 717/164/820 718/161/820 847/161/820 845/164/820
f 666/165/821 667/166/821 794/166/821 795/165/821
f 768/163/822 769/160/822 897/160/822 896/163/822
f 719/162/823 716/167/823 844/167/823 846/162/823
f 665/168/824 666/165/824 795/165/824 793/168/824
f 716/167/825 717/164/825 845/164/825 844/167/825
f 667/166/826 664/169/826 792/169/826 794/166/826
f 742/170/827 743/171/827 870/171/827 871/170/827
f 664/169/828 665/168/828 793/168/828 792/169/828
f 741/172/829 742/170/829 871/170/829 869/172/829
f 690/173/830 691/174/830 818/174/830 819/173/830
f 743/171/831 740/175/831 868/175/831 870/171/831
f 689/176/832 690/173/832 819/173/832 817/176/832
f 740/175/833 741/172/833 869/172/833 868/175/833
f 691/174/834 688/177/834 816/177/834 818/174/834
f 766/178/835 767/179/835 894/179/835 895/178/835
f 688/177/836 689/176/836 817/176/836 816/177/836
f 765/180/837 766/178/837 895/178/837 893/180/837
f 714/181/838 715/182/838 842/182/838 843/181/838
f 767/179/839 764/183/839 892/183/839 894/179/839
f 713/184/840 714/181/840 843/181/840 841/184/840
f 764/183/841 765/180/841 893/180/841 892/183/841
f 715/182/842 712/185/842 840/185/842 842/182/842
f 790/186/843 791/187/843 918/187/843 919/186/843
f 712/185/844 713/184/844 841/184/844 840/185/844
f 789/188/845 790/186/845 919/186/845 917/188/845
f 738/189/846 739/190/846 866/190/846 867/189/846
f 623/191/847 624/192/848 665/168/849 664/169/849
f 624/192/848 1433/192/850 666/165/849 665/168/849
f 1433/192/850 1432/191/851 667/166/849 666/165/849
f 1432/191/851 623/191/847 664/169/849 667/166/849
f 650/193/852 651/194/853 669/195/854 668/196/854
f 651/194/853 1451/194/855 670/197/854 669/195/854
f 1451/194/855 1450/193/856 671/198/854 670/197/854
f 1450/193/856 650/193/852 668/196/854 671/198/854
f 637/199/857 638/200/858 673/201/859 672/202/859
f 638/200/858 1443/200/860 674/203/859 673/201/859
f 1443/200/860 1442/199/861 675/204/859 674/203/859
f 1442/199/861 637/199/857 672/202/859 675/204/859
f 624/192/848 625/205/862 677/206/863 676/207/863
f 625/205/862 655/205/864 678/208/863 677/206/863
f 655/205/864 1433/192/850 679/209/863 678/208/863
f 1433/192/850 624/192/848 676/207/863 679/209/863
f 651/194/853 652/210/865 681/211/866 680/212/866
f 652/210/865 1452/210/867 682/213/866 681/211/866
f 1452/210/867 1451/194/855 683/214/866 682/213/866
f 1451/194/855 651/194/853 680/212/866 683/214/866
f 638/200/858 639/215/868 685/216/869 684/217/869
f 639/215/868 1444/215/870 686/218/869 685/216/869
f 1444/215/870 1443/200/860 687/219/869 686/218/869
f 1443/200/860 638/200/858 684/217/869 687/219/869
f 625/205/862 626/220/871 689/176/872 688/177/873
f 626/220/871 1434/220/874 690/173/872 689/176/872
f 1434/220/874 655/205/864 691/174/873 690/173/872
f 655/205/864 625/205/862 688/177/873 691/174/873
f 652/210/865 621/221/875 693/159/876 692/158/876
f 621/221/875 653/221/877 694/222/876 693/159/876
f 653/221/877 1452/210/867 695/223/876 694/222/876
f 1452/210/867 652/210/865 692/158/876 695/223/876
f 639/215/868 640/224/878 697/225/879 696/226/879
f 640/224/878 659/224/880 698/227/879 697/225/879
f 659/224/880 1444/215/870 699/228/879 698/227/879
f 1444/215/870 639/215/868 696/226/879 699/228/879
f 626/220/871 627/229/881 701/230/882 700/231/882
f 627/229/881 1435/229/883 702/232/882 701/230/882
f 1435/229/883 1434/220/874 703/233/882 702/232/882
f 1434/220/874 626/220/871 700/231/882 703/233/882
f 640/224/878 641/234/884 705/235/885 704/236/885
f 641/234/884 1445/234/886 706/237/885 705/235/885
f 1445/234/886 659/224/880 707/238/885 706/237/885
f 659/224/880 640/224/878 704/236/885 707/238/885
f 627/229/881 628/239/887 709/240/888 708/241/888
f 628/239/887 656/239/889 710/242/888 709/240/888
f 656/239/889 1435/229/883 711/243/890 710/242/888
f 1435/229/883 627/229/881 708/241/888 711/243/890
f 641/234/884 642/244/891 713/184/892 712/185/892
f 642/244/891 1446/244/893 714/181/892 713/184/892
f 1446/244/893 1445/234/886 715/182/892 714/181/892
f 1445/234/886 641/234/884 712/185/892 715/182/892
f 628/239/887 629/245/894 717/164/895 716/167/895
f 629/245/894 1436/245/896 718/161/895 717/164/895
f 1436/245/896 656/239/889 719/162/895 718/161/895
f 656/239/889 628/239/887 716/167/895 719/162/895
f 642/244/891 643/246/897 721/247/898 720/248/898
f 643/246/897 660/246/899 722/249/898 721/247/898
f 660/246/899 1446/244/893 723/250/898 722/249/898
f 1446/244/893 642/244/891 720/248/898 723/250/898
f 629/245/894 630/251/900 725/252/901 724/253/901
f 630/251/900 1437/251/902 726/254/901 725/252/901
f 1437/251/902 1436/245/896 727/255/901 726/254/901
f 1436/245/896 629/245/894 724/253/901 727/255/901
f 643/246/897 644/256/903 729/257/904 728/258/904
f 644/256/903 1447/256/905 730/259/904 729/257/904
f 1447/256/905 660/246/899 731/260/904 730/259/904
f 660/246/899 643/246/897 728/258/904 731/260/904
f 630/251/900 631/261/906 733/262/907 732/263/907
f 631/261/906 657/261/908 734/264/907 733/262/907
f 657/261/908 1437/251/902 735/265/907 734/264/907
f 1437/251/902 630/251/900 732/263/907 735/265/907
f 644/256/903 645/266/909 737/267/910 736/268/910
f 645/266/909 661/266/911 738/189/910 737/267/910
f 661/266/911 1447/256/905 739/190/910 738/189/910
f 1447/256/905 644/256/903 736/268/910 739/190/910
f 631/261/906 632/269/912 741/172/913 740/175/913
f 632/269/912 1438/269/914 742/170/913 741/172/913
f 1438/269/914 657/261/908 743/171/913 742/170/913
f 657/261/908 631/261/906 740/175/913 743/171/913
f 645/266/909 646/270/915 745/271/916 744/272/916
f 646/270/915 1448/270/917 746/273/916 745/271/916
f 1448/270/917 661/266/911 747/274/916 746/273/916
f 661/266/911 645/266/909 744/272/916 747/274/916
f 632/269/912 633/275/918 749/276/919 748/277/919
f 633/275/918 1439/275/920 750/278/919 749/276/919
f 1439/275/920 1438/269/914 751/279/919 750/278/919
f 1438/269/914 632/269/912 748/277/919 751/279/919
f 646/270/915 647/280/921 753/281/922 752/282/922
f 647/280/921 662/280/923 754/283/922 753/281/922
f 662/280/923 1448/270/917 755/284/922 754/283/922
f 1448/270/917 646/270/915 752/282/922 755/284/922
f 633/275/918 634/285/924 757/286/925 756/287/925
f 634/285/924 658/285/926 758/288/927 757/286/925
f 658/285/926 1439/275/920 759/289/925 758/288/927
f 1439/275/920 633/275/918 756/287/925 759/289/925
f 647/280/921 648/290/928 761/291/929 760/292/929
f 648/290/928 663/290/930 762/293/929 761/291/929
f 663/290/930 662/280/923 763/294/929 762/293/929
f 662/280/923 647/280/921 760/292/929 763/294/929
f 634/285/924 635/295/931 765/180/932 764/183/932
f 635/295/931 1440/295/933 766/178/932 765/180/932
f 1440/295/933 658/285/926 767/179/932 766/178/932
f 658/285/926 634/285/924 764/183/932 767/179/932
f 621/296/875 622/297/934 769/160/935 768/163/935
f 622/297/934 654/297/936 770/156/935 769/160/935
f 654/297/936 653/296/877 771/157/935 770/156/935
f 653/296/877 621/296/875 768/163/935 771/157/935
f 648/290/928 649/298/937 773/299/938 772/300/938
f 649/298/937 1449/298/939 774/301/940 773/299/938
f 1449/298/939 663/290/930 775/302/938 774/301/940
f 663/290/930 648/290/928 772/300/938 775/302/938
f 635/295/931 636/303/941 777/304/942 776/305/942
f 636/303/941 1441/303/943 778/306/942 777/304/942
f 1441/303/943 1440/295/933 779/307/942 778/306/942
f 1440/295/933 635/295/931 776/305/942 779/307/942
f 622/297/934 623/191/847 781/308/944 780/309/944
f 623/191/847 1432/191/851 782/310/944 781/308/944
f 1432/191/851 654/297/936 783/311/944 782/310/944
f 654/297/936 622/297/934 780/309/944 783/311/944
f 649/298/937 650/193/852 785/312/945 784/313/945
f 650/193/852 1450/193/856 786/314/945 785/312/945
f 1450/193/856 1449/298/939 787/315/945 786/314/945
f 1449/298/939 649/298/937 784/313/945 787/315/945
f 636/303/941 637/199/857 789/188/946 788/316/946
f 637/199/857 1442/199/861 790/186/946 789/188/946
f 1442/199/861 1441/303/943 791/187/946 790/186/946
f 1441/303/943 636/303/941 788/316/946 791/187/946
f 792/169/849 793/168/849 795/165/849 794/166/849
f 796/196/854 797/195/854 799/197/854 798/198/854
f 800/202/859 801/201/859 803/203/859 802/204/859
f 804/207/863 805/206/863 807/208/863 806/209/863
f 808/212/866 809/211/866 811/213/866 810/214/866
f 812/217/869 813/216/869 815/218/869 814/219/869
f 816/177/873 817/176/873 819/173/873 818/174/873
f 820/158/876 821/159/876 823/222/876 822/223/876
f 824/226/879 825/225/879 827/227/879 826/228/879
f 828/231/882 829/230/882 831/232/882 830/233/882
f 832/236/885 833/235/885 835/237/885 834/238/885
f 836/241/888 837/240/888 839/242/888 838/243/888
f 840/185/892 841/184/892 843/181/892 842/182/892
f 844/167/895 845/164/895 847/161/895 846/162/895
f 848/248/898 849/247/898 851/249/898 850/250/898
f 852/253/901 853/252/901 855/254/901 854/255/901
f 856/258/904 857/257/904 859/259/904 858/260/904
f 860/263/907 861/262/907 863/264/907 862/265/907
f 864/268/910 865/267/910 867/189/910 866/190/910
f 868/175/913 869/172/913 871/170/913 870/171/913
f 872/272/916 873/271/916 875/273/916 874/274/916
f 876/277/919 877/276/919 879/278/919 878/279/919
f 880/282/922 881/281/922 883/283/922 882/284/922
f 884/287/925 885/286/925 887/288/925 886/289/925
f 888/292/929 889/291/929 891/293/929 890/294/929
f 892/183/932 893/180/932 895/178/932 894/179/932
f 896/163/935 897/160/935 899/156/935 898/157/935
f 900/300/938 901/299/938 903/301/938 902/302/938
f 904/305/942 905/304/942 907/306/942 906/307/942
f 908/309/944 909/308/944 911/310/944 910/311/944
f 912/313/945 913/312/945 915/314/945 914/315/945
f 916/316/946 917/188/946 919/186/946 918/187/946
f 695/223/947 692/158/947 820/158/947 822/223/947
f 744/272/948 745/271/948 873/271/948 872/272/948
f 693/159/949 694/222/949 823/222/949 821/159/949
f 747/274/950 744/272/950 872/272/950 874/274/950
f 694/222/951 695/223/951 822/223/951 823/222/951
f 745/271/952 746/273/952 875/273/952 873/271/952
f 668/196/953 669/195/953 797/195/953 796/196/953
f 746/273/954 747/274/954 874/274/954 875/273/954
f 671/198/955 668/196/955 796/196/955 798/198/955
f 720/248/956 721/247/956 849/247/956 848/248/956
f 669/195/957 670/197/957 799/197/957 797/195/957
f 723/250/958 720/248/958 848/248/958 850/250/958
f 772/300/959 773/299/959 901/299/959 900/300/959
f 670/197/960 671/198/960 798/198/960 799/197/960
f 721/247/961 722/249/961 851/249/961 849/247/961
f 775/302/962 772/300/962 900/300/962 902/302/962
f 722/249/963 723/250/963 850/250/963 851/249/963
f 773/299/964 774/301/964 903/301/964 901/299/964
f 696/226/965 697/225/965 825/225/965 824/226/965
f 774/301/966 775/302/966 902/302/966 903/301/966
f 699/228/967 696/226/967 824/226/967 826/228/967
f 748/277/968 749/276/968 877/276/968 876/277/968
f 697/225/969 698/227/969 827/227/969 825/225/969
f 751/279/970 748/277/970 876/277/970 878/279/970
f 698/227/971 699/228/971 826/228/971 827/227/971
f 749/276/972 750/278/972 879/278/972 877/276/972
f 672/202/973 673/201/973 801/201/973 800/202/973
f 750/278/974 751/279/974 878/279/974 879/278/974
f 675/204/975 672/202/975 800/202/975 802/204/975
f 724/253/976 725/252/976 853/252/976 852/253/976
f 673/201/977 674/203/977 803/203/977 801/201/977
f 727/255/978 724/253/978 852/253/978 854/255/978
f 776/305/979 777/304/979 905/304/979 904/305/979
f 674/203/980 675/204/980 802/204/980 803/203/980
f 725/252/981 726/254/981 855/254/981 853/252/981
f 779/307/982 776/305/982 904/305/982 906/307/982
f 726/254/983 727/255/983 854/255/983 855/254/983
f 777/304/984 778/306/984 907/306/984 905/304/984
f 700/231/985 701/230/985 829/230/985 828/231/985
f 778/306/986 779/307/986 906/307/986 907/306/986
f 703/233/987 700/231/987 828/231/987 830/233/987
f 752/282/988 753/281/988 881/281/988 880/282/988
f 701/230/989 702/232/989 831/232/989 829/230/989
f 755/284/990 752/282/990 880/282/990 882/284/990
f 702/232/991 703/233/991 830/233/991 831/232/991
f 753/281/992 754/283/992 883/283/992 881/281/992
f 676/207/993 677/206/993 805/206/993 804/207/993
f 754/283/994 755/284/994 882/284/994 883/283/994
f 679/209/995 676/207/995 804/207/995 806/209/995
f 728/258/996 729/257/996 857/257/996 856/258/996
f 677/206/997 678/208/997 807/208/997 805/206/997
f 731/260/998 728/258/998 856/258/998 858/260/998
f 780/309/999 781/308/999 909/308/999 908/309/999
f 678/208/1000 679/209/1000 806/209/1000 807/208/1000
f 729/257/1001 730/259/1001 859/259/1001 857/257/1001
f 783/311/1002 780/309/1002 908/309/1002 910/311/1002
f 730/259/1003 731/260/1003 858/260/1003 859/259/1003
f 781/308/1004 782/310/1004 911/310/1004 909/308/1004
f 704/236/1005 705/235/1005 833/235/1005 832/236/1005
f 782/310/1006 783/311/1006 910/311/1006 911/310/1006
f 707/238/1007 704/236/1007 832/236/1007 834/238/1007
f 756/287/1008 757/286/1008 885/286/1008 884/287/1008
f 705/235/1009 706/237/1009 835/237/1009 833/235/1009
f 759/289/1010 756/287/1010 884/287/1010 886/289/1010
f 706/237/1011 707/238/1011 834/238/1011 835/237/1011
f 757/286/1012 758/288/1012 887/288/1012 885/286/1012
f 680/212/1013 681/211/1013 809/211/1013 808/212/1013
f 758/288/1014 759/289/1014 886/289/1014 887/288/1014
f 683/214/1015 680/212/1015 808/212/1015 810/214/1015
f 732/263/1016 733/262/1016 861/262/1016 860/263/1016
f 681/211/1017 682/213/1017 811/213/1017 809/211/1017
f 735/265/1018 732/263/1018 860/263/1018 862/265/1018
f 784/313/1019 785/312/1019 913/312/1019 912/313/1019
f 682/213/1020 683/214/1020 810/214/1020 811/213/1020
f 733/262/1021 734/264/1021 863/264/1021 861/262/1021
f 787/315/1022 784/313/1022 912/313/1022 914/315/1022
f 734/264/1023 735/265/1023 862/265/1023 863/264/1023
f 785/312/1024 786/314/1024 915/314/1024 913/312/1024
f 708/241/1025 709/240/1025 837/240/1025 836/241/1025
f 786/314/1026 787/315/1026 914/315/1026 915/314/1026
f 711/243/1027 708/241/1027 836/241/1027 838/243/1027
f 760/292/1028 761/291/1028 889/291/1028 888/292/1028
f 709/240/1029 710/242/1029 839/242/1029 837/240/1029
f 763/294/1030 760/292/1030 888/292/1030 890/294/1030
f 710/242/1031 711/243/1031 838/243/1031 839/242/1031
f 761/291/1032 762/293/1032 891/293/1032 889/291/1032
f 684/217/1033 685/216/1033 813/216/1033 812/217/1033
f 762/293/1034 763/294/1034 890/294/1034 891/293/1034
f 687/219/1035 684/217/1035 812/217/1035 814/219/1035
f 736/268/1036 737/267/1036 865/267/1036 864/268/1036
f 685/216/1037 686/218/1037 815/218/1037 813/216/1037
f 739/190/1038 736/268/1038 864/268/1038 866/190/1038
f 788/316/1039 789/188/1039 917/188/1039 916/316/1039
f 686/218/1040 687/219/1040 814/219/1040 815/218/1040
f 737/267/1041 738/189/1041 867/189/1041 865/267/1041
f 791/187/1042 788/316/1042 916/316/1042 918/187/1042
f 509/296/1043 510/133/737 921/317/1044 920/318/1044
f 510/133/737 512/132/736 1060/319/1044 921/317/1044
f 512/132/736 511/297/1045 922/320/1044 1060/319/1044
f 511/297/1045 509/296/1043 920/318/1044 922/320/1044
f 511/297/1045 512/132/736 1061/321/1046 1062/322/1046
f 512/132/736 514/141/752 923/323/1046 1061/321/1046
f 514/141/752 513/191/1047 1063/324/1046 923/323/1046
f 513/191/1047 511/297/1045 1062/322/1046 1063/324/1046
f 513/191/1047 514/141/752 925/325/1048 924/326/1048
f 514/141/752 516/148/766 1065/327/1048 925/325/1048
f 516/148/766 515/192/1049 1064/328/1048 1065/327/1048
f 515/192/1049 513/191/1047 924/326/1048 1064/328/1048
f 515/192/1049 516/148/766 1066/329/1050 1067/330/1050
f 516/148/766 518/129/729 926/331/1050 1066/329/1050
f 518/129/729 517/205/1051 1068/332/1050 926/331/1050
f 517/205/1051 515/192/1049 1067/330/1050 1068/332/1050
f 517/205/1051 518/129/729 1069/333/1052 1070/334/1052
f 518/129/729 520/128/728 1072/335/1052 1069/333/1052
f 520/128/728 519/220/1053 1071/336/1052 1072/335/1052
f 519/220/1053 517/205/1051 1070/334/1052 1071/336/1052
f 519/220/1053 520/128/728 928/337/1054 927/338/1054
f 520/128/728 522/138/746 1074/339/1054 928/337/1054
f 522/138/746 521/229/1055 1073/340/1054 1074/339/1054
f 521/229/1055 519/220/1053 927/338/1054 1073/340/1054
f 521/229/1055 522/138/746 930/341/1056 929/342/1056
f 522/138/746 524/145/760 931/343/1056 930/341/1056
f 524/145/760 523/239/1057 932/344/1056 931/343/1056
f 523/239/1057 521/229/1055 929/342/1056 932/344/1056
f 523/239/1057 524/145/760 933/345/1058 1075/346/1058
f 524/145/760 526/123/717 1076/347/1058 933/345/1058
f 526/123/717 525/245/1059 934/348/1058 1076/347/1058
f 525/245/1059 523/239/1057 1075/346/1058 934/348/1058
f 525/245/1059 526/123/717 935/349/1060 1077/350/1060
f 526/123/717 528/122/716 936/351/1060 935/349/1060
f 528/122/716 527/251/1061 937/352/1060 936/351/1060
f 527/251/1061 525/245/1059 1077/350/1060 937/352/1060
f 527/251/1061 528/122/716 1078/353/1062 938/354/1062
f 528/122/716 530/135/740 1079/355/1062 1078/353/1062
f 530/135/740 529/261/1063 939/356/1062 1079/355/1062
f 529/261/1063 527/251/1061 938/354/1062 939/356/1062
f 529/261/1063 530/135/740 941/357/1064 940/358/1064
f 530/135/740 532/142/754 1081/359/1064 941/357/1064
f 532/142/754 531/269/1065 1080/360/1064 1081/359/1064
f 531/269/1065 529/261/1063 940/358/1064 1080/360/1064
f 531/269/1065 532/142/754 943/361/1066 942/362/1066
f 532/142/754 534/117/705 1082/363/1066 943/361/1066
f 534/117/705 533/275/1067 944/364/1066 1082/363/1066
f 533/275/1067 531/269/1065 942/362/1066 944/364/1066
f 533/275/1067 534/117/705 1083/365/1068 1084/366/1068
f 534/117/705 536/116/704 1085/367/1068 1083/365/1068
f 536/116/704 535/285/1069 945/368/1068 1085/367/1068
f 535/285/1069 533/275/1067 1084/366/1068 945/368/1068
f 535/285/1069 536/116/704 1086/369/1070 946/370/1070
f 536/116/704 538/130/732 947/371/1070 1086/369/1070
f 538/130/732 537/295/1071 948/372/1070 947/371/1070
f 537/295/1071 535/285/1069 946/370/1070 948/372/1070
f 537/295/1071 538/130/732 949/373/1072 1087/374/1072
f 538/130/732 540/139/748 950/375/1072 949/373/1072
f 540/139/748 539/303/1073 951/376/1072 950/375/1072
f 539/303/1073 537/295/1071 1087/374/1072 951/376/1072
f 539/303/1073 540/139/748 953/377/1074 952/378/1074
f 540/139/748 542/146/762 954/379/1074 953/377/1074
f 542/146/762 541/199/1075 1088/380/1074 954/379/1074
f 541/199/1075 539/303/1073 952/378/1074 1088/380/1074
f 541/199/1075 542/146/762 956/381/1076 955/382/1076
f 542/146/762 544/125/721 957/383/1076 956/381/1076
f 544/125/721 543/200/1077 1089/384/1076 957/383/1076
f 543/200/1077 541/199/1075 955/382/1076 1089/384/1076
f 543/200/1077 544/125/721 959/385/1078 958/386/1078
f 544/125/721 546/124/720 1090/387/1078 959/385/1078
f 546/124/720 545/215/1079 960/388/1078 1090/387/1078
f 545/215/1079 543/200/1077 958/386/1078 960/388/1078
f 545/215/1079 546/124/720 962/389/1080 961/390/1080
f 546/124/720 548/136/742 1092/391/1080 962/389/1080
f 548/136/742 547/224/1081 1091/392/1080 1092/391/1080
f 547/224/1081 545/215/1079 961/390/1080 1091/392/1080
f 547/224/1081 548/136/742 964/393/1082 963/394/1082
f 548/136/742 550/143/756 1094/395/1082 964/393/1082
f 550/143/756 549/234/1083 1093/396/1082 1094/395/1082
f 549/234/1083 547/224/1081 963/394/1082 1093/396/1082
f 549/234/1083 550/143/756 1095/397/1084 1096/398/1084
f 550/143/756 552/119/709 1098/399/1084 1095/397/1084
f 552/119/709 551/244/1085 1097/400/1084 1098/399/1084
f 551/244/1085 549/234/1083 1096/398/1084 1097/400/1084
f 551/244/1085 552/119/709 966/401/1086 965/402/1086
f 552/119/709 554/118/708 967/403/1086 966/401/1086
f 554/118/708 553/246/1087 968/404/1086 967/403/1086
f 553/246/1087 551/244/1085 965/402/1086 968/404/1086
f 553/246/1087 554/118/708 1099/405/1088 1100/406/1088
f 554/118/708 556/131/734 1101/407/1088 1099/405/1088
f 556/131/734 555/256/1089 969/408/1088 1101/407/1088
f 555/256/1089 553/246/1087 1100/406/1088 969/408/1088
f 555/256/1089 556/131/734 1102/409/1090 970/410/1090
f 556/131/734 558/140/750 1104/411/1090 1102/409/1090
f 558/140/750 557/266/1091 1103/412/1090 1104/411/1090
f 557/266/1091 555/256/1089 970/410/1090 1103/412/1090
f 557/266/1091 558/140/750 1105/413/1092 971/414/1092
f 558/140/750 560/147/764 1106/415/1092 1105/413/1092
f 560/147/764 559/270/1093 972/416/1092 1106/415/1092
f 559/270/1093 557/266/1091 971/414/1092 972/416/1092
f 559/270/1093 560/147/764 973/417/1094 1107/418/1094
f 560/147/764 562/127/725 1108/419/1094 973/417/1094
f 562/127/725 561/280/1095 974/420/1094 1108/419/1094
f 561/280/1095 559/270/1093 1107/418/1094 974/420/1094
f 561/280/1095 562/127/725 976/421/1096 975/422/1096
f 562/127/725 564/126/724 977/423/1096 976/421/1096
f 564/126/724 563/290/1097 978/424/1096 977/423/1096
f 563/290/1097 561/280/1095 975/422/1096 978/424/1096
f 563/290/1097 564/126/724 980/425/1098 979/426/1098
f 564/126/724 566/137/744 981/427/1098 980/425/1098
f 566/137/744 565/298/1099 982/428/1098 981/427/1098
f 565/298/1099 563/290/1097 979/426/1098 982/428/1098
f 565/298/1099 566/137/744 1109/429/1100 983/430/1100
f 566/137/744 568/144/758 1111/431/1100 1109/429/1100
f 568/144/758 567/193/1101 1110/432/1100 1111/431/1100
f 567/193/1101 565/298/1099 983/430/1100 1110/432/1100
f 567/193/1101 568/144/758 984/433/1102 1112/434/1102
f 568/144/758 570/121/713 1114/435/1102 984/433/1102
f 570/121/713 569/194/1103 1113/436/1102 1114/435/1102
f 569/194/1103 567/193/1101 1112/434/1102 1113/436/1102
f 569/194/1103 570/121/713 985/437/1104 1115/438/1104
f 570/121/713 572/120/712 1117/439/1104 985/437/1104
f 572/120/712 571/210/1105 1116/440/1104 1117/439/1104
f 571/210/1105 569/194/1103 1115/438/1104 1116/440/1104
f 571/210/1105 572/120/712 1118/441/1106 1119/442/1106
f 572/120/712 510/134/737 1120/443/1106 1118/441/1106
f 510/134/737 509/221/1043 986/444/1106 1120/443/1106
f 509/221/1043 571/210/1105 1119/442/1106 986/444/1106
f 525/245/1059 527/251/1061 1121/445/1060 987/446/1060
f 527/251/1061 630/251/900 1123/445/1060 1121/445/1060
f 630/251/900 629/245/894 1122/447/1060 1123/445/1060
f 629/245/894 525/245/1059 987/446/1060 1122/447/1060
f 543/200/1077 545/215/1079 988/448/1078 1124/449/1078
f 545/215/1079 639/215/868 1125/450/1078 988/448/1078
f 639/215/868 638/200/858 989/451/1078 1125/450/1078
f 638/200/858 543/200/1077 1124/449/1078 989/451/1078
f 561/280/1095 563/290/1097 991/452/1096 990/453/1096
f 563/290/1097 648/290/928 992/452/1096 991/452/1096
f 648/290/928 647/280/921 993/454/1096 992/452/1096
f 647/280/921 561/280/1095 990/453/1096 993/454/1096
f 517/205/1051 519/220/1053 1126/455/1052 994/456/1052
f 519/220/1053 626/220/871 995/457/1052 1126/455/1052
f 626/220/871 625/205/862 996/456/1052 995/457/1052
f 625/205/862 517/205/1051 994/456/1052 996/456/1052
f 535/285/1069 537/295/1071 998/458/1070 997/459/1070
f 537/295/1071 635/295/931 999/458/1070 998/458/1070
f 635/295/931 634/285/924 1127/459/1070 999/458/1070
f 634/285/924 535/285/1069 997/459/1070 1127/459/1070
f 553/246/1087 555/256/1089 1128/460/1088 1000/461/1088
f 555/256/1089 644/256/903 1129/462/1088 1128/460/1088
f 644/256/903 643/246/897 1001/461/1088 1129/462/1088
f 643/246/897 553/246/1087 1000/461/1088 1001/461/1088
f 509/296/1043 511/297/1045 1131/463/1044 1130/464/1044
f 511/297/1045 622/297/934 1133/465/1044 1131/463/1044
f 622/297/934 621/296/875 1132/464/1044 1133/465/1044
f 621/296/875 509/296/1043 1130/464/1044 1132/464/1044
f 571/210/1105 509/221/1043 1003/466/1106 1002/467/1106
f 509/221/1043 621/221/875 1135/468/1106 1003/466/1106
f 621/221/875 652/210/865 1134/467/1106 1135/468/1106
f 652/210/865 571/210/1105 1002/467/1106 1134/467/1106
f 527/251/1061 529/261/1063 1136/469/1062 1004/470/1062
f 529/261/1063 631/261/906 1005/469/1062 1136/469/1062
f 631/261/906 630/251/900 1137/471/1062 1005/469/1062
f 630/251/900 527/251/1061 1004/470/1062 1137/471/1062
f 545/215/1079 547/224/1081 1006/472/1080 1138/473/1080
f 547/224/1081 640/224/878 1007/474/1080 1006/472/1080
f 640/224/878 639/215/868 1008/473/1080 1007/474/1080
f 639/215/868 545/215/1079 1138/473/1080 1008/473/1080
f 563/290/1097 565/298/1099 1140/475/1098 1139/476/1098
f 565/298/1099 649/298/937 1009/475/1098 1140/475/1098
f 649/298/937 648/290/928 1010/477/1098 1009/475/1098
f 648/290/928 563/290/1097 1139/476/1098 1010/477/1098
f 519/220/1053 521/229/1055 1011/478/1054 1141/479/1054
f 521/229/1055 627/229/881 1142/480/1054 1011/478/1054
f 627/229/881 626/220/871 1012/479/1054 1142/480/1054
f 626/220/871 519/220/1053 1141/479/1054 1012/479/1054
f 537/295/1071 539/303/1073 1143/481/1072 1013/482/1072
f 539/303/1073 636/303/941 1145/483/1072 1143/481/1072
f 636/303/941 635/295/931 1144/484/1072 1145/483/1072
f 635/295/931 537/295/1071 1013/482/1072 1144/484/1072
f 555/256/1089 557/266/1091 1015/485/1090 1014/486/1090
f 557/266/1091 645/266/909 1016/485/1090 1015/485/1090
f 645/266/909 644/256/903 1017/486/1090 1016/485/1090
f 644/256/903 555/256/1089 1014/486/1090 1017/486/1090
f 511/297/1045 513/191/1047 1146/487/1046 1018/488/1046
f 513/191/1047 623/191/847 1148/487/1046 1146/487/1046
f 623/191/847 622/297/934 1147/489/1046 1148/487/1046
f 622/297/934 511/297/1045 1018/488/1046 1147/489/1046
f 529/261/1063 531/269/1065 1149/490/1064 1019/491/1064
f 531/269/1065 632/269/912 1150/492/1064 1149/490/1064
f 632/269/912 631/261/906 1020/493/1064 1150/492/1064
f 631/261/906 529/261/1063 1019/491/1064 1020/493/1064
f 547/224/1081 549/234/1083 1021/494/1082 1151/495/1082
f 549/234/1083 641/234/884 1022/496/1082 1021/494/1082
f 641/234/884 640/224/878 1152/497/1082 1022/496/1082
f 640/224/878 547/224/1081 1151/495/1082 1152/497/1082
f 565/298/1099 567/193/1101 1153/498/1100 1023/499/1100
f 567/193/1101 650/193/852 1155/498/1100 1153/498/1100
f 650/193/852 649/298/937 1154/499/1100 1155/498/1100
f 649/298/937 565/298/1099 1023/499/1100 1154/499/1100
f 521/229/1055 523/239/1057 1025/500/1056 1024/501/1056
f 523/239/1057 628/239/887 1026/502/1056 1025/500/1056
f 628/239/887 627/229/881 1027/503/1056 1026/502/1056
f 627/229/881 521/229/1055 1024/501/1056 1027/503/1056
f 539/303/1073 541/199/1075 1029/504/1074 1028/505/1074
f 541/199/1075 637/199/857 1156/506/1074 1029/504/1074
f 637/199/857 636/303/941 1030/505/1074 1156/506/1074
f 636/303/941 539/303/1073 1028/505/1074 1030/505/1074
f 557/266/1091 559/270/1093 1032/507/1092 1031/508/1092
f 559/270/1093 646/270/915 1033/507/1092 1032/507/1092
f 646/270/915 645/266/909 1034/509/1092 1033/507/1092
f 645/266/909 557/266/1091 1031/508/1092 1034/509/1092
f 513/191/1047 515/192/1049 1157/510/1048 1035/511/1048
f 515/192/1049 624/192/848 1159/510/1048 1157/510/1048
f 624/192/848 623/191/847 1158/512/1048 1159/510/1048
f 623/191/847 513/191/1047 1035/511/1048 1158/512/1048
f 531/269/1065 533/275/1067 1161/513/1066 1160/514/1066
f 533/275/1067 633/275/918 1163/515/1066 1161/513/1066
f 633/275/918 632/269/912 1162/516/1066 1163/515/1066
f 632/269/912 531/269/1065 1160/514/1066 1162/516/1066
f 549/234/1083 551/244/1085 1037/517/1084 1036/518/1084
f 551/244/1085 642/244/891 1038/517/1084 1037/517/1084
f 642/244/891 641/234/884 1039/519/1084 1038/517/1084
f 641/234/884 549/234/1083 1036/518/1084 1039/519/1084
f 567/193/1101 569/194/1103 1041/520/1102 1040/521/1102
f 569/194/1103 651/194/853 1042/522/1102 1041/520/1102
f 651/194/853 650/193/852 1043/521/1102 1042/522/1102
f 650/193/852 567/193/1101 1040/521/1102 1043/521/1102
f 523/239/1057 525/245/1059 1165/523/1058 1164/524/1058
f 525/245/1059 629/245/894 1044/525/1058 1165/523/1058
f 629/245/894 628/239/887 1045/526/1058 1044/525/1058
f 628/239/887 523/239/1057 1164/524/1058 1045/526/1058
f 541/199/1075 543/200/1077 1046/527/1076 1166/528/1076
f 543/200/1077 638/200/858 1047/529/1076 1046/527/1076
f 638/200/858 637/199/857 1167/530/1076 1047/529/1076
f 637/199/857 541/199/1075 1166/528/1076 1167/530/1076
f 559/270/1093 561/280/1095 1049/531/1094 1048/532/1094
f 561/280/1095 647/280/921 1050/531/1094 1049/531/1094
f 647/280/921 646/270/915 1168/532/1094 1050/531/1094
f 646/270/915 559/270/1093 1048/532/1094 1168/532/1094
f 515/192/1049 517/205/1051 1169/533/1050 1051/534/1050
f 517/205/1051 625/205/862 1052/535/1050 1169/533/1050
f 625/205/862 624/192/848 1053/534/1050 1052/535/1050
f 624/192/848 515/192/1049 1051/534/1050 1053/534/1050
f 533/275/1067 535/285/1069 1055/536/1068 1054/537/1068
f 535/285/1069 634/285/924 1170/536/1068 1055/536/1068
f 634/285/924 633/275/918 1056/538/1068 1170/536/1068
f 633/275/918 533/275/1067 1054/537/1068 1056/538/1068
f 551/244/1085 553/246/1087 1172/539/1086 1171/540/1086
f 553/246/1087 643/246/897 1057/541/1086 1172/539/1086
f 643/246/897 642/244/891 1173/540/1086 1057/541/1086
f 642/244/891 551/244/1085 1171/540/1086 1173/540/1086
f 569/194/1103 571/210/1105 1174/542/1104 1058/543/1104
f 571/210/1105 652/210/865 1175/542/1104 1174/542/1104
f 652/210/865 651/194/853 1059/543/1104 1175/542/1104
f 651/194/853 569/194/1103 1058/543/1104 1059/543/1104
f 1176/318/1044 1177/317/1044 1178/319/1044 1179/320/1044
f 921/317/1060 1177/317/1060 1176/318/1060 920/318/1060
f 1060/319/1107 1178/319/1107 1177/317/1107 921/317/1107
f 922/320/1092 1179/320/1092 1178/319/1092 1060/319/1092
f 920/318/1108 1176/318/1108 1179/320/1108 922/320/1108
f 1180/322/1046 1181/321/1046 1182/323/1046 1183/324/1046
f 1061/321/1062 1181/321/1062 1180/322/1062 1062/322/1062
f 923/323/1107 1182/323/1107 1181/321/1107 1061/321/1107
f 1063/324/1094 1183/324/1094 1182/323/1094 923/323/1094
f 1062/322/1108 1180/322/1108 1183/324/1108 1063/324/1108
f 1184/326/1048 1185/325/1048 1186/327/1048 1187/328/1048
f 925/325/1064 1185/325/1064 1184/326/1064 924/326/1064
f 1065/327/1107 1186/327/1107 1185/325/1107 925/325/1107
f 1064/328/1096 1187/328/1096 1186/327/1096 1065/327/1096
f 924/326/1108 1184/326/1108 1187/328/1108 1064/328/1108
f 1188/330/1050 1189/329/1050 1190/331/1050 1191/332/1050
f 1066/329/1066 1189/329/1066 1188/330/1066 1067/330/1066
f 926/331/1107 1190/331/1107 1189/329/1107 1066/329/1107
f 1068/332/1098 1191/332/1098 1190/331/1098 926/331/1098
f 1067/330/1108 1188/330/1108 1191/332/1108 1068/332/1108
f 1192/334/1052 1193/333/1052 1194/335/1052 1195/336/1052
f 1069/333/1068 1193/333/1068 1192/334/1068 1070/334/1068
f 1072/335/1107 1194/335/1107 1193/333/1107 1069/333/1107
f 1071/336/1100 1195/336/1100 1194/335/1100 1072/335/1100
f 1070/334/1108 1192/334/1108 1195/336/1108 1071/336/1108
f 1196/338/1054 1197/337/1054 1198/339/1054 1199/340/1054
f 928/337/1070 1197/337/1070 1196/338/1070 927/338/1070
f 1074/339/1107 1198/339/1107 1197/337/1107 928/337/1107
f 1073/340/1102 1199/340/1102 1198/339/1102 1074/339/1102
f 927/338/1108 1196/338/1108 1199/340/1108 1073/340/1108
f 1200/342/1056 1201/341/1056 1202/343/1056 1203/344/1056
f 930/341/1072 1201/341/1072 1200/342/1072 929/342/1072
f 931/343/1107 1202/343/1107 1201/341/1107 930/341/1107
f 932/344/1104 1203/344/1104 1202/343/1104 931/343/1104
f 929/342/1108 1200/342/1108 1203/344/1108 932/344/1108
f 1204/346/1058 1205/345/1058 1206/347/1058 1207/348/1058
f 933/345/1074 1205/345/1074 1204/346/1074 1075/346/1074
f 1076/347/1107 1206/347/1107 1205/345/1107 933/345/1107
f 934/348/1106 1207/348/1106 1206/347/1106 1076/347/1106
f 1075/346/1108 1204/346/1108 1207/348/1108 934/348/1108
f 1208/350/1060 1209/349/1060 1210/351/1060 1211/352/1060
f 935/349/1076 1209/349/1076 1208/350/1076 1077/350/1076
f 936/351/1107 1210/351/1107 1209/349/1107 935/349/1107
f 937/352/1044 1211/352/1044 1210/351/1044 936/351/1044
f 1077/350/1108 1208/350/1108 1211/352/1108 937/352/1108
f 1212/354/1062 1213/353/1062 1214/355/1062 1215/356/1062
f 1078/353/1078 1213/353/1078 1212/354/1078 938/354/1078
f 1079/355/1107 1214/355/1107 1213/353/1107 1078/353/1107
f 939/356/1046 1215/356/1046 1214/355/1046 1079/355/1046
f 938/354/1108 1212/354/1108 1215/356/1108 939/356/1108
f 1216/358/1064 1217/357/1064 1218/359/1064 1219/360/1064
f 941/357/1080 1217/357/1080 1216/358/1080 940/358/1080
f 1081/359/1107 1218/359/1107 1217/357/1107 941/357/1107
f 1080/360/1048 1219/360/1048 1218/359/1048 1081/359/1048
f 940/358/1108 1216/358/1108 1219/360/1108 1080/360/1108
f 1220/362/1066 1221/361/1066 1222/363/1066 1223/364/1066
f 943/361/1082 1221/361/1082 1220/362/1082 942/362/1082
f 1082/363/1107 1222/363/1107 1221/361/1107 943/361/1107
f 944/364/1050 1223/364/1050 1222/363/1050 1082/363/1050
f 942/362/1108 1220/362/1108 1223/364/1108 944/364/1108
f 1224/366/1068 1225/365/1068 1226/367/1068 1227/368/1068
f 1083/365/1084 1225/365/1084 1224/366/1084 1084/366/1084
f 1085/367/1107 1226/367/1107 1225/365/1107 1083/365/1107
f 945/368/1052 1227/368/1052 1226/367/1052 1085/367/1052
f 1084/366/1108 1224/366/1108 1227/368/1108 945/368/1108
f 1228/370/1070 1229/369/1070 1230/371/1070 1231/372/1070
f 1086/369/1086 1229/369/1086 1228/370/1086 946/370/1086
f 947/371/1107 1230/371/1107 1229/369/1107 1086/369/1107
f 948/372/1054 1231/372/1054 1230/371/1054 947/371/1054
f 946/370/1108 1228/370/1108 1231/372/1108 948/372/1108
f 1232/374/1072 1233/373/1072 1234/375/1072 1235/376/1072
f 949/373/1088 1233/373/1088 1232/374/1088 1087/374/1088
f 950/375/1107 1234/375/1107 1233/373/1107 949/373/1107
f 951/376/1056 1235/376/1056 1234/375/1056 950/375/1056
f 1087/374/1108 1232/374/1108 1235/376/1108 951/376/1108
f 1236/378/1074 1237/377/1074 1238/379/1074 1239/380/1074
f 953/377/1090 1237/377/1090 1236/378/1090 952/378/1090
f 954/379/1107 1238/379/1107 1237/377/1107 953/377/1107
f 1088/380/1058 1239/380/1058 1238/379/1058 954/379/1058
f 952/378/1108 1236/378/1108 1239/380/1108 1088/380/1108
f 1240/382/1076 1241/381/1076 1242/383/1076 1243/384/1076
f 956/381/1092 1241/381/1092 1240/382/1092 955/382/1092
f 957/383/1107 1242/383/1107 1241/381/1107 956/381/1107
f 1089/384/1060 1243/384/1060 1242/383/1060 957/383/1060
f 955/382/1108 1240/382/1108 1243/384/1108 1089/384/1108
f 1244/386/1078 1245/385/1078 1246/387/1078 1247/388/1078
f 959/385/1094 1245/385/1094 1244/386/1094 958/386/1094
f 1090/387/1107 1246/387/1107 1245/385/1107 959/385/1107
f 960/388/1062 1247/388/1062 1246/387/1062 1090/387/1062
f 958/386/1108 1244/386/1108 1247/388/1108 960/388/1108
f 1248/390/1080 1249/389/1080 1250/391/1080 1251/392/1080
f 962/389/1096 1249/389/1096 1248/390/1096 961/390/1096
f 1092/391/1107 1250/391/1107 1249/389/1107 962/389/1107
f 1091/392/1064 1251/392/1064 1250/391/1064 1092/391/1064
f 961/390/1108 1248/390/1108 1251/392/1108 1091/392/1108
f 1252/394/1082 1253/393/1082 1254/395/1082 1255/396/1082
f 964/393/1098 1253/393/1098 1252/394/1098 963/394/1098
f 1094/395/1107 1254/395/1107 1253/393/1107 964/393/1107
f 1093/396/1066 1255/396/1066 1254/395/1066 1094/395/1066
f 963/394/1108 1252/394/1108 1255/396/1108 1093/396/1108
f 1256/398/1084 1257/397/1084 1258/399/1084 1259/400/1084
f 1095/397/1100 1257/397/1100 1256/398/1100 1096/398/1100
f 1098/399/1107 1258/399/1107 1257/397/1107 1095/397/1107
f 1097/400/1068 1259/400/1068 1258/399/1068 1098/399/1068
f 1096/398/1108 1256/398/1108 1259/400/1108 1097/400/1108
f 1260/402/1086 1261/401/1086 1262/403/1086 1263/404/1086
f 966/401/1102 1261/401/1102 1260/402/1102 965/402/1102
f 967/403/1107 1262/403/1107 1261/401/1107 966/401/1107
f 968/404/1070 1263/404/1070 1262/403/1070 967/403/1070
f 965/402/1108 1260/402/1108 1263/404/1108 968/404/1108
f 1264/406/1088 1265/405/1088 1266/407/1088 1267/408/1088
f 1099/405/1104 1265/405/1104 1264/406/1104 1100/406/1104
f 1101/407/1107 1266/407/1107 1265/405/1107 1099/405/1107
f 969/408/1072 1267/408/1072 1266/407/1072 1101/407/1072
f 1100/406/1108 1264/406/1108 1267/408/1108 969/408/1108
f 1268/410/1090 1269/409/1090 1270/411/1090 1271/412/1090
f 1102/409/1106 1269/409/1106 1268/410/1106 970/410/1106
f 1104/411/1107 1270/411/1107 1269/409/1107 1102/409/1107
f 1103/412/1074 1271/412/1074 1270/411/1074 1104/411/1074
f 970/410/1108 1268/410/1108 1271/412/1108 1103/412/1108
f 1272/414/1092 1273/413/1092 1274/415/1092 1275/416/1092
f 1105/413/1044 1273/413/1044 1272/414/1044 971/414/1044
f 1106/415/1107 1274/415/1107 1273/413/1107 1105/413/1107
f 972/416/1076 1275/416/1076 1274/415/1076 1106/415/1076
f 971/414/1108 1272/414/1108 1275/416/1108 972/416/1108
f 1276/418/1094 1277/417/1094 1278/419/1094 1279/420/1094
f 973/417/1046 1277/417/1046 1276/418/1046 1107/418/1046
f 1108/419/1107 1278/419/1107 1277/417/1107 973/417/1107
f 974/420/1078 1279/420/1078 1278/419/1078 1108/419/1078
f 1107/418/1108 1276/418/1108 1279/420/1108 974/420/1108
f 1280/422/1096 1281/421/1096 1282/423/1096 1283/424/1096
f 976/421/1048 1281/421/1048 1280/422/1048 975/422/1048
f 977/423/1107 1282/423/1107 1281/421/1107 976/421/1107
f 978/424/1080 1283/424/1080 1282/423/1080 977/423/1080
f 975/422/1108 1280/422/1108 1283/424/1108 978/424/1108
f 1284/426/1098 1285/425/1098 1286/427/1098 1287/428/1098
f 980/425/1050 1285/425/1050 1284/426/1050 979/426/1050
f 981/427/1107 1286/427/1107 1285/425/1107 980/425/1107
f 982/428/1082 1287/428/1082 1286/427/1082 981/427/1082
f 979/426/1108 1284/426/1108 1287/428/1108 982/428/1108
f 1288/430/1100 1289/429/1100 1290/431/1100 1291/432/1100
f 1109/429/1052 1289/429/1052 1288/430/1052 983/430/1052
f 1111/431/1107 1290/431/1107 1289/429/1107 1109/429/1107
f 1110/432/1084 1291/432/1084 1290/431/1084 1111/431/1084
f 983/430/1108 1288/430/1108 1291/432/1108 1110/432/1108
f 1292/434/1102 1293/433/1102 1294/435/1102 1295/436/1102
f 984/433/1054 1293/433/1054 1292/434/1054 1112/434/1054
f 1114/435/1107 1294/435/1107 1293/433/1107 984/433/1107
f 1113/436/1086 1295/436/1086 1294/435/1086 1114/435/1086
f 1112/434/1108 1292/434/1108 1295/436/1108 1113/436/1108
f 1296/438/1104 1297/437/1104 1298/439/1104 1299/440/1104
f 985/437/1056 1297/437/1056 1296/438/1056 1115/438/1056
f 1117/439/1107 1298/439/1107 1297/437/1107 985/437/1107
f 1116/440/1088 1299/440/1088 1298/439/1088 1117/439/1088
f 1115/438/1108 1296/438/1108 1299/440/1108 1116/440/1108
f 1300/442/1106 1301/441/1106 1302/443/1106 1303/444/1106
f 1118/441/1058 1301/441/1058 1300/442/1058 1119/442/1058
f 1120/443/1107 1302/443/1107 1301/441/1107 1118/441/1107
f 986/444/1090 1303/444/1090 1302/443/1090 1120/443/1090
f 1119/442/1108 1300/442/1108 1303/444/1108 986/444/1108
f 1304/446/1060 1305/445/1060 1306/445/1060 1307/447/1060
f 1121/445/1107 1305/445/1107 1304/446/1107 987/446/1107
f 1123/445/1044 1306/445/1044 1305/445/1044 1121/445/1044
f 1122/447/1108 1307/447/1108 1306/445/1108 1123/445/1108
f 987/446/1076 1304/446/1076 1307/447/1076 1122/447/1076
f 1308/449/1078 1309/448/1078 1310/450/1078 1311/451/1078
f 988/448/1107 1309/448/1107 1308/449/1107 1124/449/1107
f 1125/450/1062 1310/450/1062 1309/448/1062 988/448/1062
f 989/451/1108 1311/451/1108 1310/450/1108 1125/450/1108
f 1124/449/1094 1308/449/1094 1311/451/1094 989/451/1094
f 1312/453/1096 1313/452/1096 1314/452/1096 1315/454/1096
f 991/452/1107 1313/452/1107 1312/453/1107 990/453/1107
f 992/452/1080 1314/452/1080 1313/452/1080 991/452/1080
f 993/454/1108 1315/454/1108 1314/452/1108 992/452/1108
f 990/453/1048 1312/453/1048 1315/454/1048 993/454/1048
f 1316/456/1052 1317/455/1052 1318/457/1052 1319/456/1052
f 1126/455/1107 1317/455/1107 1316/456/1107 994/456/1107
f 995/457/1100 1318/457/1100 1317/455/1100 1126/455/1100
f 996/456/1108 1319/456/1108 1318/457/1108 995/457/1108
f 994/456/1068 1316/456/1068 1319/456/1068 996/456/1068
f 1320/459/1070 1321/458/1070 1322/458/1070 1323/459/1070
f 998/458/1107 1321/458/1107 1320/459/1107 997/459/1107
f 999/458/1054 1322/458/1054 1321/458/1054 998/458/1054
f 1127/459/1108 1323/459/1108 1322/458/1108 999/458/1108
f 997/459/1086 1320/459/1086 1323/459/1086 1127/459/1086
f 1324/461/1088 1325/460/1088 1326/462/1088 1327/461/1088
f 1128/460/1107 1325/460/1107 1324/461/1107 1000/461/1107
f 1129/462/1072 1326/462/1072 1325/460/1072 1128/460/1072
f 1001/461/1108 1327/461/1108 1326/462/1108 1129/462/1108
f 1000/461/1104 1324/461/1104 1327/461/1104 1001/461/1104
f 1328/464/1044 1329/463/1044 1330/465/1044 1331/464/1044
f 1131/463/1107 1329/463/1107 1328/464/1107 1130/464/1107
f 1133/465/1092 1330/465/1092 1329/463/1092 1131/463/1092
f 1132/464/1108 1331/464/1108 1330/465/1108 1133/465/1108
f 1130/464/1060 1328/464/1060 1331/464/1060 1132/464/1060
f 1332/467/1106 1333/466/1106 1334/468/1106 1335/467/1106
f 1003/466/1107 1333/466/1107 1332/467/1107 1002/467/1107
f 1135/468/1090 1334/468/1090 1333/466/1090 1003/466/1090
f 1134/467/1108 1335/467/1108 1334/468/1108 1135/468/1108
f 1002/467/1058 1332/467/1058 1335/467/1058 1134/467/1058
f 1336/470/1062 1337/469/1062 1338/469/1062 1339/471/1062
f 1136/469/1107 1337/469/1107 1336/470/1107 1004/470/1107
f 1005/469/1046 1338/469/1046 1337/469/1046 1136/469/1046
f 1137/471/1108 1339/471/1108 1338/469/1108 1005/469/1108
f 1004/470/1078 1336/470/1078 1339/471/1078 1137/471/1078
f 1340/473/1080 1341/472/1080 1342/474/1080 1343/473/1080
f 1006/472/1107 1341/472/1107 1340/473/1107 1138/473/1107
f 1007/474/1064 1342/474/1064 1341/472/1064 1006/472/1064
f 1008/473/1108 1343/473/1108 1342/474/1108 1007/474/1108
f 1138/473/1096 1340/473/1096 1343/473/1096 1008/473/1096
f 1344/476/1098 1345/475/1098 1346/475/1098 1347/477/1098
f 1140/475/1107 1345/475/1107 1344/476/1107 1139/476/1107
f 1009/475/1082 1346/475/1082 1345/475/1082 1140/475/1082
f 1010/477/1108 1347/477/1108 1346/475/1108 1009/475/1108
f 1139/476/1050 1344/476/1050 1347/477/1050 1010/477/1050
f 1348/479/1054 1349/478/1054 1350/480/1054 1351/479/1054
f 1011/478/1107 1349/478/1107 1348/479/1107 1141/479/1107
f 1142/480/1102 1350/480/1102 1349/478/1102 1011/478/1102
f 1012/479/1108 1351/479/1108 1350/480/1108 1142/480/1108
f 1141/479/1070 1348/479/1070 1351/479/1070 1012/479/1070
f 1352/482/1072 1353/481/1072 1354/483/1072 1355/484/1072
f 1143/481/1107 1353/481/1107 1352/482/1107 1013/482/1107
f 1145/483/1056 1354/483/1056 1353/481/1056 1143/481/1056
f 1144/484/1108 1355/484/1108 1354/483/1108 1145/483/1108
f 1013/482/1088 1352/482/1088 1355/484/1088 1144/484/1088
f 1356/486/1090 1357/485/1090 1358/485/1090 1359/486/1090
f 1015/485/1107 1357/485/1107 1356/486/1107 1014/486/1107
f 1016/485/1074 1358/485/1074 1357/485/1074 1015/485/1074
f 1017/486/1108 1359/486/1108 1358/485/1108 1016/485/1108
f 1014/486/1106 1356/486/1106 1359/486/1106 1017/486/1106
f 1360/488/1046 1361/487/1046 1362/487/1046 1363/489/1046
f 1146/487/1107 1361/487/1107 1360/488/1107 1018/488/1107
f 1148/487/1094 1362/487/1094 1361/487/1094 1146/487/1094
f 1147/489/1108 1363/489/1108 1362/487/1108 1148/487/1108
f 1018/488/1062 1360/488/1062 1363/489/1062 1147/489/1062
f 1364/491/1064 1365/490/1064 1366/492/1064 1367/493/1064
f 1149/490/1107 1365/490/1107 1364/491/1107 1019/491/1107
f 1150/492/1048 1366/492/1048 1365/490/1048 1149/490/1048
f 1020/493/1108 1367/493/1108 1366/492/1108 1150/492/1108
f 1019/491/1080 1364/491/1080 1367/493/1080 1020/493/1080
f 1368/495/1082 1369/494/1082 1370/496/1082 1371/497/1082
f 1021/494/1107 1369/494/1107 1368/495/1107 1151/495/1107
f 1022/496/1066 1370/496/1066 1369/494/1066 1021/494/1066
f 1152/497/1108 1371/497/1108 1370/496/1108 1022/496/1108
f 1151/495/1098 1368/495/1098 1371/497/1098 1152/497/1098
f 1372/499/1100 1373/498/1100 1374/498/1100 1375/499/1100
f 1153/498/1107 1373/498/1107 1372/499/1107 1023/499/1107
f 1155/498/1084 1374/498/1084 1373/498/1084 1153/498/1084
f 1154/499/1108 1375/499/1108 1374/498/1108 1155/498/1108
f 1023/499/1052 1372/499/1052 1375/499/1052 1154/499/1052
f 1376/501/1056 1377/500/1056 1378/502/1056 1379/503/1056
f 1025/500/1107 1377/500/1107 1376/501/1107 1024/501/1107
f 1026/502/1104 1378/502/1104 1377/500/1104 1025/500/1104
f 1027/503/1108 1379/503/1108 1378/502/1108 1026/502/1108
f 1024/501/1072 1376/501/1072 1379/503/1072 1027/503/1072
f 1380/505/1074 1381/504/1074 1382/506/1074 1383/505/1074
f 1029/504/1107 1381/504/1107 1380/505/1107 1028/505/1107
f 1156/506/1058 1382/506/1058 1381/504/1058 1029/504/1058
f 1030/505/1108 1383/505/1108 1382/506/1108 1156/506/1108
f 1028/505/1090 1380/505/1090 1383/505/1090 1030/505/1090
f 1384/508/1092 1385/507/1092 1386/507/1092 1387/509/1092
f 1032/507/1107 1385/507/1107 1384/508/1107 1031/508/1107
f 1033/507/1076 1386/507/1076 1385/507/1076 1032/507/1076
f 1034/509/1108 1387/509/1108 1386/507/1108 1033/507/1108
f 1031/508/1044 1384/508/1044 1387/509/1044 1034/509/1044
f 1388/511/1048 1389/510/1048 1390/510/1048 1391/512/1048
f 1157/510/1107 1389/510/1107 1388/511/1107 1035/511/1107
f 1159/510/1096 1390/510/1096 1389/510/1096 1157/510/1096
f 1158/512/1108 1391/512/1108 1390/510/1108 1159/510/1108
f 1035/511/1064 1388/511/1064 1391/512/1064 1158/512/1064
f 1392/514/1066 1393/513/1066 1394/515/1066 1395/516/1066
f 1161/513/1107 1393/513/1107 1392/514/1107 1160/514/1107
f 1163/515/1050 1394/515/1050 1393/513/1050 1161/513/1050
f 1162/516/1108 1395/516/1108 1394/515/1108 1163/515/1108
f 1160/514/1082 1392/514/1082 1395/516/1082 1162/516/1082
f 1396/518/1084 1397/517/1084 1398/517/1084 1399/519/1084
f 1037/517/1107 1397/517/1107 1396/518/1107 1036/518/1107
f 1038/517/1068 1398/517/1068 1397/517/1068 1037/517/1068
f 1039/519/1108 1399/519/1108 1398/517/1108 1038/517/1108
f 1036/518/1100 1396/518/1100 1399/519/1100 1039/519/1100
f 1400/521/1102 1401/520/1102 1402/522/1102 1403/521/1102
f 1041/520/1107 1401/520/1107 1400/521/1107 1040/521/1107
f 1042/522/1086 1402/522/1086 1401/520/1086 1041/520/1086
f 1043/521/1108 1403/521/1108 1402/522/1108 1042/522/1108
f 1040/521/1054 1400/521/1054 1403/521/1054 1043/521/1054
f 1404/524/1058 1405/523/1058 1406/525/1058 1407/526/1058
f 1165/523/1107 1405/523/1107 1404/524/1107 1164/524/1107
f 1044/525/1106 1406/525/1106 1405/523/1106 1165/523/1106
f 1045/526/1108 1407/526/1108 1406/525/1108 1044/525/1108
f 1164/524/1074 1404/524/1074 1407/526/1074 1045/526/1074
f 1408/528/1076 1409/527/1076 1410/529/1076 1411/530/1076
f 1046/527/1107 1409/527/1107 1408/528/1107 1166/528/1107
f 1047/529/1060 1410/529/1060 1409/527/1060 1046/527/1060
f 1167/530/1108 1411/530/1108 1410/529/1108 1047/529/1108
f 1166/528/1092 1408/528/1092 1411/530/1092 1167/530/1092
f 1412/532/1094 1413/531/1094 1414/531/1094 1415/532/1094
f 1049/531/1107 1413/531/1107 1412/532/1107 1048/532/1107
f 1050/531/1078 1414/531/1078 1413/531/1078 1049/531/1078
f 1168/532/1108 1415/532/1108 1414/531/1108 1050/531/1108
f 1048/532/1046 1412/532/1046 1415/532/1046 1168/532/1046
f 1416/534/1050 1417/533/1050 1418/535/1050 1419/534/1050
f 1169/533/1107 1417/533/1107 1416/534/1107 1051/534/1107
f 1052/535/1098 1418/535/1098 1417/533/1098 1169/533/1098
f 1053/534/1108 1419/534/1108 1418/535/1108 1052/535/1108
f 1051/534/1066 1416/534/1066 1419/534/1066 1053/534/1066
f 1420/537/1068 1421/536/1068 1422/536/1068 1423/538/1068
f 1055/536/1107 1421/536/1107 1420/537/1107 1054/537/1107
f 1170/536/1052 1422/536/1052 1421/536/1052 1055/536/1052
f 1056/538/1108 1423/538/1108 1422/536/1108 1170/536/1108
f 1054/537/1084 1420/537/1084 1423/538/1084 1056/538/1084
f 1424/540/1086 1425/539/1086 1426/541/1086 1427/540/1086
f 1172/539/1107 1425/539/1107 1424/540/1107 1171/540/1107
f 1057/541/1070 1426/541/1070 1425/539/1070 1172/539/1070
f 1173/540/1108 1427/540/1108 1426/541/1108 1057/541/1108
f 1171/540/1102 1424/540/1102 1427/540/1102 1173/540/1102
f 1428/543/1104 1429/542/1104 1430/542/1104 1431/543/1104
f 1174/542/1107 1429/542/1107 1428/543/1107 1058/543/1107
f 1175/542/1088 1430/542/1088 1429/542/1088 1174/542/1088
f 1059/543/1108 1431/543/1108 1430/542/1108 1175/542/1108
f 1058/543/1056 1428/543/1056 1431/543/1056 1059/543/1056
f 1478/544/1061 1479/545/1063 1512/545/1063 1511/544/1061
f 653/546/1107 654/547/1107 1454/548/1107 1453/549/1107
f 654/547/1107 1432/550/1107 1455/551/1107 1454/548/1107
f 1432/550/1107 1433/552/1107 1456/553/1107 1455/551/1107
f 1433/552/1107 655/554/1107 1457/555/1107 1456/553/1107
f 655/554/1107 1434/556/1107 1458/557/1107 1457/555/1107
f 1434/556/1107 1435/558/1107 1459/559/1107 1458/557/1107
f 1435/558/1107 656/560/1107 1460/561/1107 1459/559/1107
f 656/560/1107 1436/562/1107 1461/563/1107 1460/561/1107
f 1436/562/1107 1437/564/1107 1462/565/1107 1461/563/1107
f 1437/564/1107 657/566/1107 1463/567/1107 1462/565/1107
f 657/566/1107 1438/568/1107 1464/569/1107 1463/567/1107
f 1438/568/1107 1439/570/1107 1465/571/1107 1464/569/1107
f 1439/570/1107 658/572/1107 1466/573/1107 1465/571/1107
f 658/572/1107 1440/574/1107 1467/575/1107 1466/573/1107
f 1440/574/1107 1441/576/1107 1468/577/1107 1467/575/1107
f 1441/576/1107 1442/578/1107 1469/579/1107 1468/577/1107
f 1442/578/1107 1443/580/1107 1470/581/1107 1469/579/1107
f 1443/580/1107 1444/582/1107 1471/583/1107 1470/581/1107
f 1444/582/1107 659/584/1107 1472/585/1107 1471/583/1107
f 659/584/1107 1445/586/1107 1473/587/1107 1472/585/1107
f 1445/586/1107 1446/588/1107 1474/589/1107 1473/587/1107
f 1446/588/1107 660/590/1107 1475/591/1107 1474/589/1107
f 660/590/1107 1447/592/1107 1476/593/1107 1475/591/1107
f 1447/592/1107 661/594/1107 1477/595/1107 1476/593/1107
f 661/594/1107 1448/596/1107 1478/544/1107 1477/595/1107
f 1448/596/1107 662/597/1107 1479/545/1107 1478/544/1107
f 662/597/1107 663/598/1107 1480/599/1107 1479/545/1107
f 663/598/1107 1449/600/1107 1481/601/1107 1480/599/1107
f 1449/600/1107 1450/602/1107 1482/603/1107 1481/601/1107
f 1450/602/1107 1451/604/1107 1483/605/1107 1482/603/1107
f 1451/604/1107 1452/606/1107 1484/607/1107 1483/605/1107
f 1452/606/1107 653/546/1107 1453/549/1107 1484/607/1107
f 1485/549/1107 1486/548/1107 1488/551/1107 1489/553/1107 1490/555/1107 1491/557/1107 1492/559/1107 1493/561/1107 1494/563/1107 1495/565/1107 1496/567/1107 1497/569/1107 1498/571/1107 1499/573/1107 1500/575/1107 1501/577/1107 1502/579/1107 1503/581/1107 1504/583/1107 1505/585/1107 1506/587/1107 1507/589/1107 1508/591/1107 1509/593/1107 1510/595/1107 1511/544/1107 1512/545/1107 1513/599/1107 1514/601/1107 1515/603/1107 1516/605/1107 1487/607/1107
f 1465/571/1099 1466/573/1101 1499/573/1101 1498/571/1099
f 1453/549/1075 1454/548/1077 1486/548/1077 1485/549/1075
f 1479/545/1063 1480/599/1065 1513/599/1065 1512/545/1063
f 1466/573/1101 1467/575/1103 1500/575/1103 1499/573/1101
f 1484/607/1073 1453/549/1075 1485/549/1075 1487/607/1073
f 1480/599/1065 1481/601/1067 1514/601/1067 1513/599/1065
f 1467/575/1103 1468/577/1105 1501/577/1105 1500/575/1103
f 1454/548/1077 1455/551/1079 1488/551/1079 1486/548/1077
f 1481/601/1067 1482/603/1069 1515/603/1069 1514/601/1067
f 1468/577/1105 1469/579/1043 1502/579/1043 1501/577/1105
f 1455/551/1079 1456/553/1081 1489/553/1081 1488/551/1079
f 1482/603/1069 1483/605/1071 1516/605/1071 1515/603/1069
f 1469/579/1043 1470/581/1045 1503/581/1045 1502/579/1043
f 1456/553/1081 1457/555/1083 1490/555/1083 1489/553/1081
f 1483/605/1071 1484/607/1073 1487/607/1073 1516/605/1071
f 1470/581/1045 1471/583/1047 1504/583/1047 1503/581/1045
f 1457/555/1083 1458/557/1085 1491/557/1085 1490/555/1083
f 1471/583/1047 1472/585/1049 1505/585/1049 1504/583/1047
f 1458/557/1085 1459/559/1087 1492/559/1087 1491/557/1085
f 1472/585/1049 1473/587/1051 1506/587/1051 1505/585/1049
f 1459/559/1087 1460/561/1089 1493/561/1089 1492/559/1087
f 1473/587/1051 1474/589/1053 1507/589/1053 1506/587/1051
f 1460/561/1089 1461/563/1091 1494/563/1091 1493/561/1089
f 1474/589/1053 1475/591/1055 1508/591/1055 1507/589/1053
f 1461/563/1091 1462/565/1093 1495/565/1093 1494/563/1091
f 1475/591/1055 1476/593/1057 1509/593/1057 1508/591/1055
f 1462/565/1093 1463/567/1095 1496/567/1095 1495/565/1093
f 1476/593/1057 1477/595/1059 1510/595/1059 1509/593/1057
f 1463/567/1095 1464/569/1097 1497/569/1097 1496/567/1095
f 1477/595/1059 1478/544/1061 1511/544/1061 1510/595/1059
f 1464/569/1097 1465/571/1099 1498/571/1099 1497/569/1097
f 596/131/735 595/118/711 1548/153/1109 1519/131/1110
f 582/122/719 581/123/718 1547/123/1111 1517/122/1112
f 595/118/711 594/119/710 1546/119/1113 1548/153/1109
f 581/123/718 580/145/761 1545/145/1114 1547/123/1111
f 594/119/710 593/143/757 1544/152/1115 1546/119/1113
f 580/145/761 579/138/747 1543/138/1116 1545/145/1114
f 593/143/757 592/136/743 1542/136/1117 1544/152/1115
f 579/138/747 578/128/731 1541/151/1118 1543/138/1116
f 592/136/743 591/124/723 1540/124/1119 1542/136/1117
f 574/134/738 604/120/715 1539/120/1120 1528/134/1121
f 578/128/731 577/129/730 1538/129/1122 1541/151/1118
f 591/124/723 590/125/722 1537/125/1123 1540/124/1119
f 604/120/715 603/121/714 1536/121/1124 1539/120/1120
f 577/129/730 576/148/767 1535/148/1125 1538/129/1122
f 590/125/722 589/146/763 1534/146/1126 1537/125/1123
f 603/121/714 602/144/759 1533/144/1127 1536/121/1124
f 576/148/767 575/141/753 1532/608/1128 1535/148/1125
f 589/146/763 588/139/749 1531/139/1129 1534/146/1126
f 602/144/759 601/137/745 1530/137/1130 1533/144/1127
f 575/141/753 573/132/739 1529/132/1131 1532/608/1128
f 588/139/749 587/130/733 1527/130/1132 1531/139/1129
f 601/137/745 600/126/727 1526/126/1133 1530/137/1130
f 573/132/739 574/133/738 1528/133/1121 1529/132/1131
f 587/130/733 586/116/707 1525/155/1134 1527/130/1132
f 600/126/727 599/127/726 1524/154/1135 1526/126/1133
f 586/116/707 585/117/706 1523/117/1136 1525/155/1134
f 599/127/726 598/147/765 1522/147/1137 1524/154/1135
f 585/117/706 584/142/755 1521/142/1138 1523/117/1136
f 598/147/765 597/140/751 1520/140/1139 1522/147/1137
f 584/142/755 583/135/741 1518/135/1140 1521/142/1138
f 597/140/751 596/131/735 1519/131/1110 1520/140/1139
f 583/135/741 582/122/719 1517/122/1112 1518/135/1140
f 1539/120/781 1536/121/1141 1585/121/1142 1588/120/782
f 1538/129/777 1535/148/1143 1584/148/1144 1587/129/778
f 1537/125/773 1534/146/1145 1583/146/1145 1586/125/774
f 1536/121/1141 1533/144/1146 1582/144/1147 1585/121/1142
f 1535/148/1143 1532/608/1148 1581/608/1149 1584/148/1144
f 1534/146/1145 1531/139/1150 1580/139/1151 1583/146/1145
f 1533/144/1146 1530/137/1152 1579/137/1153 1582/144/1147
f 1532/608/1148 1529/132/1154 1578/132/1155 1581/608/1149
f 1531/139/1150 1527/130/1156 1577/130/1157 1580/139/1151
f 1530/137/1152 1526/126/1158 1576/126/1159 1579/137/1153
f 1529/132/1154 1528/133/780 1568/133/780 1578/132/1155
f 1527/130/1156 1525/155/813 1575/155/814 1577/130/1157
f 1526/126/1158 1524/154/811 1574/154/812 1576/126/1159
f 1655/609/1160 1656/610/1161 1688/610/1162 1687/609/1163
f 1654/611/1164 1655/609/1160 1687/609/1163 1661/611/1165
f 1653/612/1166 1654/611/1164 1661/611/1165 1662/612/1167
f 1652/613/1168 1653/612/1166 1662/612/1167 1663/613/1169
f 1651/614/1170 1652/613/1168 1663/613/1169 1664/614/1171
f 1650/615/1172 1651/614/1170 1664/614/1171 1665/615/1173
f 1649/616/1174 1650/615/1172 1665/615/1173 1666/616/1175
f 1648/617/1176 1649/616/1174 1666/616/1175 1667/617/1177
f 1647/618/1178 1648/617/1176 1667/617/1177 1668/618/1179
f 1646/619/1180 1647/618/1178 1668/618/1179 1669/619/1181
f 1645/620/1182 1646/619/1180 1669/619/1181 1670/620/1182
f 1644/621/1183 1645/620/1182 1670/620/1182 1672/621/1184
f 1643/622/1185 1644/621/1183 1672/621/1184 1671/622/1186
f 1630/623/1187 1629/624/1188 1673/624/1189 1674/623/1187
f 1656/610/1161 1657/625/1190 1689/625/1191 1688/610/1162
f 1629/624/1188 1631/626/1192 1675/626/1193 1673/624/1189
f 1657/625/1190 1658/627/1194 1690/627/1195 1689/625/1191
f 1631/626/1192 1632/628/1196 1676/628/1197 1675/626/1193
f 1658/627/1194 1659/629/1198 1691/629/1199 1690/627/1195
f 1632/628/1196 1633/630/1200 1677/630/1201 1676/628/1197
f 1659/629/1198 1660/631/1202 1692/631/1203 1691/629/1199
f 1633/630/1200 1634/632/1204 1678/632/1205 1677/630/1201
f 1660/631/1202 1630/623/1187 1674/623/1187 1692/631/1203
f 1634/632/1204 1635/633/1206 1679/633/1207 1678/632/1205
f 1635/633/1206 1636/634/1208 1680/634/1209 1679/633/1207
f 1636/634/1208 1637/635/1210 1681/635/1211 1680/634/1209
f 1637/635/1210 1638/636/1212 1682/636/1213 1681/635/1211
f 1638/636/1212 1639/637/1214 1683/637/1215 1682/636/1213
f 1639/637/1214 1640/638/1216 1684/638/1217 1683/637/1215
f 1640/638/1216 1641/639/1218 1685/639/1219 1684/638/1217
f 1641/639/1218 1642/640/1220 1686/640/1221 1685/639/1219
f 1642/640/1220 1643/622/1185 1671/622/1186 1686/640/1221
f 605/624/1222 606/623/1222 1694/641/1222 1693/642/1222
f 606/623/1222 620/631/1222 1695/643/1222 1694/641/1222
f 620/631/1222 619/629/1222 1696/644/1222 1695/643/1222
f 619/629/1222 1613/627/1222 1697/645/1222 1696/644/1222
f 1613/627/1222 1612/625/1222 1698/646/1222 1697/645/1222
f 1612/625/1222 1611/610/1222 1699/647/1222 1698/646/1222
f 1611/610/1222 1610/609/1222 1700/648/1222 1699/647/1222
f 1610/609/1222 1609/611/1222 1701/649/1222 1700/648/1222
f 1609/611/1222 618/612/1222 1702/650/1222 1701/649/1222
f 618/612/1222 617/613/1222 1703/651/1222 1702/650/1222
f 617/613/1222 616/614/1222 1704/652/1222 1703/651/1222
f 616/614/1222 615/615/1222 1705/653/1222 1704/652/1222
f 615/615/1222 1608/616/1222 1706/654/1222 1705/653/1222
f 1608/616/1222 614/617/1222 1707/655/1222 1706/654/1222
f 614/617/1222 613/618/1222 1708/656/1222 1707/655/1222
f 613/618/1222 1607/619/1222 1709/657/1222 1708/656/1222
f 1607/619/1222 1606/620/1222 1710/658/1222 1709/657/1222
f 1606/620/1222 612/621/1222 1711/659/1222 1710/658/1222
f 612/621/1222 611/622/1222 1712/660/1222 1711/659/1222
f 611/622/1222 610/640/1222 1713/661/1222 1712/660/1222
f 610/640/1222 1605/639/1222 1714/662/1222 1713/661/1222
f 1605/639/1222 1604/638/1222 1715/663/1222 1714/662/1222
f 1604/638/1222 1603/637/1222 1716/149/1222 1715/663/1222
f 1603/637/1222 1602/636/1222 1717/150/1222 1716/149/1222
f 1602/636/1222 609/635/1222 1718/664/1222 1717/150/1222
f 609/635/1222 1601/634/1222 1719/665/1222 1718/664/1222
f 1601/634/1222 1600/633/1222 1720/666/1222 1719/665/1222
f 1600/633/1222 608/632/1222 1721/667/1222 1720/666/1222
f 608/632/1222 607/630/1222 1722/668/1222 1721/667/1222
f 607/630/1222 1599/628/1222 1723/669/1222 1722/668/1222
f 1599/628/1222 1598/626/1222 1724/670/1222 1723/669/1222
f 1598/626/1222 605/624/1222 1693/642/1222 1724/670/1222
f 1725/642/1222 1726/641/1222 1728/643/1222 1729/644/1222 1730/645/1222 1731/646/1222 1732/647/1222 1733/648/1222 1734/649/1222 1735/650/1222 1736/651/1222 1737/652/1222 1738/653/1222 1739/654/1222 1740/655/1222 1741/656/1222 1742/657/1222 1743/658/1222 1744/659/1222 1745/660/1222 1746/661/1222 1747/662/1222 1748/663/1222 1749/149/1222 1750/150/1222 1751/664/1222 1752/665/1222 1753/666/1222 1754/667/1222 1755/668/1222 1756/669/1222 1727/670/1222
f 1703/651/1223 1704/652/1224 1737/652/1225 1736/651/1226
f 1717/150/769 1718/664/1227 1751/664/1228 1750/150/770
f 1704/652/1224 1705/653/1229 1738/653/1230 1737/652/1225
f 1718/664/1227 1719/665/1231 1752/665/1232 1751/664/1228
f 1705/653/1229 1706/654/1233 1739/654/1234 1738/653/1230
f 1693/642/1235 1694/641/1075 1726/641/1075 1725/642/1236
f 1719/665/1231 1720/666/1237 1753/666/1238 1752/665/1232
f 1706/654/1233 1707/655/1239 1740/655/1240 1739/654/1234
f 1724/670/1241 1693/642/1235 1725/642/1236 1727/670/1242
f 1720/666/1237 1721/667/1243 1754/667/1244 1753/666/1238
f 1707/655/1239 1708/656/1245 1741/656/1246 1740/655/1240
f 1694/641/1075 1695/643/1247 1728/643/1248 1726/641/1075
f 1721/667/1243 1722/668/1249 1755/668/1250 1754/667/1244
f 1708/656/1245 1709/657/1251 1742/657/1252 1741/656/1246
f 1695/643/1247 1696/644/1253 1729/644/1254 1728/643/1248
f 1722/668/1249 1723/669/1255 1756/669/1256 1755/668/1250
f 1709/657/1251 1710/658/1043 1743/658/1043 1742/657/1252
f 1696/644/1253 1697/645/1257 1730/645/1258 1729/644/1254
f 1723/669/1255 1724/670/1241 1727/670/1242 1756/669/1256
f 1710/658/1043 1711/659/1259 1744/659/1260 1743/658/1043
f 1697/645/1257 1698/646/1261 1731/646/1262 1730/645/1258
f 1711/659/1259 1712/660/1263 1745/660/1264 1744/659/1260
f 1698/646/1261 1699/647/1265 1732/647/1266 1731/646/1262
f 1712/660/1263 1713/661/1267 1746/661/1268 1745/660/1264
f 1699/647/1265 1700/648/1269 1733/648/1270 1732/647/1266
f 1713/661/1267 1714/662/1271 1747/662/1272 1746/661/1268
f 1700/648/1269 1701/649/1273 1734/649/1274 1733/648/1270
f 1714/662/1271 1715/663/1275 1748/663/1276 1747/662/1272
f 1701/649/1273 1702/650/1277 1735/650/1278 1734/649/1274
f 1715/663/1275 1716/149/768 1749/149/771 1748/663/1276
f 1702/650/1277 1703/651/1223 1736/651/1226 1735/650/1278
f 1601/634/1232 609/635/1228 1820/671/1279 1821/672/1279
f 609/635/1228 1637/635/1227 1757/673/1279 1820/671/1279
f 1637/635/1227 1636/634/1231 1758/674/1279 1757/673/1279
f 1636/634/1231 1601/634/1232 1821/672/1279 1758/674/1279
f 1600/633/1238 1601/634/1232 1759/675/1280 1822/676/1280
f 1601/634/1232 1636/634/1231 1823/677/1280 1759/675/1280
f 1636/634/1231 1635/633/1237 1760/678/1280 1823/677/1280
f 1635/633/1237 1600/633/1238 1822/676/1280 1760/678/1280
f 608/632/1244 1600/633/1238 1762/679/1281 1761/680/1281
f 1600/633/1238 1635/633/1237 1824/681/1281 1762/679/1281
f 1635/633/1237 1634/632/1243 1763/682/1281 1824/681/1281
f 1634/632/1243 608/632/1244 1761/680/1281 1763/682/1281
f 620/631/1248 606/623/1075 1825/683/1282 1764/684/1282
f 606/623/1075 1630/623/1075 1826/685/1282 1825/683/1282
f 1630/623/1075 1660/631/1247 1765/686/1282 1826/685/1282
f 1660/631/1247 620/631/1248 1764/684/1282 1765/686/1282
f 607/630/1250 608/632/1244 1827/687/1283 1766/688/1283
f 608/632/1244 1634/632/1243 1767/689/1283 1827/687/1283
f 1634/632/1243 1633/630/1249 1768/688/1283 1767/689/1283
f 1633/630/1249 607/630/1250 1766/688/1283 1768/688/1283
f 619/629/1254 620/631/1248 1769/690/1284 1828/691/1285
f 620/631/1248 1660/631/1247 1830/692/1284 1769/690/1284
f 1660/631/1247 1659/629/1253 1829/693/1285 1830/692/1284
f 1659/629/1253 619/629/1254 1828/691/1285 1829/693/1285
f 1599/628/1256 607/630/1250 1771/694/1286 1770/695/1286
f 607/630/1250 1633/630/1249 1831/696/1286 1771/694/1286
f 1633/630/1249 1632/628/1255 1772/697/1286 1831/696/1286
f 1632/628/1255 1599/628/1256 1770/695/1286 1772/697/1286
f 1613/627/1258 619/629/1254 1774/698/1287 1773/699/1287
f 619/629/1254 1659/629/1253 1775/700/1287 1774/698/1287
f 1659/629/1253 1658/627/1257 1832/701/1287 1775/700/1287
f 1658/627/1257 1613/627/1258 1773/699/1287 1832/701/1287
f 1598/626/1242 1599/628/1256 1833/702/1288 1834/703/1288
f 1599/628/1256 1632/628/1255 1836/704/1288 1833/702/1288
f 1632/628/1255 1631/626/1241 1835/705/1288 1836/704/1288
f 1631/626/1241 1598/626/1242 1834/703/1288 1835/705/1288
f 1612/625/1262 1613/627/1258 1777/706/1289 1776/707/1289
f 1613/627/1258 1658/627/1257 1778/708/1289 1777/706/1289
f 1658/627/1257 1657/625/1261 1837/709/1289 1778/708/1289
f 1657/625/1261 1612/625/1262 1776/707/1289 1837/709/1289
f 605/624/1236 1598/626/1242 1779/710/1290 1838/711/1290
f 1598/626/1242 1631/626/1241 1840/712/1290 1779/710/1290
f 1631/626/1241 1629/624/1235 1839/711/1290 1840/712/1290
f 1629/624/1235 605/624/1236 1838/711/1290 1839/711/1290
f 1611/610/1266 1612/625/1262 1781/713/1291 1780/714/1291
f 1612/625/1262 1657/625/1261 1782/715/1291 1781/713/1291
f 1657/625/1261 1656/610/1265 1841/714/1291 1782/715/1291
f 1656/610/1265 1611/610/1266 1780/714/1291 1841/714/1291
f 606/623/1075 605/624/1236 1783/716/1292 1842/717/1292
f 605/624/1236 1629/624/1235 1784/718/1292 1783/716/1292
f 1629/624/1235 1630/623/1075 1785/719/1292 1784/718/1292
f 1630/623/1075 606/623/1075 1842/717/1292 1785/719/1292
f 1610/609/1270 1611/610/1266 1843/720/1293 1786/721/1293
f 1611/610/1266 1656/610/1265 1845/722/1293 1843/720/1293
f 1656/610/1265 1655/609/1269 1844/723/1293 1845/722/1293
f 1655/609/1269 1610/609/1270 1786/721/1293 1844/723/1293
f 1609/611/1274 1610/609/1270 1788/724/1294 1787/725/1294
f 1610/609/1270 1655/609/1269 1846/726/1294 1788/724/1294
f 1655/609/1269 1654/611/1273 1789/727/1294 1846/726/1294
f 1654/611/1273 1609/611/1274 1787/725/1294 1789/727/1294
f 618/612/1278 1609/611/1274 1847/728/1295 1848/729/1295
f 1609/611/1274 1654/611/1273 1849/730/1295 1847/728/1295
f 1654/611/1273 1653/612/1277 1790/731/1295 1849/730/1295
f 1653/612/1277 618/612/1278 1848/729/1295 1790/731/1295
f 617/613/1226 618/612/1278 1850/732/1296 1851/733/1296
f 618/612/1278 1653/612/1277 1853/734/1296 1850/732/1296
f 1653/612/1277 1652/613/1223 1852/735/1296 1853/734/1296
f 1652/613/1223 617/613/1226 1851/733/1296 1852/735/1296
f 616/614/1225 617/613/1226 1791/736/1297 1854/737/1297
f 617/613/1226 1652/613/1223 1856/738/1297 1791/736/1297
f 1652/613/1223 1651/614/1224 1855/739/1297 1856/738/1297
f 1651/614/1224 616/614/1225 1854/737/1297 1855/739/1297
f 609/635/1228 1602/636/770 1793/740/1298 1792/741/1298
f 1602/636/770 1638/636/769 1794/742/1298 1793/740/1298
f 1638/636/769 1637/635/1227 1857/743/1298 1794/742/1298
f 1637/635/1227 609/635/1228 1792/741/1298 1857/743/1298
f 1602/636/770 1603/637/771 1858/744/1299 1859/745/1299
f 1603/637/771 1639/637/768 1861/744/1299 1858/744/1299
f 1639/637/768 1638/636/769 1860/746/1299 1861/744/1299
f 1638/636/769 1602/636/770 1859/745/1299 1860/746/1299
f 1603/637/771 1604/638/1276 1796/747/1300 1795/748/1300
f 1604/638/1276 1640/638/1275 1862/749/1300 1796/747/1300
f 1640/638/1275 1639/637/768 1797/748/1300 1862/749/1300
f 1639/637/768 1603/637/771 1795/748/1300 1797/748/1300
f 1604/638/1276 1605/639/1272 1863/750/1301 1864/751/1301
f 1605/639/1272 1641/639/1271 1798/752/1301 1863/750/1301
f 1641/639/1271 1640/638/1275 1799/753/1301 1798/752/1301
f 1640/638/1275 1604/638/1276 1864/751/1301 1799/753/1301
f 1605/639/1272 610/640/1268 1865/754/1302 1800/755/1302
f 610/640/1268 1642/640/1267 1801/756/1302 1865/754/1302
f 1642/640/1267 1641/639/1271 1866/757/1302 1801/756/1302
f 1641/639/1271 1605/639/1272 1800/755/1302 1866/757/1302
f 610/640/1268 611/622/1264 1867/758/1303 1802/759/1303
f 611/622/1264 1643/622/1263 1869/760/1303 1867/758/1303
f 1643/622/1263 1642/640/1267 1868/761/1303 1869/760/1303
f 1642/640/1267 610/640/1268 1802/759/1303 1868/761/1303
f 611/622/1264 612/621/1260 1870/762/1304 1871/763/1304
f 612/621/1260 1644/621/1259 1873/764/1304 1870/762/1304
f 1644/621/1259 1643/622/1263 1872/765/1304 1873/764/1304
f 1643/622/1263 611/622/1264 1871/763/1304 1872/765/1304
f 612/621/1260 1606/620/1043 1804/766/1305 1803/767/1305
f 1606/620/1043 1645/620/1043 1875/766/1305 1804/766/1305
f 1645/620/1043 1644/621/1259 1874/768/1305 1875/766/1305
f 1644/621/1259 612/621/1260 1803/767/1305 1874/768/1305
f 1606/620/1043 1607/619/1252 1876/769/1306 1805/770/1306
f 1607/619/1252 1646/619/1251 1806/771/1306 1876/769/1306
f 1646/619/1251 1645/620/1043 1807/772/1306 1806/771/1306
f 1645/620/1043 1606/620/1043 1805/770/1306 1807/772/1306
f 1607/619/1252 613/618/1246 1809/773/1307 1808/774/1308
f 613/618/1246 1647/618/1245 1810/775/1307 1809/773/1307
f 1647/618/1245 1646/619/1251 1811/776/1308 1810/775/1307
f 1646/619/1251 1607/619/1252 1808/774/1308 1811/776/1308
f 613/618/1246 614/617/1240 1877/777/1309 1812/778/1309
f 614/617/1240 1648/617/1239 1878/779/1309 1877/777/1309
f 1648/617/1239 1647/618/1245 1813/780/1309 1878/779/1309
f 1647/618/1245 613/618/1246 1812/778/1309 1813/780/1309
f 614/617/1240 1608/616/1234 1879/781/1310 1880/782/1310
f 1608/616/1234 1649/616/1233 1814/783/1310 1879/781/1310
f 1649/616/1233 1648/617/1239 1881/784/1310 1814/783/1310
f 1648/617/1239 614/617/1240 1880/782/1310 1881/784/1310
f 1608/616/1234 615/615/1230 1816/785/1311 1815/786/1311
f 615/615/1230 1650/615/1229 1882/785/1311 1816/785/1311
f 1650/615/1229 1649/616/1233 1817/787/1311 1882/785/1311
f 1649/616/1233 1608/616/1234 1815/786/1311 1817/787/1311
f 615/615/1230 616/614/1225 1883/788/1312 1818/789/1312
f 616/614/1225 1651/614/1224 1884/790/1312 1883/788/1312
f 1651/614/1224 1650/615/1229 1819/791/1312 1884/790/1312
f 1650/615/1229 615/615/1230 1818/789/1312 1819/791/1312
f 1874/768/1313 1803/767/1313 1986/767/1313 1987/768/1313
f 1785/719/1314 1842/717/1314 1934/717/1314 1935/719/1314
f 1803/767/1315 1804/766/1315 1985/766/1315 1986/767/1315
f 1842/717/1316 1783/716/1316 1933/716/1316 1934/717/1316
f 1873/764/1317 1872/765/1317 1983/765/1317 1984/764/1317
f 1782/715/1318 1841/714/1318 1931/714/1318 1932/715/1318
f 1870/762/1319 1873/764/1319 1984/764/1319 1981/762/1319
f 1781/713/1320 1782/715/1320 1932/715/1320 1929/713/1320
f 1872/765/1321 1871/763/1321 1982/763/1321 1983/765/1321
f 1841/714/1322 1780/714/1322 1930/714/1322 1931/714/1322
f 1871/763/1323 1870/762/1323 1981/762/1323 1982/763/1323
f 1780/714/1324 1781/713/1324 1929/713/1324 1930/714/1324
f 1869/760/1325 1868/761/1325 1979/761/1325 1980/760/1325
f 1840/712/1326 1839/711/1326 1927/711/1326 1928/712/1326
f 1867/758/1327 1869/760/1327 1980/760/1327 1977/758/1327
f 1779/710/1328 1840/712/1328 1928/712/1328 1925/710/1328
f 1868/761/1329 1802/759/1329 1978/759/1329 1979/761/1329
f 1839/711/1330 1838/711/1330 1926/711/1330 1927/711/1330
f 1802/759/1331 1867/758/1331 1977/758/1331 1978/759/1331
f 1838/711/1332 1779/710/1332 1925/710/1332 1926/711/1332
f 1801/756/1333 1866/757/1333 1975/757/1333 1976/756/1333
f 1778/708/1333 1837/709/1333 1923/709/1333 1924/708/1333
f 1865/754/1334 1801/756/1334 1976/756/1334 1973/754/1334
f 1777/706/1335 1778/708/1335 1924/708/1335 1921/706/1335
f 1866/757/1335 1800/755/1335 1974/755/1335 1975/757/1335
f 1837/709/1334 1776/707/1334 1922/707/1334 1923/709/1334
f 1800/755/1336 1865/754/1336 1973/754/1336 1974/755/1336
f 1776/707/1337 1777/706/1337 1921/706/1337 1922/707/1337
f 1798/752/1338 1799/753/1338 1971/753/1338 1972/752/1338
f 1836/704/1339 1835/705/1339 1919/705/1339 1920/704/1339
f 1863/750/1322 1798/752/1322 1972/752/1322 1969/750/1322
f 1833/702/1340 1836/704/1340 1920/704/1340 1917/702/1340
f 1886/672/1279 1885/671/1279 1888/673/1279 1887/674/1279
f 1890/676/1280 1889/675/1280 1892/677/1280 1891/678/1280
f 1894/680/1281 1893/679/1281 1896/681/1281 1895/682/1281
f 1898/684/1282 1897/683/1282 1900/685/1282 1899/686/1282
f 1902/688/1283 1901/687/1283 1904/689/1283 1903/688/1283
f 1906/691/1285 1905/690/1285 1908/692/1285 1907/693/1285
f 1910/695/1286 1909/694/1286 1912/696/1286 1911/697/1286
f 1914/699/1287 1913/698/1287 1916/700/1287 1915/701/1287
f 1918/703/1288 1917/702/1288 1920/704/1288 1919/705/1288
f 1922/707/1289 1921/706/1289 1924/708/1289 1923/709/1289
f 1926/711/1290 1925/710/1290 1928/712/1290 1927/711/1290
f 1930/714/1291 1929/713/1291 1932/715/1291 1931/714/1291
f 1934/717/1292 1933/716/1292 1936/718/1292 1935/719/1292
f 1938/721/1293 1937/720/1293 1940/722/1293 1939/723/1293
f 1942/725/1294 1941/724/1294 1944/726/1294 1943/727/1294
f 1946/729/1295 1945/728/1295 1948/730/1295 1947/731/1295
f 1950/733/1296 1949/732/1296 1952/734/1296 1951/735/1296
f 1954/737/1297 1953/736/1297 1956/738/1297 1955/739/1297
f 1958/741/1298 1957/740/1298 1960/742/1298 1959/743/1298
f 1962/745/1299 1961/744/1299 1964/744/1299 1963/746/1299
f 1966/748/1300 1965/747/1300 1968/749/1300 1967/748/1300
f 1970/751/1301 1969/750/1301 1972/752/1301 1971/753/1301
f 1974/755/1302 1973/754/1302 1976/756/1302 1975/757/1302
f 1978/759/1303 1977/758/1303 1980/760/1303 1979/761/1303
f 1982/763/1304 1981/762/1304 1984/764/1304 1983/765/1304
f 1986/767/1305 1985/766/1305 1988/766/1305 1987/768/1305
f 1990/770/1306 1989/769/1306 1992/771/1306 1991/772/1306
f 1994/774/1307 1993/773/1307 1996/775/1307 1995/776/1307
f 1998/778/1309 1997/777/1309 2000/779/1309 1999/780/1309
f 2002/782/1310 2001/781/1310 2004/783/1310 2003/784/1310
f 2006/786/1311 2005/785/1311 2008/785/1311 2007/787/1311
f 2010/789/1312 2009/788/1312 2012/790/1312 2011/791/1312
f 1783/716/1341 1784/718/1341 1936/718/1341 1933/716/1341
f 1804/766/1342 1875/766/1342 1988/766/1342 1985/766/1342
f 1784/718/1343 1785/719/1343 1935/719/1343 1936/718/1343
f 1821/672/1344 1820/671/1344 1885/671/1344 1886/672/1344
f 1875/766/1345 1874/768/1345 1987/768/1345 1988/766/1345
f 1786/721/1346 1843/720/1346 1937/720/1346 1938/721/1346
f 1758/674/1347 1821/672/1347 1886/672/1347 1887/674/1347
f 1805/770/1316 1876/769/1316 1989/769/1316 1990/770/1316
f 1844/723/1348 1786/721/1348 1938/721/1348 1939/723/1348
f 1820/671/1349 1757/673/1349 1888/673/1349 1885/671/1349
f 1807/772/1341 1805/770/1341 1990/770/1341 1991/772/1341
f 1843/720/1350 1845/722/1350 1940/722/1350 1937/720/1350
f 1757/673/1351 1758/674/1351 1887/674/1351 1888/673/1351
f 1876/769/1314 1806/771/1314 1992/771/1314 1989/769/1314
f 1845/722/1352 1844/723/1352 1939/723/1352 1940/722/1352
f 1822/676/1353 1759/675/1353 1889/675/1353 1890/676/1353
f 1806/771/1343 1807/772/1343 1991/772/1343 1992/771/1343
f 1787/725/1354 1788/724/1354 1941/724/1354 1942/725/1354
f 1760/678/1355 1822/676/1355 1890/676/1355 1891/678/1355
f 1808/774/1332 1809/773/1332 1993/773/1332 1994/774/1332
f 1789/727/1356 1787/725/1356 1942/725/1356 1943/727/1356
f 1759/675/1357 1823/677/1357 1892/677/1357 1889/675/1357
f 1811/776/1358 1808/774/1358 1994/774/1358 1995/776/1358
f 1788/724/1359 1846/726/1359 1944/726/1359 1941/724/1359
f 1823/677/1360 1760/678/1360 1891/678/1360 1892/677/1360
f 1809/773/1361 1810/775/1361 1996/775/1361 1993/773/1361
f 1846/726/1362 1789/727/1362 1943/727/1362 1944/726/1362
f 1761/680/1363 1762/679/1363 1893/679/1363 1894/680/1363
f 1810/775/1326 1811/776/1326 1995/776/1326 1996/775/1326
f 1848/729/1364 1847/728/1364 1945/728/1364 1946/729/1364
f 1763/682/1365 1761/680/1365 1894/680/1365 1895/682/1365
f 1812/778/1366 1877/777/1366 1997/777/1366 1998/778/1366
f 1790/731/1367 1848/729/1367 1946/729/1367 1947/731/1367
f 1762/679/1368 1824/681/1368 1896/681/1368 1893/679/1368
f 1813/780/1340 1812/778/1340 1998/778/1340 1999/780/1340
f 1847/728/1369 1849/730/1369 1948/730/1369 1945/728/1369
f 1824/681/1370 1763/682/1370 1895/682/1370 1896/681/1370
f 1877/777/1371 1878/779/1371 2000/779/1371 1997/777/1371
f 1849/730/1372 1790/731/1372 1947/731/1372 1948/730/1372
f 1764/684/1315 1825/683/1315 1897/683/1315 1898/684/1315
f 1878/779/1373 1813/780/1373 1999/780/1373 2000/779/1373
f 1851/733/1344 1850/732/1344 1949/732/1344 1950/733/1344
f 1765/686/1342 1764/684/1342 1898/684/1342 1899/686/1342
f 1880/782/1374 1879/781/1374 2001/781/1374 2002/782/1374
f 1852/735/1349 1851/733/1349 1950/733/1349 1951/735/1349
f 1825/683/1313 1826/685/1313 1900/685/1313 1897/683/1313
f 1881/784/1375 1880/782/1375 2002/782/1375 2003/784/1375
f 1850/732/1347 1853/734/1347 1952/734/1347 1949/732/1347
f 1826/685/1345 1765/686/1345 1899/686/1345 1900/685/1345
f 1879/781/1376 1814/783/1376 2004/783/1376 2001/781/1376
f 1853/734/1351 1852/735/1351 1951/735/1351 1952/734/1351
f 1766/688/1377 1827/687/1377 1901/687/1377 1902/688/1377
f 1814/783/1378 1881/784/1378 2003/784/1378 2004/783/1378
f 1854/737/1353 1791/736/1353 1953/736/1353 1954/737/1353
f 1768/688/1379 1766/688/1379 1902/688/1379 1903/688/1379
f 1815/786/1380 1816/785/1380 2005/785/1380 2006/786/1380
f 1855/739/1357 1854/737/1357 1954/737/1357 1955/739/1357
f 1827/687/1381 1767/689/1381 1904/689/1381 1901/687/1381
f 1817/787/1381 1815/786/1381 2006/786/1381 2007/787/1381
f 1791/736/1355 1856/738/1355 1956/738/1355 1953/736/1355
f 1767/689/1382 1768/688/1382 1903/688/1382 1904/689/1382
f 1816/785/1379 1882/785/1379 2008/785/1379 2005/785/1379
f 1856/738/1360 1855/739/1360 1955/739/1360 1956/738/1360
f 1828/691/1323 1769/690/1323 1905/690/1323 1906/691/1323
f 1882/785/1383 1817/787/1383 2007/787/1383 2008/785/1383
f 1792/741/1364 1793/740/1364 1957/740/1364 1958/741/1364
f 1829/693/1384 1828/691/1384 1906/691/1384 1907/693/1384
f 1818/789/1363 1883/788/1363 2009/788/1363 2010/789/1363
f 1857/743/1369 1792/741/1369 1958/741/1369 1959/743/1369
f 1769/690/1385 1830/692/1385 1908/692/1385 1905/690/1385
f 1819/791/1368 1818/789/1368 2010/789/1368 2011/791/1368
f 1793/740/1367 1794/742/1367 1960/742/1367 1957/740/1367
f 1830/692/1317 1829/693/1317 1907/693/1317 1908/692/1317
f 1883/788/1365 1884/790/1365 2012/790/1365 2009/788/1365
f 1794/742/1372 1857/743/1372 1959/743/1372 1960/742/1372
f 1770/695/1386 1771/694/1386 1909/694/1386 1910/695/1386
f 1884/790/1370 1819/791/1370 2011/791/1370 2012/790/1370
f 1859/745/1354 1858/744/1354 1961/744/1354 1962/745/1354
f 1772/697/1376 1770/695/1376 1910/695/1376 1911/697/1376
f 1860/746/1359 1859/745/1359 1962/745/1359 1963/746/1359
f 1771/694/1375 1831/696/1375 1912/696/1375 1909/694/1375
f 1858/744/1356 1861/744/1356 1964/744/1356 1961/744/1356
f 1831/696/1378 1772/697/1378 1911/697/1378 1912/696/1378
f 1861/744/1362 1860/746/1362 1963/746/1362 1964/744/1362
f 1773/699/1331 1774/698/1331 1913/698/1331 1914/699/1331
f 1795/748/1346 1796/747/1346 1965/747/1346 1966/748/1346
f 1832/701/1327 1773/699/1327 1914/699/1327 1915/701/1327
f 1797/748/1350 1795/748/1350 1966/748/1350 1967/748/1350
f 1774/698/1329 1775/700/1329 1916/700/1329 1913/698/1329
f 1796/747/1348 1862/749/1348 1968/749/1348 1965/747/1348
f 1775/700/1387 1832/701/1387 1915/701/1387 1916/700/1387
f 1862/749/1352 1797/748/1352 1967/748/1352 1968/749/1352
f 1834/703/1366 1833/702/1366 1917/702/1366 1918/703/1366
f 1864/751/1388 1863/750/1388 1969/750/1388 1970/751/1388
f 1835/705/1371 1834/703/1371 1918/703/1371 1919/705/1371
f 1799/753/1320 1864/751/1320 1970/751/1320 1971/753/1320
f 1569/135/1389 1566/122/1390 2014/792/1391 2013/793/1392
f 1566/122/1390 1621/122/1393 2015/794/1394 2014/792/1391
f 1621/122/1393 1622/135/1395 2016/795/1396 2015/794/1394
f 1622/135/1395 1569/135/1389 2013/793/1392 2016/795/1396
f 1570/140/1397 1567/131/1398 2018/796/1399 2017/797/1400
f 1567/131/1398 1561/131/1401 2159/798/1402 2018/796/1399
f 1561/131/1401 1562/140/1403 2019/799/1404 2159/798/1402
f 1562/140/1403 1570/140/1397 2017/797/1400 2019/799/1404
f 1571/142/1405 1569/135/1389 2160/800/1406 2020/801/1407
f 1569/135/1389 1622/135/1395 2162/802/1408 2160/800/1406
f 1622/135/1395 1623/142/1409 2161/803/1410 2162/802/1408
f 1623/142/1409 1571/142/1405 2020/801/1407 2161/803/1410
f 1572/147/1411 1570/140/1397 2022/804/1412 2021/805/1413
f 1570/140/1397 1562/140/1403 2023/806/1414 2022/804/1412
f 1562/140/1403 1614/147/1415 2024/807/1416 2023/806/1414
f 1614/147/1415 1572/147/1411 2021/805/1413 2024/807/1416
f 1573/117/1417 1571/142/1405 2163/808/1418 2164/809/1419
f 1571/142/1405 1623/142/1409 2166/810/1420 2163/808/1418
f 1623/142/1409 1624/117/1421 2165/811/1422 2166/810/1420
f 1624/117/1421 1573/117/1417 2164/809/1419 2165/811/1422
f 1574/154/1423 1572/147/1411 2026/812/1424 2025/813/1425
f 1572/147/1411 1614/147/1415 2027/814/1426 2026/812/1424
f 1614/147/1415 1563/127/1427 2028/815/1428 2027/814/1426
f 1563/127/1427 1574/154/1423 2025/813/1425 2028/815/1428
f 1575/155/1429 1573/117/1417 2167/816/1430 2029/817/1431
f 1573/117/1417 1624/117/1421 2030/818/1432 2167/816/1430
f 1624/117/1421 1625/116/1433 2168/819/1434 2030/818/1432
f 1625/116/1433 1575/155/1429 2029/817/1431 2168/819/1434
f 1576/126/1435 1574/154/1423 2032/820/1436 2031/821/1436
f 1574/154/1423 1563/127/1427 2170/822/1436 2032/820/1436
f 1563/127/1427 1564/126/1437 2169/823/1436 2170/822/1436
f 1564/126/1437 1576/126/1435 2031/821/1436 2169/823/1436
f 1577/130/1438 1575/155/1429 2171/824/1439 2033/825/1440
f 1575/155/1429 1625/116/1433 2034/826/1441 2171/824/1439
f 1625/116/1433 1555/130/1442 2035/827/1443 2034/826/1441
f 1555/130/1442 1577/130/1438 2033/825/1440 2035/827/1443
f 1578/132/1444 1568/133/1445 2172/828/1446 2036/829/1447
f 1568/133/1445 1619/133/1448 2037/830/1449 2172/828/1446
f 1619/133/1448 1618/132/1450 2173/831/1451 2037/830/1449
f 1618/132/1450 1578/132/1444 2036/829/1447 2173/831/1451
f 1579/137/1452 1576/126/1435 2038/832/1453 2174/833/1454
f 1576/126/1435 1564/126/1437 2039/834/1455 2038/832/1453
f 1564/126/1437 1626/137/1456 2040/835/1457 2039/834/1455
f 1626/137/1456 1579/137/1452 2174/833/1454 2040/835/1457
f 1580/139/1458 1577/130/1438 2175/836/1459 2176/837/1460
f 1577/130/1438 1555/130/1442 2041/838/1461 2175/836/1459
f 1555/130/1442 1617/139/1462 2042/839/1463 2041/838/1461
f 1617/139/1462 1580/139/1458 2176/837/1460 2042/839/1463
f 1581/608/1464 1578/132/1444 2044/840/1465 2043/841/1466
f 1578/132/1444 1618/132/1450 2045/842/1467 2044/840/1465
f 1618/132/1450 1620/141/1468 2177/843/1469 2045/842/1467
f 1620/141/1468 1581/608/1464 2043/841/1466 2177/843/1469
f 1582/144/1470 1579/137/1452 2178/844/1471 2179/845/1472
f 1579/137/1452 1626/137/1456 2046/846/1473 2178/844/1471
f 1626/137/1456 1627/144/1474 2047/847/1475 2046/846/1473
f 1627/144/1474 1582/144/1470 2179/845/1472 2047/847/1475
f 1583/146/1476 1580/139/1458 2049/848/1477 2048/849/1478
f 1580/139/1458 1617/139/1462 2050/850/1479 2049/848/1477
f 1617/139/1462 1616/146/1480 2051/851/1481 2050/850/1479
f 1616/146/1480 1583/146/1476 2048/849/1478 2051/851/1481
f 1584/148/1482 1581/608/1464 2180/852/1483 2052/853/1484
f 1581/608/1464 1620/141/1468 2053/854/1485 2180/852/1483
f 1620/141/1468 1549/148/1486 2181/855/1487 2053/854/1485
f 1549/148/1486 1584/148/1482 2052/853/1484 2181/855/1487
f 1585/121/1488 1582/144/1470 2182/856/1489 2054/857/1490
f 1582/144/1470 1627/144/1474 2055/858/1491 2182/856/1489
f 1627/144/1474 1565/121/1492 2183/859/1493 2055/858/1491
f 1565/121/1492 1585/121/1488 2054/857/1490 2183/859/1493
f 1586/125/1494 1583/146/1476 2057/860/1495 2056/861/1496
f 1583/146/1476 1616/146/1480 2058/862/1497 2057/860/1495
f 1616/146/1480 1615/125/1498 2059/863/1499 2058/862/1497
f 1615/125/1498 1586/125/1494 2056/861/1496 2059/863/1499
f 1587/129/1500 1584/148/1482 2060/864/1501 2184/865/1502
f 1584/148/1482 1549/148/1486 2185/866/1503 2060/864/1501
f 1549/148/1486 1550/129/1504 2061/867/1505 2185/866/1503
f 1550/129/1504 1587/129/1500 2184/865/1502 2061/867/1505
f 1588/120/1506 1585/121/1488 2186/868/1507 2062/869/1508
f 1585/121/1488 1565/121/1492 2187/870/1509 2186/868/1507
f 1565/121/1492 1628/120/1510 2063/871/1511 2187/870/1509
f 1628/120/1510 1588/120/1506 2062/869/1508 2063/871/1511
f 1589/124/1512 1586/125/1494 2188/872/1513 2189/873/1514
f 1586/125/1494 1615/125/1498 2190/874/1515 2188/872/1513
f 1615/125/1498 1556/124/1516 2064/875/1517 2190/874/1515
f 1556/124/1516 1589/124/1512 2189/873/1514 2064/875/1517
f 1590/151/1518 1587/129/1500 2065/876/1519 2191/877/1520
f 1587/129/1500 1550/129/1504 2066/878/1521 2065/876/1519
f 1550/129/1504 1551/128/1522 2067/879/1523 2066/878/1521
f 1551/128/1522 1590/151/1518 2191/877/1520 2067/879/1523
f 1568/134/1445 1588/120/1506 2069/880/1524 2068/881/1525
f 1588/120/1506 1628/120/1510 2070/882/1526 2069/880/1524
f 1628/120/1510 1619/134/1448 2071/883/1527 2070/882/1526
f 1619/134/1448 1568/134/1445 2068/881/1525 2071/883/1527
f 1591/136/1528 1589/124/1512 2072/884/1529 2192/885/1530
f 1589/124/1512 1556/124/1516 2073/886/1531 2072/884/1529
f 1556/124/1516 1557/136/1532 2193/887/1533 2073/886/1531
f 1557/136/1532 1591/136/1528 2192/885/1530 2193/887/1533
f 1592/138/1534 1590/151/1518 2194/888/1535 2074/889/1535
f 1590/151/1518 1551/128/1522 2195/890/1535 2194/888/1535
f 1551/128/1522 1552/138/1536 2075/891/1535 2195/890/1535
f 1552/138/1536 1592/138/1534 2074/889/1535 2075/891/1535
f 1593/152/1537 1591/136/1528 2196/892/1538 2197/893/1539
f 1591/136/1528 1557/136/1532 2198/894/1540 2196/892/1538
f 1557/136/1532 1558/143/1541 2076/895/1542 2198/894/1540
f 1558/143/1541 1593/152/1537 2197/893/1539 2076/895/1542
f 1594/145/1543 1592/138/1534 2199/896/1544 2200/897/1545
f 1592/138/1534 1552/138/1536 2201/898/1546 2199/896/1544
f 1552/138/1536 1553/145/1547 2077/899/1548 2201/898/1546
f 1553/145/1547 1594/145/1543 2200/897/1545 2077/899/1548
f 1595/119/1549 1593/152/1537 2079/900/1550 2078/901/1551
f 1593/152/1537 1558/143/1541 2080/902/1552 2079/900/1550
f 1558/143/1541 1559/119/1553 2081/903/1554 2080/902/1552
f 1559/119/1553 1595/119/1549 2078/901/1551 2081/903/1554
f 1596/123/1555 1594/145/1543 2082/904/1556 2202/905/1557
f 1594/145/1543 1553/145/1547 2203/906/1558 2082/904/1556
f 1553/145/1547 1554/123/1559 2083/907/1560 2203/906/1558
f 1554/123/1559 1596/123/1555 2202/905/1557 2083/907/1560
f 1597/153/1561 1595/119/1549 2084/908/1562 2204/909/1563
f 1595/119/1549 1559/119/1553 2206/910/1564 2084/908/1562
f 1559/119/1553 1560/118/1565 2205/911/1566 2206/910/1564
f 1560/118/1565 1597/153/1561 2204/909/1563 2205/911/1566
f 1566/122/1390 1596/123/1555 2207/912/1567 2085/913/1568
f 1596/123/1555 1554/123/1559 2086/914/1569 2207/912/1567
f 1554/123/1559 1621/122/1393 2087/915/1570 2086/914/1569
f 1621/122/1393 1566/122/1390 2085/913/1568 2087/915/1570
f 1567/131/1398 1597/153/1561 2089/916/1571 2088/917/1572
f 1597/153/1561 1560/118/1565 2090/918/1573 2089/916/1571
f 1560/118/1565 1561/131/1401 2208/919/1574 2090/918/1573
f 1561/131/1401 1567/131/1398 2088/917/1572 2208/919/1574
f 1616/146/1480 1617/139/1462 2210/920/1575 2209/921/1575
f 1617/139/1462 1672/139/1576 2091/922/1575 2210/920/1575
f 1672/139/1576 1670/146/1075 2092/921/1575 2091/922/1575
f 1670/146/1075 1616/146/1480 2209/921/1575 2092/921/1575
f 1617/139/1462 1555/130/1442 2093/923/1577 2211/924/1577
f 1555/130/1442 1671/130/1578 2094/925/1577 2093/923/1577
f 1671/130/1578 1672/139/1576 2212/926/1577 2094/925/1577
f 1672/139/1576 1617/139/1462 2211/924/1577 2212/926/1577
f 1555/130/1442 1625/116/1433 2213/927/1579 2095/928/1579
f 1625/116/1433 1686/116/1580 2096/929/1579 2213/927/1579
f 1686/116/1580 1671/130/1578 2097/930/1579 2096/929/1579
f 1671/130/1578 1555/130/1442 2095/928/1579 2097/930/1579
f 1625/116/1433 1624/117/1421 2214/931/1581 2098/932/1581
f 1624/117/1421 1685/117/1582 2215/933/1581 2214/931/1581
f 1685/117/1582 1686/116/1580 2099/934/1581 2215/933/1581
f 1686/116/1580 1625/116/1433 2098/932/1581 2099/934/1581
f 1624/117/1421 1623/142/1409 2216/935/1583 2100/936/1583
f 1623/142/1409 1684/142/1584 2101/937/1583 2216/935/1583
f 1684/142/1584 1685/117/1582 2217/936/1583 2101/937/1583
f 1685/117/1582 1624/117/1421 2100/936/1583 2217/936/1583
f 1623/142/1409 1622/135/1395 2219/938/1585 2218/939/1585
f 1622/135/1395 1683/135/1586 2220/940/1585 2219/938/1585
f 1683/135/1586 1684/142/1584 2102/941/1585 2220/940/1585
f 1684/142/1584 1623/142/1409 2218/939/1585 2102/941/1585
f 1622/135/1395 1621/122/1393 2221/942/1587 2103/943/1588
f 1621/122/1393 1682/122/1589 2104/942/1587 2221/942/1587
f 1682/122/1589 1683/135/1586 2105/944/1588 2104/942/1587
f 1683/135/1586 1622/135/1395 2103/943/1588 2105/944/1588
f 1621/122/1393 1554/123/1559 2107/945/1590 2106/946/1590
f 1554/123/1559 1681/123/1591 2108/947/1590 2107/945/1590
f 1681/123/1591 1682/122/1589 2222/948/1590 2108/947/1590
f 1682/122/1589 1621/122/1393 2106/946/1590 2222/948/1590
f 1554/123/1559 1553/145/1547 2223/949/1592 2109/950/1592
f 1553/145/1547 1680/145/1593 2225/951/1592 2223/949/1592
f 1680/145/1593 1681/123/1591 2224/952/1592 2225/951/1592
f 1681/123/1591 1554/123/1559 2109/950/1592 2224/952/1592
f 1553/145/1547 1552/138/1536 2227/953/1594 2226/954/1594
f 1552/138/1536 1679/138/1595 2228/955/1594 2227/953/1594
f 1679/138/1595 1680/145/1593 2110/956/1594 2228/955/1594
f 1680/145/1593 1553/145/1547 2226/954/1594 2110/956/1594
f 1552/138/1536 1551/128/1522 2112/957/1596 2111/958/1596
f 1551/128/1522 1678/128/1597 2113/959/1596 2112/957/1596
f 1678/128/1597 1679/138/1595 2229/960/1596 2113/959/1596
f 1679/138/1595 1552/138/1536 2111/958/1596 2229/960/1596
f 1619/134/1448 1628/120/1510 2230/961/1598 2114/962/1598
f 1628/120/1510 1692/120/1599 2231/961/1598 2230/961/1598
f 1692/120/1599 1674/134/1043 2115/963/1598 2231/961/1598
f 1674/134/1043 1619/134/1448 2114/962/1598 2115/963/1598
f 1551/128/1522 1550/129/1504 2116/964/1600 2232/965/1600
f 1550/129/1504 1677/129/1601 2117/966/1602 2116/964/1600
f 1677/129/1601 1678/128/1597 2118/967/1602 2117/966/1602
f 1678/128/1597 1551/128/1522 2232/965/1600 2118/967/1602
f 1628/120/1510 1565/121/1492 2234/968/1603 2233/969/1603
f 1565/121/1492 1691/121/1604 2235/968/1603 2234/968/1603
f 1691/121/1604 1692/120/1599 2119/969/1603 2235/968/1603
f 1692/120/1599 1628/120/1510 2233/969/1603 2119/969/1603
f 1615/125/1498 1616/146/1480 2121/970/1605 2120/971/1605
f 1616/146/1480 1670/146/1075 2236/972/1605 2121/970/1605
f 1670/146/1075 1669/125/1606 2122/973/1605 2236/972/1605
f 1669/125/1606 1615/125/1498 2120/971/1605 2122/973/1605
f 1556/124/1516 1615/125/1498 2123/974/1607 2237/975/1607
f 1615/125/1498 1669/125/1606 2239/976/1607 2123/974/1607
f 1669/125/1606 1668/124/1608 2238/977/1607 2239/976/1607
f 1668/124/1608 1556/124/1516 2237/975/1607 2238/977/1607
f 1557/136/1532 1556/124/1516 2125/978/1609 2124/979/1609
f 1556/124/1516 1668/124/1608 2126/980/1609 2125/978/1609
f 1668/124/1608 1667/136/1610 2127/981/1609 2126/980/1609
f 1667/136/1610 1557/136/1532 2124/979/1609 2127/981/1609
f 1558/143/1541 1557/136/1532 2240/982/1611 2128/983/1611
f 1557/136/1532 1667/136/1610 2129/984/1611 2240/982/1611
f 1667/136/1610 1666/143/1612 2241/985/1611 2129/984/1611
f 1666/143/1612 1558/143/1541 2128/983/1611 2241/985/1611
f 1559/119/1553 1558/143/1541 2130/986/1613 2242/987/1613
f 1558/143/1541 1666/143/1612 2244/988/1613 2130/986/1613
f 1666/143/1612 1665/119/1614 2243/987/1613 2244/988/1613
f 1665/119/1614 1559/119/1553 2242/987/1613 2243/987/1613
f 1560/118/1565 1559/119/1553 2131/989/1615 2245/990/1615
f 1559/119/1553 1665/119/1614 2246/991/1615 2131/989/1615
f 1665/119/1614 1664/118/1616 2132/992/1615 2246/991/1615
f 1664/118/1616 1560/118/1565 2245/990/1615 2132/992/1615
f 1561/131/1401 1560/118/1565 2247/993/1617 2133/994/1617
f 1560/118/1565 1664/118/1616 2134/995/1618 2247/993/1617
f 1664/118/1616 1663/131/1619 2248/996/1617 2134/995/1618
f 1663/131/1619 1561/131/1401 2133/994/1617 2248/996/1617
f 1562/140/1403 1561/131/1401 2136/997/1620 2135/998/1620
f 1561/131/1401 1663/131/1619 2249/997/1620 2136/997/1620
f 1663/131/1619 1662/140/1621 2137/998/1620 2249/997/1620
f 1662/140/1621 1562/140/1403 2135/998/1620 2137/998/1620
f 1614/147/1415 1562/140/1403 2251/999/1622 2250/1000/1622
f 1562/140/1403 1662/140/1621 2252/999/1622 2251/999/1622
f 1662/140/1621 1661/147/1623 2138/1001/1622 2252/999/1622
f 1661/147/1623 1614/147/1415 2250/1000/1622 2138/1001/1622
f 1563/127/1427 1614/147/1415 2140/1002/1624 2139/1003/1624
f 1614/147/1415 1661/147/1623 2254/1004/1624 2140/1002/1624
f 1661/147/1623 1687/127/1625 2253/1005/1624 2254/1004/1624
f 1687/127/1625 1563/127/1427 2139/1003/1624 2253/1005/1624
f 1564/126/1437 1563/127/1427 2142/1006/1626 2141/1007/1626
f 1563/127/1427 1687/127/1625 2255/1008/1626 2142/1006/1626
f 1687/127/1625 1688/126/1627 2143/1009/1626 2255/1008/1626
f 1688/126/1627 1564/126/1437 2141/1007/1626 2143/1009/1626
f 1618/132/1450 1619/133/1448 2145/1010/1628 2144/1011/1628
f 1619/133/1448 1674/133/1043 2146/1012/1628 2145/1010/1628
f 1674/133/1043 1673/132/1629 2256/1013/1628 2146/1012/1628
f 1673/132/1629 1618/132/1450 2144/1011/1628 2256/1013/1628
f 1626/137/1456 1564/126/1437 2147/1014/1630 2257/1015/1631
f 1564/126/1437 1688/126/1627 2258/1016/1630 2147/1014/1630
f 1688/126/1627 1689/137/1632 2148/1015/1630 2258/1016/1630
f 1689/137/1632 1626/137/1456 2257/1015/1631 2148/1015/1630
f 1620/141/1468 1618/132/1450 2150/1017/1633 2149/1018/1633
f 1618/132/1450 1673/132/1629 2259/1019/1633 2150/1017/1633
f 1673/132/1629 1675/141/1634 2151/1020/1633 2259/1019/1633
f 1675/141/1634 1620/141/1468 2149/1018/1633 2151/1020/1633
f 1627/144/1474 1626/137/1456 2152/1021/1635 2260/1022/1635
f 1626/137/1456 1689/137/1632 2261/1021/1635 2152/1021/1635
f 1689/137/1632 1690/144/1636 2153/1023/1635 2261/1021/1635
f 1690/144/1636 1627/144/1474 2260/1022/1635 2153/1023/1635
f 1549/148/1486 1620/141/1468 2155/1024/1637 2154/1025/1637
f 1620/141/1468 1675/141/1634 2262/1026/1637 2155/1024/1637
f 1675/141/1634 1676/148/1638 2156/1027/1637 2262/1026/1637
f 1676/148/1638 1549/148/1486 2154/1025/1637 2156/1027/1637
f 1565/121/1492 1627/144/1474 2264/1028/1639 2263/1029/1639
f 1627/144/1474 1690/144/1636 2157/1030/1639 2264/1028/1639
f 1690/144/1636 1691/121/1604 2265/1031/1639 2157/1030/1639
f 1691/121/1604 1565/121/1492 2263/1029/1639 2265/1031/1639
f 1550/129/1504 1549/148/1486 2266/1032/1640 2158/1033/1640
f 1549/148/1486 1676/148/1638 2268/1034/1640 2266/1032/1640
f 1676/148/1638 1677/129/1601 2267/1035/1641 2268/1034/1640
f 1677/129/1601 1550/129/1504 2158/1033/1640 2267/1035/1641
f 2260/1022/1642 2152/1021/1642 2510/1021/1642 2509/1022/1642
f 2170/822/1643 2169/823/1643 2299/823/1643 2300/822/1643
f 2094/925/1644 2212/926/1644 2403/926/1644 2404/925/1644
f 2259/1019/1645 2151/1020/1645 2507/1020/1645 2508/1019/1645
f 2032/820/1646 2170/822/1646 2300/822/1646 2297/820/1646
f 2093/923/1647 2094/925/1647 2404/925/1647 2402/923/1647
f 2150/1017/1648 2259/1019/1648 2508/1019/1648 2506/1017/1648
f 2169/823/1649 2031/821/1649 2298/821/1649 2299/823/1649
f 2212/926/1650 2211/924/1650 2401/924/1650 2403/926/1650
f 2151/1020/1651 2149/1018/1651 2505/1018/1651 2507/1020/1651
f 2031/821/1652 2032/820/1652 2297/820/1652 2298/821/1652
f 2211/924/1653 2093/923/1653 2402/923/1653 2401/924/1653
f 2149/1018/1654 2150/1017/1654 2506/1017/1654 2505/1018/1654
f 2030/818/1655 2168/819/1655 2295/819/1655 2296/818/1655
f 2091/922/1656 2092/921/1656 2399/921/1656 2400/922/1656
f 2258/1016/1657 2148/1015/1657 2503/1015/1657 2504/1016/1657
f 2167/816/1658 2030/818/1658 2296/818/1658 2293/816/1658
f 2210/920/1659 2091/922/1659 2400/922/1659 2398/920/1659
f 2147/1014/1660 2258/1016/1660 2504/1016/1660 2502/1014/1660
f 2168/819/1661 2029/817/1661 2294/817/1661 2295/819/1661
f 2092/921/1662 2209/921/1662 2397/921/1662 2399/921/1662
f 2148/1015/1663 2257/1015/1663 2501/1015/1663 2503/1015/1663
f 2029/817/1664 2167/816/1664 2293/816/1664 2294/817/1664
f 2209/921/1665 2210/920/1665 2398/920/1665 2397/921/1665
f 2257/1015/1666 2147/1014/1666 2502/1014/1666 2501/1015/1666
f 2027/814/1667 2028/815/1667 2291/815/1667 2292/814/1667
f 2090/918/1668 2208/919/1668 2395/919/1668 2396/918/1668
f 2146/1012/1669 2256/1013/1669 2499/1013/1669 2500/1012/1669
f 2026/812/1670 2027/814/1670 2292/814/1670 2289/812/1670
f 2089/916/1671 2090/918/1671 2396/918/1671 2393/916/1671
f 2145/1010/1672 2146/1012/1672 2500/1012/1672 2498/1010/1672
f 2028/815/1673 2025/813/1673 2290/813/1673 2291/815/1673
f 2208/919/1674 2088/917/1674 2394/917/1674 2395/919/1674
f 2256/1013/1675 2144/1011/1675 2497/1011/1675 2499/1013/1675
f 2025/813/1676 2026/812/1676 2289/812/1676 2290/813/1676
f 2088/917/1677 2089/916/1677 2393/916/1677 2394/917/1677
f 2144/1011/1678 2145/1010/1678 2498/1010/1678 2497/1011/1678
f 2166/810/1679 2165/811/1679 2287/811/1679 2288/810/1679
f 2086/914/1680 2087/915/1680 2391/915/1680 2392/914/1680
f 2255/1008/1681 2143/1009/1681 2495/1009/1681 2496/1008/1681
f 2163/808/1682 2166/810/1682 2288/810/1682 2285/808/1682
f 2207/912/1683 2086/914/1683 2392/914/1683 2389/912/1683
f 2142/1006/1684 2255/1008/1684 2496/1008/1684 2494/1006/1684
f 2165/811/1685 2164/809/1685 2286/809/1685 2287/811/1685
f 2087/915/1686 2085/913/1686 2390/913/1686 2391/915/1686
f 2143/1009/1687 2141/1007/1687 2493/1007/1687 2495/1009/1687
f 2164/809/1688 2163/808/1688 2285/808/1688 2286/809/1688
f 2085/913/1689 2207/912/1689 2389/912/1689 2390/913/1689
f 2141/1007/1690 2142/1006/1690 2494/1006/1690 2493/1007/1690
f 2023/806/1691 2024/807/1691 2283/807/1691 2284/806/1691
f 2206/910/1692 2205/911/1692 2387/911/1692 2388/910/1692
f 2254/1004/1693 2253/1005/1693 2491/1005/1693 2492/1004/1693
f 2022/804/1694 2023/806/1694 2284/806/1694 2281/804/1694
f 2084/908/1695 2206/910/1695 2388/910/1695 2385/908/1695
f 2140/1002/1696 2254/1004/1696 2492/1004/1696 2490/1002/1696
f 2024/807/1697 2021/805/1697 2282/805/1697 2283/807/1697
f 2205/911/1698 2204/909/1698 2386/909/1698 2387/911/1698
f 2253/1005/1699 2139/1003/1699 2489/1003/1699 2491/1005/1699
f 2021/805/1700 2022/804/1700 2281/804/1700 2282/805/1700
f 2204/909/1701 2084/908/1701 2385/908/1701 2386/909/1701
f 2139/1003/1702 2140/1002/1702 2490/1002/1702 2489/1003/1702
f 2162/802/1703 2161/803/1703 2279/803/1703 2280/802/1703
f 2203/906/1704 2083/907/1704 2383/907/1704 2384/906/1704
f 2252/999/1705 2138/1001/1705 2487/1001/1705 2488/999/1705
f 2270/793/1706 2269/792/1706 2272/794/1706 2271/795/1706
f 2274/797/1707 2273/796/1707 2276/798/1707 2275/799/1707
f 2278/801/1708 2277/800/1708 2280/802/1708 2279/803/1708
f 2282/805/1709 2281/804/1709 2284/806/1709 2283/807/1709
f 2286/809/1710 2285/808/1710 2288/810/1710 2287/811/1710
f 2290/813/1711 2289/812/1711 2292/814/1711 2291/815/1711
f 2294/817/1712 2293/816/1712 2296/818/1712 2295/819/1712
f 2298/821/1436 2297/820/1436 2300/822/1436 2299/823/1436
f 2302/825/1713 2301/824/1713 2304/826/1713 2303/827/1713
f 2306/829/1714 2305/828/1714 2308/830/1714 2307/831/1714
f 2310/833/1715 2309/832/1715 2312/834/1715 2311/835/1715
f 2314/837/1716 2313/836/1716 2316/838/1716 2315/839/1716
f 2318/841/1717 2317/840/1717 2320/842/1717 2319/843/1717
f 2322/845/1718 2321/844/1718 2324/846/1718 2323/847/1718
f 2326/849/1719 2325/848/1719 2328/850/1719 2327/851/1719
f 2330/853/1720 2329/852/1720 2332/854/1720 2331/855/1720
f 2334/857/1721 2333/856/1721 2336/858/1721 2335/859/1721
f 2338/861/1722 2337/860/1722 2340/862/1722 2339/863/1722
f 2342/865/1723 2341/864/1723 2344/866/1723 2343/867/1723
f 2346/869/1724 2345/868/1724 2348/870/1724 2347/871/1724
f 2350/873/1725 2349/872/1725 2352/874/1725 2351/875/1725
f 2354/877/1726 2353/876/1726 2356/878/1726 2355/879/1726
f 2358/881/1727 2357/880/1727 2360/882/1727 2359/883/1727
f 2362/885/1728 2361/884/1728 2364/886/1728 2363/887/1728
f 2366/889/1535 2365/888/1535 2368/890/1535 2367/891/1535
f 2370/893/1729 2369/892/1729 2372/894/1729 2371/895/1729
f 2374/897/1730 2373/896/1730 2376/898/1730 2375/899/1730
f 2378/901/1731 2377/900/1731 2380/902/1731 2379/903/1731
f 2382/905/1732 2381/904/1732 2384/906/1732 2383/907/1732
f 2386/909/1733 2385/908/1733 2388/910/1733 2387/911/1733
f 2390/913/1734 2389/912/1734 2392/914/1734 2391/915/1734
f 2394/917/1735 2393/916/1735 2396/918/1735 2395/919/1735
f 2397/921/1575 2398/920/1575 2400/922/1575 2399/921/1575
f 2401/924/1577 2402/923/1577 2404/925/1577 2403/926/1577
f 2405/928/1579 2406/927/1579 2408/929/1579 2407/930/1579
f 2409/932/1581 2410/931/1581 2412/933/1581 2411/934/1581
f 2413/936/1583 2414/935/1583 2416/937/1583 2415/936/1583
f 2417/939/1585 2418/938/1585 2420/940/1585 2419/941/1585
f 2421/943/1587 2422/942/1587 2424/942/1587 2423/944/1587
f 2425/946/1590 2426/945/1590 2428/947/1590 2427/948/1590
f 2429/950/1592 2430/949/1592 2432/951/1592 2431/952/1592
f 2433/954/1594 2434/953/1594 2436/955/1594 2435/956/1594
f 2437/958/1596 2438/957/1596 2440/959/1596 2439/960/1596
f 2441/962/1598 2442/961/1598 2444/961/1598 2443/963/1598
f 2445/965/1600 2446/964/1600 2448/966/1600 2447/967/1600
f 2449/969/1603 2450/968/1603 2452/968/1603 2451/969/1603
f 2453/971/1605 2454/970/1605 2456/972/1605 2455/973/1605
f 2457/975/1607 2458/974/1607 2460/976/1607 2459/977/1607
f 2461/979/1609 2462/978/1609 2464/980/1609 2463/981/1609
f 2465/983/1611 2466/982/1611 2468/984/1611 2467/985/1611
f 2469/987/1613 2470/986/1613 2472/988/1613 2471/987/1613
f 2473/990/1615 2474/989/1615 2476/991/1615 2475/992/1615
f 2477/994/1617 2478/993/1617 2480/995/1617 2479/996/1617
f 2481/998/1620 2482/997/1620 2484/997/1620 2483/998/1620
f 2485/1000/1622 2486/999/1622 2488/999/1622 2487/1001/1622
f 2489/1003/1624 2490/1002/1624 2492/1004/1624 2491/1005/1624
f 2493/1007/1626 2494/1006/1626 2496/1008/1626 2495/1009/1626
f 2497/1011/1628 2498/1010/1628 2500/1012/1628 2499/1013/1628
f 2501/1015/1630 2502/1014/1630 2504/1016/1630 2503/1015/1630
f 2505/1018/1633 2506/1017/1633 2508/1019/1633 2507/1020/1633
f 2509/1022/1635 2510/1021/1635 2512/1021/1635 2511/1023/1635
f 2513/1025/1637 2514/1024/1637 2516/1026/1637 2515/1027/1637
f 2517/1029/1639 2518/1028/1639 2520/1030/1639 2519/1031/1639
f 2521/1033/1640 2522/1032/1640 2524/1034/1640 2523/1035/1640
f 2095/928/1736 2213/927/1736 2406/927/1736 2405/928/1736
f 2033/825/1737 2171/824/1737 2301/824/1737 2302/825/1737
f 2153/1023/1738 2260/1022/1738 2509/1022/1738 2511/1023/1738
f 2097/930/1739 2095/928/1739 2405/928/1739 2407/930/1739
f 2035/827/1740 2033/825/1740 2302/825/1740 2303/827/1740
f 2152/1021/1741 2261/1021/1741 2512/1021/1741 2510/1021/1741
f 2213/927/1742 2096/929/1742 2408/929/1742 2406/927/1742
f 2171/824/1743 2034/826/1743 2304/826/1743 2301/824/1743
f 2261/1021/1744 2153/1023/1744 2511/1023/1744 2512/1021/1744
f 2096/929/1745 2097/930/1745 2407/930/1745 2408/929/1745
f 2034/826/1746 2035/827/1746 2303/827/1746 2304/826/1746
f 2154/1025/1747 2155/1024/1747 2514/1024/1747 2513/1025/1747
f 2098/932/1748 2214/931/1748 2410/931/1748 2409/932/1748
f 2036/829/1749 2172/828/1749 2305/828/1749 2306/829/1749
f 2156/1027/1750 2154/1025/1750 2513/1025/1750 2515/1027/1750
f 2099/934/1751 2098/932/1751 2409/932/1751 2411/934/1751
f 2173/831/1752 2036/829/1752 2306/829/1752 2307/831/1752
f 2155/1024/1753 2262/1026/1753 2516/1026/1753 2514/1024/1753
f 2214/931/1754 2215/933/1754 2412/933/1754 2410/931/1754
f 2172/828/1755 2037/830/1755 2308/830/1755 2305/828/1755
f 2262/1026/1756 2156/1027/1756 2515/1027/1756 2516/1026/1756
f 2215/933/1757 2099/934/1757 2411/934/1757 2412/933/1757
f 2037/830/1758 2173/831/1758 2307/831/1758 2308/830/1758
f 2263/1029/1759 2264/1028/1759 2518/1028/1759 2517/1029/1759
f 2100/936/1760 2216/935/1760 2414/935/1760 2413/936/1760
f 2174/833/1761 2038/832/1761 2309/832/1761 2310/833/1761
f 2265/1031/1762 2263/1029/1762 2517/1029/1762 2519/1031/1762
f 2217/936/1763 2100/936/1763 2413/936/1763 2415/936/1763
f 2040/835/1764 2174/833/1764 2310/833/1764 2311/835/1764
f 2264/1028/1765 2157/1030/1765 2520/1030/1765 2518/1028/1765
f 2216/935/1766 2101/937/1766 2416/937/1766 2414/935/1766
f 2038/832/1767 2039/834/1767 2312/834/1767 2309/832/1767
f 2157/1030/1768 2265/1031/1768 2519/1031/1768 2520/1030/1768
f 2101/937/1769 2217/936/1769 2415/936/1769 2416/937/1769
f 2039/834/1770 2040/835/1770 2311/835/1770 2312/834/1770
f 2158/1033/1771 2266/1032/1771 2522/1032/1771 2521/1033/1771
f 2218/939/1772 2219/938/1772 2418/938/1772 2417/939/1772
f 2176/837/1773 2175/836/1773 2313/836/1773 2314/837/1773
f 2267/1035/1774 2158/1033/1774 2521/1033/1774 2523/1035/1774
f 2102/941/1775 2218/939/1775 2417/939/1775 2419/941/1775
f 2042/839/1776 2176/837/1776 2314/837/1776 2315/839/1776
f 2266/1032/1777 2268/1034/1777 2524/1034/1777 2522/1032/1777
f 2219/938/1778 2220/940/1778 2420/940/1778 2418/938/1778
f 2175/836/1779 2041/838/1779 2316/838/1779 2313/836/1779
f 2268/1034/1780 2267/1035/1780 2523/1035/1780 2524/1034/1780
f 2220/940/1781 2102/941/1781 2419/941/1781 2420/940/1781
f 2041/838/1782 2042/839/1782 2315/839/1782 2316/838/1782
f 2103/943/1783 2221/942/1783 2422/942/1783 2421/943/1783
f 2043/841/1784 2044/840/1784 2317/840/1784 2318/841/1784
f 2105/944/1785 2103/943/1785 2421/943/1785 2423/944/1785
f 2177/843/1786 2043/841/1786 2318/841/1786 2319/843/1786
f 2221/942/1787 2104/942/1787 2424/942/1787 2422/942/1787
f 2044/840/1788 2045/842/1788 2320/842/1788 2317/840/1788
f 2104/942/1789 2105/944/1789 2423/944/1789 2424/942/1789
f 2045/842/1790 2177/843/1790 2319/843/1790 2320/842/1790
f 2106/946/1791 2107/945/1791 2426/945/1791 2425/946/1791
f 2179/845/1792 2178/844/1792 2321/844/1792 2322/845/1792
f 2222/948/1793 2106/946/1793 2425/946/1793 2427/948/1793
f 2047/847/1794 2179/845/1794 2322/845/1794 2323/847/1794
f 2107/945/1795 2108/947/1795 2428/947/1795 2426/945/1795
f 2178/844/1796 2046/846/1796 2324/846/1796 2321/844/1796
f 2108/947/1797 2222/948/1797 2427/948/1797 2428/947/1797
f 2046/846/1798 2047/847/1798 2323/847/1798 2324/846/1798
f 2109/950/1799 2223/949/1799 2430/949/1799 2429/950/1799
f 2048/849/1800 2049/848/1800 2325/848/1800 2326/849/1800
f 2224/952/1801 2109/950/1801 2429/950/1801 2431/952/1801
f 2051/851/1802 2048/849/1802 2326/849/1802 2327/851/1802
f 2223/949/1803 2225/951/1803 2432/951/1803 2430/949/1803
f 2049/848/1804 2050/850/1804 2328/850/1804 2325/848/1804
f 2225/951/1805 2224/952/1805 2431/952/1805 2432/951/1805
f 2050/850/1806 2051/851/1806 2327/851/1806 2328/850/1806
f 2226/954/1807 2227/953/1807 2434/953/1807 2433/954/1807
f 2052/853/1808 2180/852/1808 2329/852/1808 2330/853/1808
f 2110/956/1809 2226/954/1809 2433/954/1809 2435/956/1809
f 2181/855/1810 2052/853/1810 2330/853/1810 2331/855/1810
f 2227/953/1811 2228/955/1811 2436/955/1811 2434/953/1811
f 2180/852/1812 2053/854/1812 2332/854/1812 2329/852/1812
f 2228/955/1813 2110/956/1813 2435/956/1813 2436/955/1813
f 2053/854/1814 2181/855/1814 2331/855/1814 2332/854/1814
f 2111/958/1815 2112/957/1815 2438/957/1815 2437/958/1815
f 2054/857/1816 2182/856/1816 2333/856/1816 2334/857/1816
f 2229/960/1817 2111/958/1817 2437/958/1817 2439/960/1817
f 2183/859/1818 2054/857/1818 2334/857/1818 2335/859/1818
f 2112/957/1819 2113/959/1819 2440/959/1819 2438/957/1819
f 2182/856/1820 2055/858/1820 2336/858/1820 2333/856/1820
f 2113/959/1821 2229/960/1821 2439/960/1821 2440/959/1821
f 2055/858/1822 2183/859/1822 2335/859/1822 2336/858/1822
f 2114/962/1823 2230/961/1823 2442/961/1823 2441/962/1823
f 2056/861/1824 2057/860/1824 2337/860/1824 2338/861/1824
f 2115/963/1825 2114/962/1825 2441/962/1825 2443/963/1825
f 2059/863/1826 2056/861/1826 2338/861/1826 2339/863/1826
f 2230/961/1827 2231/961/1827 2444/961/1827 2442/961/1827
f 2057/860/1828 2058/862/1828 2340/862/1828 2337/860/1828
f 2231/961/1829 2115/963/1829 2443/963/1829 2444/961/1829
f 2058/862/1830 2059/863/1830 2339/863/1830 2340/862/1830
f 2232/965/1831 2116/964/1831 2446/964/1831 2445/965/1831
f 2184/865/1832 2060/864/1832 2341/864/1832 2342/865/1832
f 2118/967/1833 2232/965/1833 2445/965/1833 2447/967/1833
f 2061/867/1834 2184/865/1834 2342/865/1834 2343/867/1834
f 2116/964/1835 2117/966/1835 2448/966/1835 2446/964/1835
f 2060/864/1836 2185/866/1836 2344/866/1836 2341/864/1836
f 2117/966/1837 2118/967/1837 2447/967/1837 2448/966/1837
f 2185/866/1838 2061/867/1838 2343/867/1838 2344/866/1838
f 2233/969/1839 2234/968/1839 2450/968/1839 2449/969/1839
f 2062/869/1840 2186/868/1840 2345/868/1840 2346/869/1840
f 2119/969/1841 2233/969/1841 2449/969/1841 2451/969/1841
f 2063/871/1842 2062/869/1842 2346/869/1842 2347/871/1842
f 2234/968/1843 2235/968/1843 2452/968/1843 2450/968/1843
f 2186/868/1844 2187/870/1844 2348/870/1844 2345/868/1844
f 2235/968/1845 2119/969/1845 2451/969/1845 2452/968/1845
f 2187/870/1846 2063/871/1846 2347/871/1846 2348/870/1846
f 2120/971/1847 2121/970/1847 2454/970/1847 2453/971/1847
f 2189/873/1848 2188/872/1848 2349/872/1848 2350/873/1848
f 2122/973/1849 2120/971/1849 2453/971/1849 2455/973/1849
f 2064/875/1850 2189/873/1850 2350/873/1850 2351/875/1850
f 2121/970/1851 2236/972/1851 2456/972/1851 2454/970/1851
f 2188/872/1852 2190/874/1852 2352/874/1852 2349/872/1852
f 2236/972/1853 2122/973/1853 2455/973/1853 2456/972/1853
f 2190/874/1854 2064/875/1854 2351/875/1854 2352/874/1854
f 2237/975/1855 2123/974/1855 2458/974/1855 2457/975/1855
f 2191/877/1856 2065/876/1856 2353/876/1856 2354/877/1856
f 2238/977/1857 2237/975/1857 2457/975/1857 2459/977/1857
f 2067/879/1858 2191/877/1858 2354/877/1858 2355/879/1858
f 2123/974/1859 2239/976/1859 2460/976/1859 2458/974/1859
f 2065/876/1860 2066/878/1860 2356/878/1860 2353/876/1860
f 2239/976/1861 2238/977/1861 2459/977/1861 2460/976/1861
f 2066/878/1862 2067/879/1862 2355/879/1862 2356/878/1862
f 2124/979/1863 2125/978/1863 2462/978/1863 2461/979/1863
f 2068/881/1864 2069/880/1864 2357/880/1864 2358/881/1864
f 2127/981/1865 2124/979/1865 2461/979/1865 2463/981/1865
f 2071/883/1866 2068/881/1866 2358/881/1866 2359/883/1866
f 2125/978/1867 2126/980/1867 2464/980/1867 2462/978/1867
f 2069/880/1868 2070/882/1868 2360/882/1868 2357/880/1868
f 2126/980/1869 2127/981/1869 2463/981/1869 2464/980/1869
f 2070/882/1870 2071/883/1870 2359/883/1870 2360/882/1870
f 2128/983/1871 2240/982/1871 2466/982/1871 2465/983/1871
f 2192/885/1872 2072/884/1872 2361/884/1872 2362/885/1872
f 2241/985/1873 2128/983/1873 2465/983/1873 2467/985/1873
f 2193/887/1874 2192/885/1874 2362/885/1874 2363/887/1874
f 2240/982/1875 2129/984/1875 2468/984/1875 2466/982/1875
f 2072/884/1876 2073/886/1876 2364/886/1876 2361/884/1876
f 2129/984/1877 2241/985/1877 2467/985/1877 2468/984/1877
f 2073/886/1878 2193/887/1878 2363/887/1878 2364/886/1878
f 2242/987/1879 2130/986/1879 2470/986/1879 2469/987/1879
f 2074/889/1880 2194/888/1880 2365/888/1880 2366/889/1880
f 2243/987/1881 2242/987/1881 2469/987/1881 2471/987/1881
f 2075/891/1882 2074/889/1882 2366/889/1882 2367/891/1882
f 2130/986/1883 2244/988/1883 2472/988/1883 2470/986/1883
f 2194/888/1884 2195/890/1884 2368/890/1884 2365/888/1884
f 2244/988/1885 2243/987/1885 2471/987/1885 2472/988/1885
f 2195/890/1886 2075/891/1886 2367/891/1886 2368/890/1886
f 2245/990/1887 2131/989/1887 2474/989/1887 2473/990/1887
f 2197/893/1888 2196/892/1888 2369/892/1888 2370/893/1888
f 2132/992/1889 2245/990/1889 2473/990/1889 2475/992/1889
f 2076/895/1890 2197/893/1890 2370/893/1890 2371/895/1890
f 2131/989/1891 2246/991/1891 2476/991/1891 2474/989/1891
f 2196/892/1892 2198/894/1892 2372/894/1892 2369/892/1892
f 2246/991/1893 2132/992/1893 2475/992/1893 2476/991/1893
f 2198/894/1894 2076/895/1894 2371/895/1894 2372/894/1894
f 2133/994/1895 2247/993/1895 2478/993/1895 2477/994/1895
f 2200/897/1896 2199/896/1896 2373/896/1896 2374/897/1896
f 2013/793/1897 2014/792/1897 2269/792/1897 2270/793/1897
f 2248/996/1898 2133/994/1898 2477/994/1898 2479/996/1898
f 2077/899/1899 2200/897/1899 2374/897/1899 2375/899/1899
f 2016/795/1900 2013/793/1900 2270/793/1900 2271/795/1900
f 2247/993/1901 2134/995/1901 2480/995/1901 2478/993/1901
f 2199/896/1902 2201/898/1902 2376/898/1902 2373/896/1902
f 2014/792/1903 2015/794/1903 2272/794/1903 2269/792/1903
f 2134/995/1904 2248/996/1904 2479/996/1904 2480/995/1904
f 2201/898/1905 2077/899/1905 2375/899/1905 2376/898/1905
f 2015/794/1906 2016/795/1906 2271/795/1906 2272/794/1906
f 2135/998/1907 2136/997/1907 2482/997/1907 2481/998/1907
f 2078/901/1908 2079/900/1908 2377/900/1908 2378/901/1908
f 2017/797/1909 2018/796/1909 2273/796/1909 2274/797/1909
f 2137/998/1910 2135/998/1910 2481/998/1910 2483/998/1910
f 2081/903/1911 2078/901/1911 2378/901/1911 2379/903/1911
f 2019/799/1912 2017/797/1912 2274/797/1912 2275/799/1912
f 2136/997/1913 2249/997/1913 2484/997/1913 2482/997/1913
f 2079/900/1914 2080/902/1914 2380/902/1914 2377/900/1914
f 2018/796/1915 2159/798/1915 2276/798/1915 2273/796/1915
f 2249/997/1916 2137/998/1916 2483/998/1916 2484/997/1916
f 2080/902/1917 2081/903/1917 2379/903/1917 2380/902/1917
f 2159/798/1918 2019/799/1918 2275/799/1918 2276/798/1918
f 2250/1000/1919 2251/999/1919 2486/999/1919 2485/1000/1919
f 2202/905/1920 2082/904/1920 2381/904/1920 2382/905/1920
f 2020/801/1921 2160/800/1921 2277/800/1921 2278/801/1921
f 2138/1001/1922 2250/1000/1922 2485/1000/1922 2487/1001/1922
f 2083/907/1923 2202/905/1923 2382/905/1923 2383/907/1923
f 2161/803/1924 2020/801/1924 2278/801/1924 2279/803/1924
f 2251/999/1925 2252/999/1925 2488/999/1925 2486/999/1925
f 2082/904/1926 2203/906/1926 2384/906/1926 2381/904/1926
f 2160/800/1927 2162/802/1927 2280/802/1927 2277/800/1927
f 2552/116/742 2602/116/743 2601/117/757 2550/117/756
f 2570/118/740 2611/118/741 2610/119/755 2568/119/754
f 2588/120/736 2620/120/739 2619/121/753 2586/121/752
f 2544/122/734 2598/122/735 2597/123/751 2542/123/750
f 2562/124/732 2607/124/733 2606/125/749 2560/125/748
f 2580/126/728 2616/126/731 2615/127/747 2578/127/746
f 2536/128/724 2594/128/727 2593/129/745 2534/129/744
f 2554/130/720 2603/130/723 2602/116/743 2552/116/742
f 2572/131/716 2612/131/719 2611/118/741 2570/118/740
f 2528/132/712 2589/132/715 2590/133/738 2526/133/737
f 2526/134/737 2590/134/738 2620/120/739 2588/120/736
f 2546/135/708 2599/135/711 2598/122/735 2544/122/734
f 2564/136/704 2608/136/707 2607/124/733 2562/124/732
f 2582/137/729 2617/137/730 2616/126/731 2580/126/728
f 2538/138/725 2595/138/726 2594/128/727 2536/128/724
f 2556/139/721 2604/139/722 2603/130/723 2554/130/720
f 2574/140/717 2613/140/718 2612/131/719 2572/131/716
f 2530/141/713 2591/141/714 2589/132/715 2528/132/712
f 2548/142/709 2600/142/710 2599/135/711 2546/135/708
f 2566/143/705 2609/143/706 2608/136/707 2564/136/704
f 2584/144/766 2618/144/767 2617/137/730 2582/137/729
f 2540/145/764 2596/145/765 2595/138/726 2538/138/725
f 2558/146/762 2605/146/763 2604/139/722 2556/139/721
f 2576/147/760 2614/147/761 2613/140/718 2574/140/717
f 2532/148/758 2592/148/759 2591/141/714 2530/141/713
f 2550/117/756 2601/117/757 2600/142/710 2548/142/709
f 2568/119/754 2610/119/755 2609/143/706 2566/143/705
f 2586/121/752 2619/121/753 2618/144/767 2584/144/766
f 2542/123/750 2597/123/751 2596/145/765 2540/145/764
f 2560/125/748 2606/125/749 2605/146/763 2558/146/762
f 2578/127/746 2615/127/747 2614/147/761 2576/147/760
f 2534/129/744 2593/129/745 2592/148/759 2532/148/758
f 3732/149/1224 3765/149/1225 3766/150/1226 3733/150/1223
f 3556/124/1156 3605/124/1157 3602/125/1151 3553/125/1150
f 3557/151/1928 3606/151/1159 3603/129/1153 3554/129/1152
f 3544/134/780 3584/134/780 3604/120/1155 3555/120/1154
f 3558/136/813 3607/136/814 3605/124/1157 3556/124/1156
f 3559/138/811 3608/138/812 3606/151/1159 3557/151/1928
f 3560/152/809 3609/152/810 3607/136/814 3558/136/813
f 3561/145/807 3610/145/808 3608/138/812 3559/138/811
f 3534/135/805 3585/135/806 3582/122/799 3533/122/798
f 3562/119/803 3611/119/804 3609/152/810 3560/152/809
f 3536/140/801 3586/140/802 3583/131/793 3535/131/792
f 3563/123/797 3612/123/800 3610/145/808 3561/145/807
f 3537/142/795 3587/142/796 3585/135/806 3534/135/805
f 3564/153/791 3613/153/794 3611/119/804 3562/119/803
f 3538/147/789 3588/147/790 3586/140/802 3536/140/801
f 3533/122/798 3582/122/799 3612/123/800 3563/123/797
f 3539/117/787 3589/117/788 3587/142/796 3537/142/795
f 3535/131/792 3583/131/793 3613/153/794 3564/153/791
f 3540/154/785 3590/154/786 3588/147/790 3538/147/789
f 3541/155/783 3591/155/784 3589/117/788 3539/117/787
f 2786/156/951 2915/156/951 2914/157/951 2787/157/951
f 2708/158/822 2836/158/822 2837/159/822 2709/159/822
f 2785/160/947 2913/160/947 2915/156/947 2786/156/947
f 2734/161/1929 2863/161/1929 2862/162/1929 2735/162/1929
f 2787/157/949 2914/157/949 2912/163/949 2784/163/949
f 2733/164/950 2861/164/950 2863/161/950 2734/161/950
f 2682/165/960 2811/165/960 2810/166/960 2683/166/960
f 2784/163/816 2912/163/816 2913/160/816 2785/160/816
f 2735/162/1930 2862/162/1930 2860/167/1930 2732/167/1930
f 2681/168/955 2809/168/955 2811/165/955 2682/165/955
f 2732/167/948 2860/167/948 2861/164/948 2733/164/948
f 2683/166/957 2810/166/957 2808/169/957 2680/169/957
f 2758/170/963 2887/170/963 2886/171/963 2759/171/963
f 2680/169/953 2808/169/953 2809/168/953 2681/168/953
f 2757/172/958 2885/172/958 2887/170/958 2758/170/958
f 2706/173/1931 2835/173/1931 2834/174/1931 2707/174/1931
f 2759/171/961 2886/171/961 2884/175/961 2756/175/961
f 2705/176/1932 2833/176/1932 2835/173/1932 2706/173/1932
f 2756/175/956 2884/175/956 2885/172/956 2757/172/956
f 2707/174/964 2834/174/964 2832/177/964 2704/177/964
f 2782/178/971 2911/178/971 2910/179/971 2783/179/971
f 2704/177/959 2832/177/959 2833/176/959 2705/176/959
f 2781/180/967 2909/180/967 2911/178/967 2782/178/967
f 2730/181/974 2859/181/974 2858/182/974 2731/182/974
f 2783/179/969 2910/179/969 2908/183/969 2780/183/969
f 2729/184/1933 2857/184/1933 2859/181/1933 2730/181/1933
f 2780/183/965 2908/183/965 2909/180/965 2781/180/965
f 2731/182/972 2858/182/972 2856/185/972 2728/185/972
f 2806/186/980 2935/186/980 2934/187/980 2807/187/980
f 2728/185/968 2856/185/968 2857/184/968 2729/184/968
f 2805/188/975 2933/188/975 2935/186/975 2806/186/975
f 2754/189/983 2883/189/983 2882/190/983 2755/190/983
f 2639/191/853 2680/169/854 2681/168/854 2640/192/852
f 2640/192/852 2681/168/854 2682/165/854 3449/192/856
f 3449/192/856 2682/165/854 2683/166/854 3448/191/855
f 3448/191/855 2683/166/854 2680/169/854 2639/191/853
f 2666/193/848 2684/196/849 2685/195/849 2667/194/847
f 2667/194/847 2685/195/849 2686/197/849 3467/194/851
f 3467/194/851 2686/197/849 2687/198/849 3466/193/850
f 3466/193/850 2687/198/849 2684/196/849 2666/193/848
f 2653/199/857 2688/202/946 2689/201/946 2654/200/941
f 2654/200/941 2689/201/946 2690/203/946 3459/200/943
f 3459/200/943 2690/203/946 2691/204/946 3458/199/861
f 3458/199/861 2691/204/946 2688/202/946 2653/199/857
f 2640/192/852 2692/207/945 2693/206/945 2641/205/937
f 2641/205/937 2693/206/945 2694/208/945 2671/205/939
f 2671/205/939 2694/208/945 2695/209/945 3449/192/856
f 3449/192/856 2695/209/945 2692/207/945 2640/192/852
f 2667/194/847 2696/212/944 2697/211/944 2668/210/934
f 2668/210/934 2697/211/944 2698/213/944 3468/210/936
f 3468/210/936 2698/213/944 2699/214/944 3467/194/851
f 3467/194/851 2699/214/944 2696/212/944 2667/194/847
f 2654/200/941 2700/217/942 2701/216/942 2655/215/931
f 2655/215/931 2701/216/942 2702/218/942 3460/215/933
f 3460/215/933 2702/218/942 2703/219/942 3459/200/943
f 3459/200/943 2703/219/942 2700/217/942 2654/200/941
f 2641/205/937 2704/177/938 2705/176/940 2642/220/928
f 2642/220/928 2705/176/940 2706/173/940 3450/220/930
f 3450/220/930 2706/173/940 2707/174/938 2671/205/939
f 2671/205/939 2707/174/938 2704/177/938 2641/205/937
f 2668/210/934 2708/158/935 2709/159/935 2637/221/875
f 2637/221/875 2709/159/935 2710/222/935 2669/221/877
f 2669/221/877 2710/222/935 2711/223/935 3468/210/936
f 3468/210/936 2711/223/935 2708/158/935 2668/210/934
f 2655/215/931 2712/226/932 2713/225/932 2656/224/924
f 2656/224/924 2713/225/932 2714/227/932 2675/224/926
f 2675/224/926 2714/227/932 2715/228/932 3460/215/933
f 3460/215/933 2715/228/932 2712/226/932 2655/215/931
f 2642/220/928 2716/231/929 2717/230/929 2643/229/921
f 2643/229/921 2717/230/929 2718/232/929 3451/229/923
f 3451/229/923 2718/232/929 2719/233/929 3450/220/930
f 3450/220/930 2719/233/929 2716/231/929 2642/220/928
f 2656/224/924 2720/236/925 2721/235/925 2657/234/918
f 2657/234/918 2721/235/925 2722/237/925 3461/234/920
f 3461/234/920 2722/237/925 2723/238/925 2675/224/926
f 2675/224/926 2723/238/925 2720/236/925 2656/224/924
f 2643/229/921 2724/241/922 2725/240/922 2644/239/915
f 2644/239/915 2725/240/922 2726/242/922 2672/239/917
f 2672/239/917 2726/242/922 2727/243/922 3451/229/923
f 3451/229/923 2727/243/922 2724/241/922 2643/229/921
f 2657/234/918 2728/185/919 2729/184/919 2658/244/912
f 2658/244/912 2729/184/919 2730/181/919 3462/244/914
f 3462/244/914 2730/181/919 2731/182/919 3461/234/920
f 3461/234/920 2731/182/919 2728/185/919 2657/234/918
f 2644/239/915 2732/167/916 2733/164/916 2645/245/909
f 2645/245/909 2733/164/916 2734/161/916 3452/245/911
f 3452/245/911 2734/161/916 2735/162/916 2672/239/917
f 2672/239/917 2735/162/916 2732/167/916 2644/239/915
f 2658/244/912 2736/248/913 2737/247/913 2659/246/906
f 2659/246/906 2737/247/913 2738/249/913 2676/246/908
f 2676/246/908 2738/249/913 2739/250/913 3462/244/914
f 3462/244/914 2739/250/913 2736/248/913 2658/244/912
f 2645/245/909 2740/253/910 2741/252/910 2646/251/903
f 2646/251/903 2741/252/910 2742/254/910 3453/251/905
f 3453/251/905 2742/254/910 2743/255/910 3452/245/911
f 3452/245/911 2743/255/910 2740/253/910 2645/245/909
f 2659/246/906 2744/258/907 2745/257/907 2660/256/900
f 2660/256/900 2745/257/907 2746/259/907 3463/256/902
f 3463/256/902 2746/259/907 2747/260/907 2676/246/908
f 2676/246/908 2747/260/907 2744/258/907 2659/246/906
f 2646/251/903 2748/263/904 2749/262/904 2647/261/897
f 2647/261/897 2749/262/904 2750/264/904 2673/261/899
f 2673/261/899 2750/264/904 2751/265/904 3453/251/905
f 3453/251/905 2751/265/904 2748/263/904 2646/251/903
f 2660/256/900 2752/268/901 2753/267/901 2661/266/894
f 2661/266/894 2753/267/901 2754/189/901 2677/266/896
f 2677/266/896 2754/189/901 2755/190/901 3463/256/902
f 3463/256/902 2755/190/901 2752/268/901 2660/256/900
f 2647/261/897 2756/175/898 2757/172/898 2648/269/891
f 2648/269/891 2757/172/898 2758/170/898 3454/269/893
f 3454/269/893 2758/170/898 2759/171/898 2673/261/899
f 2673/261/899 2759/171/898 2756/175/898 2647/261/897
f 2661/266/894 2760/272/895 2761/271/895 2662/270/887
f 2662/270/887 2761/271/895 2762/273/895 3464/270/889
f 3464/270/889 2762/273/895 2763/274/895 2677/266/896
f 2677/266/896 2763/274/895 2760/272/895 2661/266/894
f 2648/269/891 2764/277/892 2765/276/892 2649/275/884
f 2649/275/884 2765/276/892 2766/278/892 3455/275/886
f 3455/275/886 2766/278/892 2767/279/1934 3454/269/893
f 3454/269/893 2767/279/1934 2764/277/892 2648/269/891
f 2662/270/887 2768/282/888 2769/281/888 2663/280/881
f 2663/280/881 2769/281/888 2770/283/888 2678/280/883
f 2678/280/883 2770/283/888 2771/284/888 3464/270/889
f 3464/270/889 2771/284/888 2768/282/888 2662/270/887
f 2649/275/884 2772/287/885 2773/286/885 2650/285/878
f 2650/285/878 2773/286/885 2774/288/1935 2674/285/880
f 2674/285/880 2774/288/1935 2775/289/885 3455/275/886
f 3455/275/886 2775/289/885 2772/287/885 2649/275/884
f 2663/280/881 2776/292/882 2777/291/882 2664/290/871
f 2664/290/871 2777/291/882 2778/293/882 2679/290/874
f 2679/290/874 2778/293/882 2779/294/882 2678/280/883
f 2678/280/883 2779/294/882 2776/292/882 2663/280/881
f 2650/285/878 2780/183/879 2781/180/879 2651/295/868
f 2651/295/868 2781/180/879 2782/178/879 3456/295/870
f 3456/295/870 2782/178/879 2783/179/879 2674/285/880
f 2674/285/880 2783/179/879 2780/183/879 2650/285/878
f 2637/296/875 2784/163/876 2785/160/876 2638/297/865
f 2638/297/865 2785/160/876 2786/156/876 2670/297/867
f 2670/297/867 2786/156/876 2787/157/876 2669/296/877
f 2669/296/877 2787/157/876 2784/163/876 2637/296/875
f 2664/290/871 2788/300/873 2789/299/873 2665/298/862
f 2665/298/862 2789/299/873 2790/301/872 3465/298/864
f 3465/298/864 2790/301/872 2791/302/873 2679/290/874
f 2679/290/874 2791/302/873 2788/300/873 2664/290/871
f 2651/295/868 2792/305/869 2793/304/869 2652/303/858
f 2652/303/858 2793/304/869 2794/306/869 3457/303/860
f 3457/303/860 2794/306/869 2795/307/869 3456/295/870
f 3456/295/870 2795/307/869 2792/305/869 2651/295/868
f 2638/297/865 2796/309/866 2797/308/866 2639/191/853
f 2639/191/853 2797/308/866 2798/310/866 3448/191/855
f 3448/191/855 2798/310/866 2799/311/866 2670/297/867
f 2670/297/867 2799/311/866 2796/309/866 2638/297/865
f 2665/298/862 2800/313/863 2801/312/863 2666/193/848
f 2666/193/848 2801/312/863 2802/314/863 3466/193/850
f 3466/193/850 2802/314/863 2803/315/1936 3465/298/864
f 3465/298/864 2803/315/1936 2800/313/863 2665/298/862
f 2652/303/858 2804/316/859 2805/188/859 2653/199/857
f 2653/199/857 2805/188/859 2806/186/859 3458/199/861
f 3458/199/861 2806/186/859 2807/187/859 3457/303/860
f 3457/303/860 2807/187/859 2804/316/859 2652/303/858
f 2808/169/854 2810/166/854 2811/165/854 2809/168/854
f 2812/196/849 2814/198/849 2815/197/849 2813/195/849
f 2816/202/946 2818/204/946 2819/203/946 2817/201/946
f 2820/207/945 2822/209/945 2823/208/945 2821/206/945
f 2824/212/944 2826/214/944 2827/213/944 2825/211/944
f 2828/217/942 2830/219/942 2831/218/942 2829/216/942
f 2832/177/938 2834/174/938 2835/173/938 2833/176/938
f 2836/158/935 2838/223/935 2839/222/935 2837/159/935
f 2840/226/932 2842/228/932 2843/227/932 2841/225/932
f 2844/231/929 2846/233/929 2847/232/929 2845/230/929
f 2848/236/925 2850/238/925 2851/237/925 2849/235/925
f 2852/241/922 2854/243/922 2855/242/922 2853/240/922
f 2856/185/919 2858/182/919 2859/181/919 2857/184/919
f 2860/167/916 2862/162/916 2863/161/916 2861/164/916
f 2864/248/913 2866/250/913 2867/249/913 2865/247/913
f 2868/253/910 2870/255/910 2871/254/910 2869/252/910
f 2872/258/907 2874/260/907 2875/259/907 2873/257/907
f 2876/263/904 2878/265/904 2879/264/904 2877/262/904
f 2880/268/901 2882/190/901 2883/189/901 2881/267/901
f 2884/175/898 2886/171/898 2887/170/898 2885/172/898
f 2888/272/895 2890/274/895 2891/273/895 2889/271/895
f 2892/277/892 2894/279/892 2895/278/892 2893/276/892
f 2896/282/888 2898/284/888 2899/283/888 2897/281/888
f 2900/287/885 2902/289/885 2903/288/885 2901/286/885
f 2904/292/882 2906/294/882 2907/293/882 2905/291/882
f 2908/183/879 2910/179/879 2911/178/879 2909/180/879
f 2912/163/876 2914/157/876 2915/156/876 2913/160/876
f 2916/300/873 2918/302/873 2919/301/873 2917/299/873
f 2920/305/869 2922/307/869 2923/306/869 2921/304/869
f 2924/309/866 2926/311/866 2927/310/866 2925/308/866
f 2928/313/863 2930/315/863 2931/314/863 2929/312/863
f 2932/316/859 2934/187/859 2935/186/859 2933/188/859
f 2711/223/817 2838/223/817 2836/158/817 2708/158/817
f 2760/272/825 2888/272/825 2889/271/825 2761/271/825
f 2709/159/819 2837/159/819 2839/222/819 2710/222/819
f 2763/274/820 2890/274/820 2888/272/820 2760/272/820
f 2710/222/815 2839/222/815 2838/223/815 2711/223/815
f 2761/271/1937 2889/271/1937 2891/273/1937 2762/273/1937
f 2684/196/828 2812/196/828 2813/195/828 2685/195/828
f 2762/273/1938 2891/273/1938 2890/274/1938 2763/274/1938
f 2687/198/824 2814/198/824 2812/196/824 2684/196/824
f 2736/248/1939 2864/248/1939 2865/247/1939 2737/247/1939
f 2685/195/826 2813/195/826 2815/197/826 2686/197/826
f 2739/250/829 2866/250/829 2864/248/829 2736/248/829
f 2788/300/836 2916/300/836 2917/299/836 2789/299/836
f 2686/197/821 2815/197/821 2814/198/821 2687/198/821
f 2737/247/831 2865/247/831 2867/249/831 2738/249/831
f 2791/302/1940 2918/302/1940 2916/300/1940 2788/300/1940
f 2738/249/827 2867/249/827 2866/250/827 2739/250/827
f 2789/299/834 2917/299/834 2919/301/834 2790/301/834
f 2712/226/841 2840/226/841 2841/225/841 2713/225/841
f 2790/301/1941 2919/301/1941 2918/302/1941 2791/302/1941
f 2715/228/837 2842/228/837 2840/226/837 2712/226/837
f 2764/277/844 2892/277/844 2893/276/844 2765/276/844
f 2713/225/839 2841/225/839 2843/227/839 2714/227/839
f 2767/279/1942 2894/279/1942 2892/277/1942 2764/277/1942
f 2714/227/835 2843/227/835 2842/228/835 2715/228/835
f 2765/276/842 2893/276/842 2895/278/842 2766/278/842
f 2688/202/1943 2816/202/1943 2817/201/1943 2689/201/1943
f 2766/278/838 2895/278/838 2894/279/838 2767/279/838
f 2691/204/845 2818/204/845 2816/202/845 2688/202/845
f 2740/253/1036 2868/253/1036 2869/252/1036 2741/252/1036
f 2689/201/1042 2817/201/1042 2819/203/1042 2690/203/1042
f 2743/255/1041 2870/255/1041 2868/253/1041 2740/253/1041
f 2792/305/1033 2920/305/1033 2921/304/1033 2793/304/1033
f 2690/203/843 2819/203/843 2818/204/843 2691/204/843
f 2741/252/1944 2869/252/1944 2871/254/1944 2742/254/1944
f 2795/307/1945 2922/307/1945 2920/305/1945 2792/305/1945
f 2742/254/846 2871/254/846 2870/255/846 2743/255/846
f 2793/304/1035 2921/304/1035 2923/306/1035 2794/306/1035
f 2716/231/1028 2844/231/1028 2845/230/1028 2717/230/1028
f 2794/306/1040 2923/306/1040 2922/307/1040 2795/307/1040
f 2719/233/1032 2846/233/1032 2844/231/1032 2716/231/1032
f 2768/282/1025 2896/282/1025 2897/281/1025 2769/281/1025
f 2717/230/1030 2845/230/1030 2847/232/1030 2718/232/1030
f 2771/284/1029 2898/284/1029 2896/282/1029 2768/282/1029
f 2718/232/1034 2847/232/1034 2846/233/1034 2719/233/1034
f 2769/281/1027 2897/281/1027 2899/283/1027 2770/283/1027
f 2692/207/1019 2820/207/1019 2821/206/1019 2693/206/1019
f 2770/283/1946 2899/283/1946 2898/284/1946 2771/284/1946
f 2695/209/1947 2822/209/1947 2820/207/1947 2692/207/1947
f 2744/258/1016 2872/258/1016 2873/257/1016 2745/257/1016
f 2693/206/1022 2821/206/1022 2823/208/1022 2694/208/1022
f 2747/260/1021 2874/260/1021 2872/258/1021 2744/258/1021
f 2796/309/1948 2924/309/1948 2925/308/1948 2797/308/1948
f 2694/208/1026 2823/208/1026 2822/209/1026 2695/209/1026
f 2745/257/1018 2873/257/1018 2875/259/1018 2746/259/1018
f 2799/311/1017 2926/311/1017 2924/309/1017 2796/309/1017
f 2746/259/1949 2875/259/1949 2874/260/1949 2747/260/1949
f 2797/308/1015 2925/308/1015 2927/310/1015 2798/310/1015
f 2720/236/1008 2848/236/1008 2849/235/1008 2721/235/1008
f 2798/310/1020 2927/310/1020 2926/311/1020 2799/311/1020
f 2723/238/1012 2850/238/1012 2848/236/1012 2720/236/1012
f 2772/287/1005 2900/287/1005 2901/286/1005 2773/286/1005
f 2721/235/1010 2849/235/1010 2851/237/1010 2722/237/1010
f 2775/289/1009 2902/289/1009 2900/287/1009 2772/287/1009
f 2722/237/1014 2851/237/1014 2850/238/1014 2723/238/1014
f 2773/286/1007 2901/286/1007 2903/288/1007 2774/288/1007
f 2696/212/1950 2824/212/1950 2825/211/1950 2697/211/1950
f 2774/288/1011 2903/288/1011 2902/289/1011 2775/289/1011
f 2699/214/1004 2826/214/1004 2824/212/1004 2696/212/1004
f 2748/263/996 2876/263/996 2877/262/996 2749/262/996
f 2697/211/1002 2825/211/1002 2827/213/1002 2698/213/1002
f 2751/265/1001 2878/265/1001 2876/263/1001 2748/263/1001
f 2800/313/993 2928/313/993 2929/312/993 2801/312/993
f 2698/213/1006 2827/213/1006 2826/214/1006 2699/214/1006
f 2749/262/998 2877/262/998 2879/264/998 2750/264/998
f 2803/315/997 2930/315/997 2928/313/997 2800/313/997
f 2750/264/1951 2879/264/1951 2878/265/1951 2751/265/1951
f 2801/312/1952 2929/312/1952 2931/314/1952 2802/314/1952
f 2724/241/988 2852/241/988 2853/240/988 2725/240/988
f 2802/314/1000 2931/314/1000 2930/315/1000 2803/315/1000
f 2727/243/992 2854/243/992 2852/241/992 2724/241/992
f 2776/292/1953 2904/292/1953 2905/291/1953 2777/291/1953
f 2725/240/990 2853/240/990 2855/242/990 2726/242/990
f 2779/294/989 2906/294/989 2904/292/989 2776/292/989
f 2726/242/1954 2855/242/1954 2854/243/1954 2727/243/1954
f 2777/291/987 2905/291/987 2907/293/987 2778/293/987
f 2700/217/979 2828/217/979 2829/216/979 2701/216/979
f 2778/293/991 2907/293/991 2906/294/991 2779/294/991
f 2703/219/984 2830/219/984 2828/217/984 2700/217/984
f 2752/268/976 2880/268/976 2881/267/976 2753/267/976
f 2701/216/1955 2829/216/1955 2831/218/1955 2702/218/1955
f 2755/190/1956 2882/190/1956 2880/268/1956 2752/268/1956
f 2804/316/1957 2932/316/1957 2933/188/1957 2805/188/1957
f 2702/218/986 2831/218/986 2830/219/986 2703/219/986
f 2753/267/978 2881/267/978 2883/189/978 2754/189/978
f 2807/187/977 2934/187/977 2932/316/977 2804/316/977
f 2525/296/1043 2936/318/1106 2937/317/1106 2526/133/737
f 2526/133/737 2937/317/1106 3076/319/1106 2528/132/712
f 2528/132/712 3076/319/1106 2938/320/1106 2527/297/1105
f 2527/297/1105 2938/320/1106 2936/318/1106 2525/296/1043
f 2527/297/1105 3078/322/1104 3077/321/1104 2528/132/712
f 2528/132/712 3077/321/1104 2939/323/1104 2530/141/713
f 2530/141/713 2939/323/1104 3079/324/1104 2529/191/1103
f 2529/191/1103 3079/324/1104 3078/322/1104 2527/297/1105
f 2529/191/1103 2940/326/1102 2941/325/1102 2530/141/713
f 2530/141/713 2941/325/1102 3081/327/1102 2532/148/758
f 2532/148/758 3081/327/1102 3080/328/1102 2531/192/1101
f 2531/192/1101 3080/328/1102 2940/326/1102 2529/191/1103
f 2531/192/1101 3083/330/1100 3082/329/1100 2532/148/758
f 2532/148/758 3082/329/1100 2942/331/1100 2534/129/744
f 2534/129/744 2942/331/1100 3084/332/1100 2533/205/1099
f 2533/205/1099 3084/332/1100 3083/330/1100 2531/192/1101
f 2533/205/1099 3086/334/1098 3085/333/1098 2534/129/744
f 2534/129/744 3085/333/1098 3088/335/1098 2536/128/724
f 2536/128/724 3088/335/1098 3087/336/1098 2535/220/1097
f 2535/220/1097 3087/336/1098 3086/334/1098 2533/205/1099
f 2535/220/1097 2943/338/1096 2944/337/1096 2536/128/724
f 2536/128/724 2944/337/1096 3090/339/1096 2538/138/725
f 2538/138/725 3090/339/1096 3089/340/1096 2537/229/1095
f 2537/229/1095 3089/340/1096 2943/338/1096 2535/220/1097
f 2537/229/1095 2945/342/1094 2946/341/1094 2538/138/725
f 2538/138/725 2946/341/1094 2947/343/1094 2540/145/764
f 2540/145/764 2947/343/1094 2948/344/1094 2539/239/1093
f 2539/239/1093 2948/344/1094 2945/342/1094 2537/229/1095
f 2539/239/1093 3091/346/1092 2949/345/1092 2540/145/764
f 2540/145/764 2949/345/1092 3092/347/1092 2542/123/750
f 2542/123/750 3092/347/1092 2950/348/1092 2541/245/1091
f 2541/245/1091 2950/348/1092 3091/346/1092 2539/239/1093
f 2541/245/1091 3093/350/1090 2951/349/1090 2542/123/750
f 2542/123/750 2951/349/1090 2952/351/1090 2544/122/734
f 2544/122/734 2952/351/1090 2953/352/1090 2543/251/1089
f 2543/251/1089 2953/352/1090 3093/350/1090 2541/245/1091
f 2543/251/1089 2954/354/1088 3094/353/1088 2544/122/734
f 2544/122/734 3094/353/1088 3095/355/1088 2546/135/708
f 2546/135/708 3095/355/1088 2955/356/1088 2545/261/1087
f 2545/261/1087 2955/356/1088 2954/354/1088 2543/251/1089
f 2545/261/1087 2956/358/1086 2957/357/1086 2546/135/708
f 2546/135/708 2957/357/1086 3097/359/1086 2548/142/709
f 2548/142/709 3097/359/1086 3096/360/1086 2547/269/1085
f 2547/269/1085 3096/360/1086 2956/358/1086 2545/261/1087
f 2547/269/1085 2958/362/1084 2959/361/1084 2548/142/709
f 2548/142/709 2959/361/1084 3098/363/1084 2550/117/756
f 2550/117/756 3098/363/1084 2960/364/1084 2549/275/1083
f 2549/275/1083 2960/364/1084 2958/362/1084 2547/269/1085
f 2549/275/1083 3100/366/1082 3099/365/1082 2550/117/756
f 2550/117/756 3099/365/1082 3101/367/1082 2552/116/742
f 2552/116/742 3101/367/1082 2961/368/1082 2551/285/1081
f 2551/285/1081 2961/368/1082 3100/366/1082 2549/275/1083
f 2551/285/1081 2962/370/1080 3102/369/1080 2552/116/742
f 2552/116/742 3102/369/1080 2963/371/1080 2554/130/720
f 2554/130/720 2963/371/1080 2964/372/1080 2553/295/1079
f 2553/295/1079 2964/372/1080 2962/370/1080 2551/285/1081
f 2553/295/1079 3103/374/1078 2965/373/1078 2554/130/720
f 2554/130/720 2965/373/1078 2966/375/1078 2556/139/721
f 2556/139/721 2966/375/1078 2967/376/1078 2555/303/1077
f 2555/303/1077 2967/376/1078 3103/374/1078 2553/295/1079
f 2555/303/1077 2968/378/1076 2969/377/1076 2556/139/721
f 2556/139/721 2969/377/1076 2970/379/1076 2558/146/762
f 2558/146/762 2970/379/1076 3104/380/1076 2557/199/1075
f 2557/199/1075 3104/380/1076 2968/378/1076 2555/303/1077
f 2557/199/1075 2971/382/1074 2972/381/1074 2558/146/762
f 2558/146/762 2972/381/1074 2973/383/1074 2560/125/748
f 2560/125/748 2973/383/1074 3105/384/1074 2559/200/1073
f 2559/200/1073 3105/384/1074 2971/382/1074 2557/199/1075
f 2559/200/1073 2974/386/1072 2975/385/1072 2560/125/748
f 2560/125/748 2975/385/1072 3106/387/1072 2562/124/732
f 2562/124/732 3106/387/1072 2976/388/1072 2561/215/1071
f 2561/215/1071 2976/388/1072 2974/386/1072 2559/200/1073
f 2561/215/1071 2977/390/1070 2978/389/1070 2562/124/732
f 2562/124/732 2978/389/1070 3108/391/1070 2564/136/704
f 2564/136/704 3108/391/1070 3107/392/1070 2563/224/1069
f 2563/224/1069 3107/392/1070 2977/390/1070 2561/215/1071
f 2563/224/1069 2979/394/1068 2980/393/1068 2564/136/704
f 2564/136/704 2980/393/1068 3110/395/1068 2566/143/705
f 2566/143/705 3110/395/1068 3109/396/1068 2565/234/1067
f 2565/234/1067 3109/396/1068 2979/394/1068 2563/224/1069
f 2565/234/1067 3112/398/1066 3111/397/1066 2566/143/705
f 2566/143/705 3111/397/1066 3114/399/1066 2568/119/754
f 2568/119/754 3114/399/1066 3113/400/1066 2567/244/1065
f 2567/244/1065 3113/400/1066 3112/398/1066 2565/234/1067
f 2567/244/1065 2981/402/1064 2982/401/1064 2568/119/754
f 2568/119/754 2982/401/1064 2983/403/1064 2570/118/740
f 2570/118/740 2983/403/1064 2984/404/1064 2569/246/1063
f 2569/246/1063 2984/404/1064 2981/402/1064 2567/244/1065
f 2569/246/1063 3116/406/1062 3115/405/1062 2570/118/740
f 2570/118/740 3115/405/1062 3117/407/1062 2572/131/716
f 2572/131/716 3117/407/1062 2985/408/1062 2571/256/1061
f 2571/256/1061 2985/408/1062 3116/406/1062 2569/246/1063
f 2571/256/1061 2986/410/1060 3118/409/1060 2572/131/716
f 2572/131/716 3118/409/1060 3120/411/1060 2574/140/717
f 2574/140/717 3120/411/1060 3119/412/1060 2573/266/1059
f 2573/266/1059 3119/412/1060 2986/410/1060 2571/256/1061
f 2573/266/1059 2987/414/1058 3121/413/1058 2574/140/717
f 2574/140/717 3121/413/1058 3122/415/1058 2576/147/760
f 2576/147/760 3122/415/1058 2988/416/1058 2575/270/1057
f 2575/270/1057 2988/416/1058 2987/414/1058 2573/266/1059
f 2575/270/1057 3123/418/1056 2989/417/1056 2576/147/760
f 2576/147/760 2989/417/1056 3124/419/1056 2578/127/746
f 2578/127/746 3124/419/1056 2990/420/1056 2577/280/1055
f 2577/280/1055 2990/420/1056 3123/418/1056 2575/270/1057
f 2577/280/1055 2991/422/1054 2992/421/1054 2578/127/746
f 2578/127/746 2992/421/1054 2993/423/1054 2580/126/728
f 2580/126/728 2993/423/1054 2994/424/1054 2579/290/1053
f 2579/290/1053 2994/424/1054 2991/422/1054 2577/280/1055
f 2579/290/1053 2995/426/1052 2996/425/1052 2580/126/728
f 2580/126/728 2996/425/1052 2997/427/1052 2582/137/729
f 2582/137/729 2997/427/1052 2998/428/1052 2581/298/1051
f 2581/298/1051 2998/428/1052 2995/426/1052 2579/290/1053
f 2581/298/1051 2999/430/1050 3125/429/1050 2582/137/729
f 2582/137/729 3125/429/1050 3127/431/1050 2584/144/766
f 2584/144/766 3127/431/1050 3126/432/1050 2583/193/1049
f 2583/193/1049 3126/432/1050 2999/430/1050 2581/298/1051
f 2583/193/1049 3128/434/1048 3000/433/1048 2584/144/766
f 2584/144/766 3000/433/1048 3130/435/1048 2586/121/752
f 2586/121/752 3130/435/1048 3129/436/1048 2585/194/1047
f 2585/194/1047 3129/436/1048 3128/434/1048 2583/193/1049
f 2585/194/1047 3131/438/1046 3001/437/1046 2586/121/752
f 2586/121/752 3001/437/1046 3133/439/1046 2588/120/736
f 2588/120/736 3133/439/1046 3132/440/1046 2587/210/1045
f 2587/210/1045 3132/440/1046 3131/438/1046 2585/194/1047
f 2587/210/1045 3135/442/1044 3134/441/1044 2588/120/736
f 2588/120/736 3134/441/1044 3136/443/1044 2526/134/737
f 2526/134/737 3136/443/1044 3002/444/1044 2525/221/1043
f 2525/221/1043 3002/444/1044 3135/442/1044 2587/210/1045
f 2541/245/1091 3003/446/1090 3137/445/1090 2543/251/1089
f 2543/251/1089 3137/445/1090 3139/445/1090 2646/251/903
f 2646/251/903 3139/445/1090 3138/447/1090 2645/245/909
f 2645/245/909 3138/447/1090 3003/446/1090 2541/245/1091
f 2559/200/1073 3140/449/1072 3004/448/1072 2561/215/1071
f 2561/215/1071 3004/448/1072 3141/450/1072 2655/215/931
f 2655/215/931 3141/450/1072 3005/451/1072 2654/200/941
f 2654/200/941 3005/451/1072 3140/449/1072 2559/200/1073
f 2577/280/1055 3006/453/1054 3007/452/1054 2579/290/1053
f 2579/290/1053 3007/452/1054 3008/452/1054 2664/290/871
f 2664/290/871 3008/452/1054 3009/454/1054 2663/280/881
f 2663/280/881 3009/454/1054 3006/453/1054 2577/280/1055
f 2533/205/1099 3010/456/1098 3142/455/1098 2535/220/1097
f 2535/220/1097 3142/455/1098 3011/457/1098 2642/220/928
f 2642/220/928 3011/457/1098 3012/456/1098 2641/205/937
f 2641/205/937 3012/456/1098 3010/456/1098 2533/205/1099
f 2551/285/1081 3013/459/1080 3014/458/1080 2553/295/1079
f 2553/295/1079 3014/458/1080 3015/458/1080 2651/295/868
f 2651/295/868 3015/458/1080 3143/459/1080 2650/285/878
f 2650/285/878 3143/459/1080 3013/459/1080 2551/285/1081
f 2569/246/1063 3016/461/1062 3144/460/1062 2571/256/1061
f 2571/256/1061 3144/460/1062 3145/462/1062 2660/256/900
f 2660/256/900 3145/462/1062 3017/461/1062 2659/246/906
f 2659/246/906 3017/461/1062 3016/461/1062 2569/246/1063
f 2525/296/1043 3146/464/1106 3147/463/1106 2527/297/1105
f 2527/297/1105 3147/463/1106 3149/465/1106 2638/297/865
f 2638/297/865 3149/465/1106 3148/464/1106 2637/296/875
f 2637/296/875 3148/464/1106 3146/464/1106 2525/296/1043
f 2587/210/1045 3018/467/1044 3019/466/1044 2525/221/1043
f 2525/221/1043 3019/466/1044 3151/468/1044 2637/221/875
f 2637/221/875 3151/468/1044 3150/467/1044 2668/210/934
f 2668/210/934 3150/467/1044 3018/467/1044 2587/210/1045
f 2543/251/1089 3020/470/1088 3152/469/1088 2545/261/1087
f 2545/261/1087 3152/469/1088 3021/469/1088 2647/261/897
f 2647/261/897 3021/469/1088 3153/471/1088 2646/251/903
f 2646/251/903 3153/471/1088 3020/470/1088 2543/251/1089
f 2561/215/1071 3154/473/1070 3022/472/1070 2563/224/1069
f 2563/224/1069 3022/472/1070 3023/474/1070 2656/224/924
f 2656/224/924 3023/474/1070 3024/473/1070 2655/215/931
f 2655/215/931 3024/473/1070 3154/473/1070 2561/215/1071
f 2579/290/1053 3155/476/1052 3156/475/1052 2581/298/1051
f 2581/298/1051 3156/475/1052 3025/475/1052 2665/298/862
f 2665/298/862 3025/475/1052 3026/477/1052 2664/290/871
f 2664/290/871 3026/477/1052 3155/476/1052 2579/290/1053
f 2535/220/1097 3157/479/1096 3027/478/1096 2537/229/1095
f 2537/229/1095 3027/478/1096 3158/480/1096 2643/229/921
f 2643/229/921 3158/480/1096 3028/479/1096 2642/220/928
f 2642/220/928 3028/479/1096 3157/479/1096 2535/220/1097
f 2553/295/1079 3029/482/1078 3159/481/1078 2555/303/1077
f 2555/303/1077 3159/481/1078 3161/483/1078 2652/303/858
f 2652/303/858 3161/483/1078 3160/484/1078 2651/295/868
f 2651/295/868 3160/484/1078 3029/482/1078 2553/295/1079
f 2571/256/1061 3030/486/1060 3031/485/1060 2573/266/1059
f 2573/266/1059 3031/485/1060 3032/485/1060 2661/266/894
f 2661/266/894 3032/485/1060 3033/486/1060 2660/256/900
f 2660/256/900 3033/486/1060 3030/486/1060 2571/256/1061
f 2527/297/1105 3034/488/1104 3162/487/1104 2529/191/1103
f 2529/191/1103 3162/487/1104 3164/487/1104 2639/191/853
f 2639/191/853 3164/487/1104 3163/489/1104 2638/297/865
f 2638/297/865 3163/489/1104 3034/488/1104 2527/297/1105
f 2545/261/1087 3035/491/1086 3165/490/1086 2547/269/1085
f 2547/269/1085 3165/490/1086 3166/492/1086 2648/269/891
f 2648/269/891 3166/492/1086 3036/493/1086 2647/261/897
f 2647/261/897 3036/493/1086 3035/491/1086 2545/261/1087
f 2563/224/1069 3167/495/1068 3037/494/1068 2565/234/1067
f 2565/234/1067 3037/494/1068 3038/496/1068 2657/234/918
f 2657/234/918 3038/496/1068 3168/497/1068 2656/224/924
f 2656/224/924 3168/497/1068 3167/495/1068 2563/224/1069
f 2581/298/1051 3039/499/1050 3169/498/1050 2583/193/1049
f 2583/193/1049 3169/498/1050 3171/498/1050 2666/193/848
f 2666/193/848 3171/498/1050 3170/499/1050 2665/298/862
f 2665/298/862 3170/499/1050 3039/499/1050 2581/298/1051
f 2537/229/1095 3040/501/1094 3041/500/1094 2539/239/1093
f 2539/239/1093 3041/500/1094 3042/502/1094 2644/239/915
f 2644/239/915 3042/502/1094 3043/503/1094 2643/229/921
f 2643/229/921 3043/503/1094 3040/501/1094 2537/229/1095
f 2555/303/1077 3044/505/1076 3045/504/1076 2557/199/1075
f 2557/199/1075 3045/504/1076 3172/506/1076 2653/199/857
f 2653/199/857 3172/506/1076 3046/505/1076 2652/303/858
f 2652/303/858 3046/505/1076 3044/505/1076 2555/303/1077
f 2573/266/1059 3047/508/1058 3048/507/1058 2575/270/1057
f 2575/270/1057 3048/507/1058 3049/507/1058 2662/270/887
f 2662/270/887 3049/507/1058 3050/509/1058 2661/266/894
f 2661/266/894 3050/509/1058 3047/508/1058 2573/266/1059
f 2529/191/1103 3051/511/1102 3173/510/1102 2531/192/1101
f 2531/192/1101 3173/510/1102 3175/510/1102 2640/192/852
f 2640/192/852 3175/510/1102 3174/512/1102 2639/191/853
f 2639/191/853 3174/512/1102 3051/511/1102 2529/191/1103
f 2547/269/1085 3176/514/1084 3177/513/1084 2549/275/1083
f 2549/275/1083 3177/513/1084 3179/515/1084 2649/275/884
f 2649/275/884 3179/515/1084 3178/516/1084 2648/269/891
f 2648/269/891 3178/516/1084 3176/514/1084 2547/269/1085
f 2565/234/1067 3052/518/1066 3053/517/1066 2567/244/1065
f 2567/244/1065 3053/517/1066 3054/517/1066 2658/244/912
f 2658/244/912 3054/517/1066 3055/519/1066 2657/234/918
f 2657/234/918 3055/519/1066 3052/518/1066 2565/234/1067
f 2583/193/1049 3056/521/1048 3057/520/1048 2585/194/1047
f 2585/194/1047 3057/520/1048 3058/522/1048 2667/194/847
f 2667/194/847 3058/522/1048 3059/521/1048 2666/193/848
f 2666/193/848 3059/521/1048 3056/521/1048 2583/193/1049
f 2539/239/1093 3180/524/1092 3181/523/1092 2541/245/1091
f 2541/245/1091 3181/523/1092 3060/525/1092 2645/245/909
f 2645/245/909 3060/525/1092 3061/526/1092 2644/239/915
f 2644/239/915 3061/526/1092 3180/524/1092 2539/239/1093
f 2557/199/1075 3182/528/1074 3062/527/1074 2559/200/1073
f 2559/200/1073 3062/527/1074 3063/529/1074 2654/200/941
f 2654/200/941 3063/529/1074 3183/530/1074 2653/199/857
f 2653/199/857 3183/530/1074 3182/528/1074 2557/199/1075
f 2575/270/1057 3064/532/1056 3065/531/1056 2577/280/1055
f 2577/280/1055 3065/531/1056 3066/531/1056 2663/280/881
f 2663/280/881 3066/531/1056 3184/532/1056 2662/270/887
f 2662/270/887 3184/532/1056 3064/532/1056 2575/270/1057
f 2531/192/1101 3067/534/1100 3185/533/1100 2533/205/1099
f 2533/205/1099 3185/533/1100 3068/535/1100 2641/205/937
f 2641/205/937 3068/535/1100 3069/534/1100 2640/192/852
f 2640/192/852 3069/534/1100 3067/534/1100 2531/192/1101
f 2549/275/1083 3070/537/1082 3071/536/1082 2551/285/1081
f 2551/285/1081 3071/536/1082 3186/536/1082 2650/285/878
f 2650/285/878 3186/536/1082 3072/538/1082 2649/275/884
f 2649/275/884 3072/538/1082 3070/537/1082 2549/275/1083
f 2567/244/1065 3187/540/1064 3188/539/1064 2569/246/1063
f 2569/246/1063 3188/539/1064 3073/541/1064 2659/246/906
f 2659/246/906 3073/541/1064 3189/540/1064 2658/244/912
f 2658/244/912 3189/540/1064 3187/540/1064 2567/244/1065
f 2585/194/1047 3074/543/1046 3190/542/1046 2587/210/1045
f 2587/210/1045 3190/542/1046 3191/542/1046 2668/210/934
f 2668/210/934 3191/542/1046 3075/543/1046 2667/194/847
f 2667/194/847 3075/543/1046 3074/543/1046 2585/194/1047
f 3192/318/1106 3195/320/1106 3194/319/1106 3193/317/1106
f 2937/317/1090 2936/318/1090 3192/318/1090 3193/317/1090
f 3076/319/1107 2937/317/1107 3193/317/1107 3194/319/1107
f 2938/320/1058 3076/319/1058 3194/319/1058 3195/320/1058
f 2936/318/1108 2938/320/1108 3195/320/1108 3192/318/1108
f 3196/322/1104 3199/324/1104 3198/323/1104 3197/321/1104
f 3077/321/1088 3078/322/1088 3196/322/1088 3197/321/1088
f 2939/323/1107 3077/321/1107 3197/321/1107 3198/323/1107
f 3079/324/1056 2939/323/1056 3198/323/1056 3199/324/1056
f 3078/322/1108 3079/324/1108 3199/324/1108 3196/322/1108
f 3200/326/1102 3203/328/1102 3202/327/1102 3201/325/1102
f 2941/325/1086 2940/326/1086 3200/326/1086 3201/325/1086
f 3081/327/1107 2941/325/1107 3201/325/1107 3202/327/1107
f 3080/328/1054 3081/327/1054 3202/327/1054 3203/328/1054
f 2940/326/1108 3080/328/1108 3203/328/1108 3200/326/1108
f 3204/330/1100 3207/332/1100 3206/331/1100 3205/329/1100
f 3082/329/1084 3083/330/1084 3204/330/1084 3205/329/1084
f 2942/331/1107 3082/329/1107 3205/329/1107 3206/331/1107
f 3084/332/1052 2942/331/1052 3206/331/1052 3207/332/1052
f 3083/330/1108 3084/332/1108 3207/332/1108 3204/330/1108
f 3208/334/1098 3211/336/1098 3210/335/1098 3209/333/1098
f 3085/333/1082 3086/334/1082 3208/334/1082 3209/333/1082
f 3088/335/1107 3085/333/1107 3209/333/1107 3210/335/1107
f 3087/336/1050 3088/335/1050 3210/335/1050 3211/336/1050
f 3086/334/1108 3087/336/1108 3211/336/1108 3208/334/1108
f 3212/338/1096 3215/340/1096 3214/339/1096 3213/337/1096
f 2944/337/1080 2943/338/1080 3212/338/1080 3213/337/1080
f 3090/339/1107 2944/337/1107 3213/337/1107 3214/339/1107
f 3089/340/1048 3090/339/1048 3214/339/1048 3215/340/1048
f 2943/338/1108 3089/340/1108 3215/340/1108 3212/338/1108
f 3216/342/1094 3219/344/1094 3218/343/1094 3217/341/1094
f 2946/341/1078 2945/342/1078 3216/342/1078 3217/341/1078
f 2947/343/1107 2946/341/1107 3217/341/1107 3218/343/1107
f 2948/344/1046 2947/343/1046 3218/343/1046 3219/344/1046
f 2945/342/1108 2948/344/1108 3219/344/1108 3216/342/1108
f 3220/346/1092 3223/348/1092 3222/347/1092 3221/345/1092
f 2949/345/1076 3091/346/1076 3220/346/1076 3221/345/1076
f 3092/347/1107 2949/345/1107 3221/345/1107 3222/347/1107
f 2950/348/1044 3092/347/1044 3222/347/1044 3223/348/1044
f 3091/346/1108 2950/348/1108 3223/348/1108 3220/346/1108
f 3224/350/1090 3227/352/1090 3226/351/1090 3225/349/1090
f 2951/349/1074 3093/350/1074 3224/350/1074 3225/349/1074
f 2952/351/1107 2951/349/1107 3225/349/1107 3226/351/1107
f 2953/352/1106 2952/351/1106 3226/351/1106 3227/352/1106
f 3093/350/1108 2953/352/1108 3227/352/1108 3224/350/1108
f 3228/354/1088 3231/356/1088 3230/355/1088 3229/353/1088
f 3094/353/1072 2954/354/1072 3228/354/1072 3229/353/1072
f 3095/355/1107 3094/353/1107 3229/353/1107 3230/355/1107
f 2955/356/1104 3095/355/1104 3230/355/1104 3231/356/1104
f 2954/354/1108 2955/356/1108 3231/356/1108 3228/354/1108
f 3232/358/1086 3235/360/1086 3234/359/1086 3233/357/1086
f 2957/357/1070 2956/358/1070 3232/358/1070 3233/357/1070
f 3097/359/1107 2957/357/1107 3233/357/1107 3234/359/1107
f 3096/360/1102 3097/359/1102 3234/359/1102 3235/360/1102
f 2956/358/1108 3096/360/1108 3235/360/1108 3232/358/1108
f 3236/362/1084 3239/364/1084 3238/363/1084 3237/361/1084
f 2959/361/1068 2958/362/1068 3236/362/1068 3237/361/1068
f 3098/363/1107 2959/361/1107 3237/361/1107 3238/363/1107
f 2960/364/1100 3098/363/1100 3238/363/1100 3239/364/1100
f 2958/362/1108 2960/364/1108 3239/364/1108 3236/362/1108
f 3240/366/1082 3243/368/1082 3242/367/1082 3241/365/1082
f 3099/365/1066 3100/366/1066 3240/366/1066 3241/365/1066
f 3101/367/1107 3099/365/1107 3241/365/1107 3242/367/1107
f 2961/368/1098 3101/367/1098 3242/367/1098 3243/368/1098
f 3100/366/1108 2961/368/1108 3243/368/1108 3240/366/1108
f 3244/370/1080 3247/372/1080 3246/371/1080 3245/369/1080
f 3102/369/1064 2962/370/1064 3244/370/1064 3245/369/1064
f 2963/371/1107 3102/369/1107 3245/369/1107 3246/371/1107
f 2964/372/1096 2963/371/1096 3246/371/1096 3247/372/1096
f 2962/370/1108 2964/372/1108 3247/372/1108 3244/370/1108
f 3248/374/1078 3251/376/1078 3250/375/1078 3249/373/1078
f 2965/373/1062 3103/374/1062 3248/374/1062 3249/373/1062
f 2966/375/1107 2965/373/1107 3249/373/1107 3250/375/1107
f 2967/376/1094 2966/375/1094 3250/375/1094 3251/376/1094
f 3103/374/1108 2967/376/1108 3251/376/1108 3248/374/1108
f 3252/378/1076 3255/380/1076 3254/379/1076 3253/377/1076
f 2969/377/1060 2968/378/1060 3252/378/1060 3253/377/1060
f 2970/379/1107 2969/377/1107 3253/377/1107 3254/379/1107
f 3104/380/1092 2970/379/1092 3254/379/1092 3255/380/1092
f 2968/378/1108 3104/380/1108 3255/380/1108 3252/378/1108
f 3256/382/1074 3259/384/1074 3258/383/1074 3257/381/1074
f 2972/381/1058 2971/382/1058 3256/382/1058 3257/381/1058
f 2973/383/1107 2972/381/1107 3257/381/1107 3258/383/1107
f 3105/384/1090 2973/383/1090 3258/383/1090 3259/384/1090
f 2971/382/1108 3105/384/1108 3259/384/1108 3256/382/1108
f 3260/386/1072 3263/388/1072 3262/387/1072 3261/385/1072
f 2975/385/1056 2974/386/1056 3260/386/1056 3261/385/1056
f 3106/387/1107 2975/385/1107 3261/385/1107 3262/387/1107
f 2976/388/1088 3106/387/1088 3262/387/1088 3263/388/1088
f 2974/386/1108 2976/388/1108 3263/388/1108 3260/386/1108
f 3264/390/1070 3267/392/1070 3266/391/1070 3265/389/1070
f 2978/389/1054 2977/390/1054 3264/390/1054 3265/389/1054
f 3108/391/1107 2978/389/1107 3265/389/1107 3266/391/1107
f 3107/392/1086 3108/391/1086 3266/391/1086 3267/392/1086
f 2977/390/1108 3107/392/1108 3267/392/1108 3264/390/1108
f 3268/394/1068 3271/396/1068 3270/395/1068 3269/393/1068
f 2980/393/1052 2979/394/1052 3268/394/1052 3269/393/1052
f 3110/395/1107 2980/393/1107 3269/393/1107 3270/395/1107
f 3109/396/1084 3110/395/1084 3270/395/1084 3271/396/1084
f 2979/394/1108 3109/396/1108 3271/396/1108 3268/394/1108
f 3272/398/1066 3275/400/1066 3274/399/1066 3273/397/1066
f 3111/397/1050 3112/398/1050 3272/398/1050 3273/397/1050
f 3114/399/1107 3111/397/1107 3273/397/1107 3274/399/1107
f 3113/400/1082 3114/399/1082 3274/399/1082 3275/400/1082
f 3112/398/1108 3113/400/1108 3275/400/1108 3272/398/1108
f 3276/402/1064 3279/404/1064 3278/403/1064 3277/401/1064
f 2982/401/1048 2981/402/1048 3276/402/1048 3277/401/1048
f 2983/403/1107 2982/401/1107 3277/401/1107 3278/403/1107
f 2984/404/1080 2983/403/1080 3278/403/1080 3279/404/1080
f 2981/402/1108 2984/404/1108 3279/404/1108 3276/402/1108
f 3280/406/1062 3283/408/1062 3282/407/1062 3281/405/1062
f 3115/405/1046 3116/406/1046 3280/406/1046 3281/405/1046
f 3117/407/1107 3115/405/1107 3281/405/1107 3282/407/1107
f 2985/408/1078 3117/407/1078 3282/407/1078 3283/408/1078
f 3116/406/1108 2985/408/1108 3283/408/1108 3280/406/1108
f 3284/410/1060 3287/412/1060 3286/411/1060 3285/409/1060
f 3118/409/1044 2986/410/1044 3284/410/1044 3285/409/1044
f 3120/411/1107 3118/409/1107 3285/409/1107 3286/411/1107
f 3119/412/1076 3120/411/1076 3286/411/1076 3287/412/1076
f 2986/410/1108 3119/412/1108 3287/412/1108 3284/410/1108
f 3288/414/1058 3291/416/1058 3290/415/1058 3289/413/1058
f 3121/413/1106 2987/414/1106 3288/414/1106 3289/413/1106
f 3122/415/1107 3121/413/1107 3289/413/1107 3290/415/1107
f 2988/416/1074 3122/415/1074 3290/415/1074 3291/416/1074
f 2987/414/1108 2988/416/1108 3291/416/1108 3288/414/1108
f 3292/418/1056 3295/420/1056 3294/419/1056 3293/417/1056
f 2989/417/1104 3123/418/1104 3292/418/1104 3293/417/1104
f 3124/419/1107 2989/417/1107 3293/417/1107 3294/419/1107
f 2990/420/1072 3124/419/1072 3294/419/1072 3295/420/1072
f 3123/418/1108 2990/420/1108 3295/420/1108 3292/418/1108
f 3296/422/1054 3299/424/1054 3298/423/1054 3297/421/1054
f 2992/421/1102 2991/422/1102 3296/422/1102 3297/421/1102
f 2993/423/1107 2992/421/1107 3297/421/1107 3298/423/1107
f 2994/424/1070 2993/423/1070 3298/423/1070 3299/424/1070
f 2991/422/1108 2994/424/1108 3299/424/1108 3296/422/1108
f 3300/426/1052 3303/428/1052 3302/427/1052 3301/425/1052
f 2996/425/1100 2995/426/1100 3300/426/1100 3301/425/1100
f 2997/427/1107 2996/425/1107 3301/425/1107 3302/427/1107
f 2998/428/1068 2997/427/1068 3302/427/1068 3303/428/1068
f 2995/426/1108 2998/428/1108 3303/428/1108 3300/426/1108
f 3304/430/1050 3307/432/1050 3306/431/1050 3305/429/1050
f 3125/429/1098 2999/430/1098 3304/430/1098 3305/429/1098
f 3127/431/1107 3125/429/1107 3305/429/1107 3306/431/1107
f 3126/432/1066 3127/431/1066 3306/431/1066 3307/432/1066
f 2999/430/1108 3126/432/1108 3307/432/1108 3304/430/1108
f 3308/434/1048 3311/436/1048 3310/435/1048 3309/433/1048
f 3000/433/1096 3128/434/1096 3308/434/1096 3309/433/1096
f 3130/435/1107 3000/433/1107 3309/433/1107 3310/435/1107
f 3129/436/1064 3130/435/1064 3310/435/1064 3311/436/1064
f 3128/434/1108 3129/436/1108 3311/436/1108 3308/434/1108
f 3312/438/1046 3315/440/1046 3314/439/1046 3313/437/1046
f 3001/437/1094 3131/438/1094 3312/438/1094 3313/437/1094
f 3133/439/1107 3001/437/1107 3313/437/1107 3314/439/1107
f 3132/440/1062 3133/439/1062 3314/439/1062 3315/440/1062
f 3131/438/1108 3132/440/1108 3315/440/1108 3312/438/1108
f 3316/442/1044 3319/444/1044 3318/443/1044 3317/441/1044
f 3134/441/1092 3135/442/1092 3316/442/1092 3317/441/1092
f 3136/443/1107 3134/441/1107 3317/441/1107 3318/443/1107
f 3002/444/1060 3136/443/1060 3318/443/1060 3319/444/1060
f 3135/442/1108 3002/444/1108 3319/444/1108 3316/442/1108
f 3320/446/1090 3323/447/1090 3322/445/1090 3321/445/1090
f 3137/445/1107 3003/446/1107 3320/446/1107 3321/445/1107
f 3139/445/1106 3137/445/1106 3321/445/1106 3322/445/1106
f 3138/447/1108 3139/445/1108 3322/445/1108 3323/447/1108
f 3003/446/1074 3138/447/1074 3323/447/1074 3320/446/1074
f 3324/449/1072 3327/451/1072 3326/450/1072 3325/448/1072
f 3004/448/1107 3140/449/1107 3324/449/1107 3325/448/1107
f 3141/450/1088 3004/448/1088 3325/448/1088 3326/450/1088
f 3005/451/1108 3141/450/1108 3326/450/1108 3327/451/1108
f 3140/449/1056 3005/451/1056 3327/451/1056 3324/449/1056
f 3328/453/1054 3331/454/1054 3330/452/1054 3329/452/1054
f 3007/452/1107 3006/453/1107 3328/453/1107 3329/452/1107
f 3008/452/1070 3007/452/1070 3329/452/1070 3330/452/1070
f 3009/454/1108 3008/452/1108 3330/452/1108 3331/454/1108
f 3006/453/1102 3009/454/1102 3331/454/1102 3328/453/1102
f 3332/456/1098 3335/456/1098 3334/457/1098 3333/455/1098
f 3142/455/1107 3010/456/1107 3332/456/1107 3333/455/1107
f 3011/457/1050 3142/455/1050 3333/455/1050 3334/457/1050
f 3012/456/1108 3011/457/1108 3334/457/1108 3335/456/1108
f 3010/456/1082 3012/456/1082 3335/456/1082 3332/456/1082
f 3336/459/1080 3339/459/1080 3338/458/1080 3337/458/1080
f 3014/458/1107 3013/459/1107 3336/459/1107 3337/458/1107
f 3015/458/1096 3014/458/1096 3337/458/1096 3338/458/1096
f 3143/459/1108 3015/458/1108 3338/458/1108 3339/459/1108
f 3013/459/1064 3143/459/1064 3339/459/1064 3336/459/1064
f 3340/461/1062 3343/461/1062 3342/462/1062 3341/460/1062
f 3144/460/1107 3016/461/1107 3340/461/1107 3341/460/1107
f 3145/462/1078 3144/460/1078 3341/460/1078 3342/462/1078
f 3017/461/1108 3145/462/1108 3342/462/1108 3343/461/1108
f 3016/461/1046 3017/461/1046 3343/461/1046 3340/461/1046
f 3344/464/1106 3347/464/1106 3346/465/1106 3345/463/1106
f 3147/463/1107 3146/464/1107 3344/464/1107 3345/463/1107
f 3149/465/1058 3147/463/1058 3345/463/1058 3346/465/1058
f 3148/464/1108 3149/465/1108 3346/465/1108 3347/464/1108
f 3146/464/1090 3148/464/1090 3347/464/1090 3344/464/1090
f 3348/467/1044 3351/467/1044 3350/468/1044 3349/466/1044
f 3019/466/1107 3018/467/1107 3348/467/1107 3349/466/1107
f 3151/468/1060 3019/466/1060 3349/466/1060 3350/468/1060
f 3150/467/1108 3151/468/1108 3350/468/1108 3351/467/1108
f 3018/467/1092 3150/467/1092 3351/467/1092 3348/467/1092
f 3352/470/1088 3355/471/1088 3354/469/1088 3353/469/1088
f 3152/469/1107 3020/470/1107 3352/470/1107 3353/469/1107
f 3021/469/1104 3152/469/1104 3353/469/1104 3354/469/1104
f 3153/471/1108 3021/469/1108 3354/469/1108 3355/471/1108
f 3020/470/1072 3153/471/1072 3355/471/1072 3352/470/1072
f 3356/473/1070 3359/473/1070 3358/474/1070 3357/472/1070
f 3022/472/1107 3154/473/1107 3356/473/1107 3357/472/1107
f 3023/474/1086 3022/472/1086 3357/472/1086 3358/474/1086
f 3024/473/1108 3023/474/1108 3358/474/1108 3359/473/1108
f 3154/473/1054 3024/473/1054 3359/473/1054 3356/473/1054
f 3360/476/1052 3363/477/1052 3362/475/1052 3361/475/1052
f 3156/475/1107 3155/476/1107 3360/476/1107 3361/475/1107
f 3025/475/1068 3156/475/1068 3361/475/1068 3362/475/1068
f 3026/477/1108 3025/475/1108 3362/475/1108 3363/477/1108
f 3155/476/1100 3026/477/1100 3363/477/1100 3360/476/1100
f 3364/479/1096 3367/479/1096 3366/480/1096 3365/478/1096
f 3027/478/1107 3157/479/1107 3364/479/1107 3365/478/1107
f 3158/480/1048 3027/478/1048 3365/478/1048 3366/480/1048
f 3028/479/1108 3158/480/1108 3366/480/1108 3367/479/1108
f 3157/479/1080 3028/479/1080 3367/479/1080 3364/479/1080
f 3368/482/1078 3371/484/1078 3370/483/1078 3369/481/1078
f 3159/481/1107 3029/482/1107 3368/482/1107 3369/481/1107
f 3161/483/1094 3159/481/1094 3369/481/1094 3370/483/1094
f 3160/484/1108 3161/483/1108 3370/483/1108 3371/484/1108
f 3029/482/1062 3160/484/1062 3371/484/1062 3368/482/1062
f 3372/486/1060 3375/486/1060 3374/485/1060 3373/485/1060
f 3031/485/1107 3030/486/1107 3372/486/1107 3373/485/1107
f 3032/485/1076 3031/485/1076 3373/485/1076 3374/485/1076
f 3033/486/1108 3032/485/1108 3374/485/1108 3375/486/1108
f 3030/486/1044 3033/486/1044 3375/486/1044 3372/486/1044
f 3376/488/1104 3379/489/1104 3378/487/1104 3377/487/1104
f 3162/487/1107 3034/488/1107 3376/488/1107 3377/487/1107
f 3164/487/1056 3162/487/1056 3377/487/1056 3378/487/1056
f 3163/489/1108 3164/487/1108 3378/487/1108 3379/489/1108
f 3034/488/1088 3163/489/1088 3379/489/1088 3376/488/1088
f 3380/491/1086 3383/493/1086 3382/492/1086 3381/490/1086
f 3165/490/1107 3035/491/1107 3380/491/1107 3381/490/1107
f 3166/492/1102 3165/490/1102 3381/490/1102 3382/492/1102
f 3036/493/1108 3166/492/1108 3382/492/1108 3383/493/1108
f 3035/491/1070 3036/493/1070 3383/493/1070 3380/491/1070
f 3384/495/1068 3387/497/1068 3386/496/1068 3385/494/1068
f 3037/494/1107 3167/495/1107 3384/495/1107 3385/494/1107
f 3038/496/1084 3037/494/1084 3385/494/1084 3386/496/1084
f 3168/497/1108 3038/496/1108 3386/496/1108 3387/497/1108
f 3167/495/1052 3168/497/1052 3387/497/1052 3384/495/1052
f 3388/499/1050 3391/499/1050 3390/498/1050 3389/498/1050
f 3169/498/1107 3039/499/1107 3388/499/1107 3389/498/1107
f 3171/498/1066 3169/498/1066 3389/498/1066 3390/498/1066
f 3170/499/1108 3171/498/1108 3390/498/1108 3391/499/1108
f 3039/499/1098 3170/499/1098 3391/499/1098 3388/499/1098
f 3392/501/1094 3395/503/1094 3394/502/1094 3393/500/1094
f 3041/500/1107 3040/501/1107 3392/501/1107 3393/500/1107
f 3042/502/1046 3041/500/1046 3393/500/1046 3394/502/1046
f 3043/503/1108 3042/502/1108 3394/502/1108 3395/503/1108
f 3040/501/1078 3043/503/1078 3395/503/1078 3392/501/1078
f 3396/505/1076 3399/505/1076 3398/506/1076 3397/504/1076
f 3045/504/1107 3044/505/1107 3396/505/1107 3397/504/1107
f 3172/506/1092 3045/504/1092 3397/504/1092 3398/506/1092
f 3046/505/1108 3172/506/1108 3398/506/1108 3399/505/1108
f 3044/505/1060 3046/505/1060 3399/505/1060 3396/505/1060
f 3400/508/1058 3403/509/1058 3402/507/1058 3401/507/1058
f 3048/507/1107 3047/508/1107 3400/508/1107 3401/507/1107
f 3049/507/1074 3048/507/1074 3401/507/1074 3402/507/1074
f 3050/509/1108 3049/507/1108 3402/507/1108 3403/509/1108
f 3047/508/1106 3050/509/1106 3403/509/1106 3400/508/1106
f 3404/511/1102 3407/512/1102 3406/510/1102 3405/510/1102
f 3173/510/1107 3051/511/1107 3404/511/1107 3405/510/1107
f 3175/510/1054 3173/510/1054 3405/510/1054 3406/510/1054
f 3174/512/1108 3175/510/1108 3406/510/1108 3407/512/1108
f 3051/511/1086 3174/512/1086 3407/512/1086 3404/511/1086
f 3408/514/1084 3411/516/1084 3410/515/1084 3409/513/1084
f 3177/513/1107 3176/514/1107 3408/514/1107 3409/513/1107
f 3179/515/1100 3177/513/1100 3409/513/1100 3410/515/1100
f 3178/516/1108 3179/515/1108 3410/515/1108 3411/516/1108
f 3176/514/1068 3178/516/1068 3411/516/1068 3408/514/1068
f 3412/518/1066 3415/519/1066 3414/517/1066 3413/517/1066
f 3053/517/1107 3052/518/1107 3412/518/1107 3413/517/1107
f 3054/517/1082 3053/517/1082 3413/517/1082 3414/517/1082
f 3055/519/1108 3054/517/1108 3414/517/1108 3415/519/1108
f 3052/518/1050 3055/519/1050 3415/519/1050 3412/518/1050
f 3416/521/1048 3419/521/1048 3418/522/1048 3417/520/1048
f 3057/520/1107 3056/521/1107 3416/521/1107 3417/520/1107
f 3058/522/1064 3057/520/1064 3417/520/1064 3418/522/1064
f 3059/521/1108 3058/522/1108 3418/522/1108 3419/521/1108
f 3056/521/1096 3059/521/1096 3419/521/1096 3416/521/1096
f 3420/524/1092 3423/526/1092 3422/525/1092 3421/523/1092
f 3181/523/1107 3180/524/1107 3420/524/1107 3421/523/1107
f 3060/525/1044 3181/523/1044 3421/523/1044 3422/525/1044
f 3061/526/1108 3060/525/1108 3422/525/1108 3423/526/1108
f 3180/524/1076 3061/526/1076 3423/526/1076 3420/524/1076
f 3424/528/1074 3427/530/1074 3426/529/1074 3425/527/1074
f 3062/527/1107 3182/528/1107 3424/528/1107 3425/527/1107
f 3063/529/1090 3062/527/1090 3425/527/1090 3426/529/1090
f 3183/530/1108 3063/529/1108 3426/529/1108 3427/530/1108
f 3182/528/1058 3183/530/1058 3427/530/1058 3424/528/1058
f 3428/532/1056 3431/532/1056 3430/531/1056 3429/531/1056
f 3065/531/1107 3064/532/1107 3428/532/1107 3429/531/1107
f 3066/531/1072 3065/531/1072 3429/531/1072 3430/531/1072
f 3184/532/1108 3066/531/1108 3430/531/1108 3431/532/1108
f 3064/532/1104 3184/532/1104 3431/532/1104 3428/532/1104
f 3432/534/1100 3435/534/1100 3434/535/1100 3433/533/1100
f 3185/533/1107 3067/534/1107 3432/534/1107 3433/533/1107
f 3068/535/1052 3185/533/1052 3433/533/1052 3434/535/1052
f 3069/534/1108 3068/535/1108 3434/535/1108 3435/534/1108
f 3067/534/1084 3069/534/1084 3435/534/1084 3432/534/1084
f 3436/537/1082 3439/538/1082 3438/536/1082 3437/536/1082
f 3071/536/1107 3070/537/1107 3436/537/1107 3437/536/1107
f 3186/536/1098 3071/536/1098 3437/536/1098 3438/536/1098
f 3072/538/1108 3186/536/1108 3438/536/1108 3439/538/1108
f 3070/537/1066 3072/538/1066 3439/538/1066 3436/537/1066
f 3440/540/1064 3443/540/1064 3442/541/1064 3441/539/1064
f 3188/539/1107 3187/540/1107 3440/540/1107 3441/539/1107
f 3073/541/1080 3188/539/1080 3441/539/1080 3442/541/1080
f 3189/540/1108 3073/541/1108 3442/541/1108 3443/540/1108
f 3187/540/1048 3189/540/1048 3443/540/1048 3440/540/1048
f 3444/543/1046 3447/543/1046 3446/542/1046 3445/542/1046
f 3190/542/1107 3074/543/1107 3444/543/1107 3445/542/1107
f 3191/542/1062 3190/542/1062 3445/542/1062 3446/542/1062
f 3075/543/1108 3191/542/1108 3446/542/1108 3447/543/1108
f 3074/543/1094 3075/543/1094 3447/543/1094 3444/543/1094
f 3494/544/1089 3527/544/1089 3528/545/1087 3495/545/1087
f 2669/546/1107 3469/549/1107 3470/548/1107 2670/547/1107
f 2670/547/1107 3470/548/1107 3471/551/1107 3448/550/1107
f 3448/550/1107 3471/551/1107 3472/553/1107 3449/552/1107
f 3449/552/1107 3472/553/1107 3473/555/1107 2671/554/1107
f 2671/554/1107 3473/555/1107 3474/557/1107 3450/556/1107
f 3450/556/1107 3474/557/1107 3475/559/1107 3451/558/1107
f 3451/558/1107 3475/559/1107 3476/561/1107 2672/560/1107
f 2672/560/1107 3476/561/1107 3477/563/1107 3452/562/1107
f 3452/562/1107 3477/563/1107 3478/565/1107 3453/564/1107
f 3453/564/1107 3478/565/1107 3479/567/1107 2673/566/1107
f 2673/566/1107 3479/567/1107 3480/569/1107 3454/568/1107
f 3454/568/1107 3480/569/1107 3481/571/1107 3455/570/1107
f 3455/570/1107 3481/571/1107 3482/573/1107 2674/572/1107
f 2674/572/1107 3482/573/1107 3483/575/1107 3456/574/1107
f 3456/574/1107 3483/575/1107 3484/577/1107 3457/576/1107
f 3457/576/1107 3484/577/1107 3485/579/1107 3458/578/1107
f 3458/578/1107 3485/579/1107 3486/581/1107 3459/580/1107
f 3459/580/1107 3486/581/1107 3487/583/1107 3460/582/1107
f 3460/582/1107 3487/583/1107 3488/585/1107 2675/584/1107
f 2675/584/1107 3488/585/1107 3489/587/1107 3461/586/1107
f 3461/586/1107 3489/587/1107 3490/589/1107 3462/588/1107
f 3462/588/1107 3490/589/1107 3491/591/1107 2676/590/1107
f 2676/590/1107 3491/591/1107 3492/593/1107 3463/592/1107
f 3463/592/1107 3492/593/1107 3493/595/1107 2677/594/1107
f 2677/594/1107 3493/595/1107 3494/544/1107 3464/596/1107
f 3464/596/1107 3494/544/1107 3495/545/1107 2678/597/1107
f 2678/597/1107 3495/545/1107 3496/599/1107 2679/598/1107
f 2679/598/1107 3496/599/1107 3497/601/1107 3465/600/1107
f 3465/600/1107 3497/601/1107 3498/603/1107 3466/602/1107
f 3466/602/1107 3498/603/1107 3499/605/1107 3467/604/1107
f 3467/604/1107 3499/605/1107 3500/607/1107 3468/606/1107
f 3468/606/1107 3500/607/1107 3469/549/1107 2669/546/1107
f 3501/549/1107 3503/607/1107 3532/605/1107 3531/603/1107 3530/601/1107 3529/599/1107 3528/545/1107 3527/544/1107 3526/595/1107 3525/593/1107 3524/591/1107 3523/589/1107 3522/587/1107 3521/585/1107 3520/583/1107 3519/581/1107 3518/579/1107 3517/577/1107 3516/575/1107 3515/573/1107 3514/571/1107 3513/569/1107 3512/567/1107 3511/565/1107 3510/563/1107 3509/561/1107 3508/559/1107 3507/557/1107 3506/555/1107 3505/553/1107 3504/551/1107 3502/548/1107
f 3481/571/1051 3514/571/1051 3515/573/1049 3482/573/1049
f 3469/549/1075 3501/549/1075 3502/548/1073 3470/548/1073
f 3495/545/1087 3528/545/1087 3529/599/1085 3496/599/1085
f 3482/573/1049 3515/573/1049 3516/575/1047 3483/575/1047
f 3500/607/1077 3503/607/1077 3501/549/1075 3469/549/1075
f 3496/599/1085 3529/599/1085 3530/601/1083 3497/601/1083
f 3483/575/1047 3516/575/1047 3517/577/1045 3484/577/1045
f 3470/548/1073 3502/548/1073 3504/551/1071 3471/551/1071
f 3497/601/1083 3530/601/1083 3531/603/1081 3498/603/1081
f 3484/577/1045 3517/577/1045 3518/579/1043 3485/579/1043
f 3471/551/1071 3504/551/1071 3505/553/1069 3472/553/1069
f 3498/603/1081 3531/603/1081 3532/605/1079 3499/605/1079
f 3485/579/1043 3518/579/1043 3519/581/1105 3486/581/1105
f 3472/553/1069 3505/553/1069 3506/555/1067 3473/555/1067
f 3499/605/1079 3532/605/1079 3503/607/1077 3500/607/1077
f 3486/581/1105 3519/581/1105 3520/583/1103 3487/583/1103
f 3473/555/1067 3506/555/1067 3507/557/1065 3474/557/1065
f 3487/583/1103 3520/583/1103 3521/585/1101 3488/585/1101
f 3474/557/1065 3507/557/1065 3508/559/1063 3475/559/1063
f 3488/585/1101 3521/585/1101 3522/587/1099 3489/587/1099
f 3475/559/1063 3508/559/1063 3509/561/1061 3476/561/1061
f 3489/587/1099 3522/587/1099 3523/589/1097 3490/589/1097
f 3476/561/1061 3509/561/1061 3510/563/1059 3477/563/1059
f 3490/589/1097 3523/589/1097 3524/591/1095 3491/591/1095
f 3477/563/1059 3510/563/1059 3511/565/1057 3478/565/1057
f 3491/591/1095 3524/591/1095 3525/593/1093 3492/593/1093
f 3478/565/1057 3511/565/1057 3512/567/1055 3479/567/1055
f 3492/593/1093 3525/593/1093 3526/595/1091 3493/595/1091
f 3479/567/1055 3512/567/1055 3513/569/1053 3480/569/1053
f 3493/595/1091 3526/595/1091 3527/544/1089 3494/544/1089
f 3480/569/1053 3513/569/1053 3514/571/1051 3481/571/1051
f 2612/131/719 3535/131/1112 3564/153/1140 2611/118/741
f 2598/122/735 3533/122/1110 3563/123/1139 2597/123/751
f 2611/118/741 3564/153/1140 3562/119/1138 2610/119/755
f 2597/123/751 3563/123/1139 3561/145/1137 2596/145/765
f 2610/119/755 3562/119/1138 3560/152/1136 2609/143/706
f 2596/145/765 3561/145/1137 3559/138/1135 2595/138/726
f 2609/143/706 3560/152/1136 3558/136/1134 2608/136/707
f 2595/138/726 3559/138/1135 3557/151/1133 2594/128/727
f 2608/136/707 3558/136/1134 3556/124/1132 2607/124/733
f 2590/134/738 3544/134/1121 3555/120/1131 2620/120/739
f 2594/128/727 3557/151/1133 3554/129/1130 2593/129/745
f 2607/124/733 3556/124/1132 3553/125/1129 2606/125/749
f 2620/120/739 3555/120/1131 3552/121/1128 2619/121/753
f 2593/129/745 3554/129/1130 3551/148/1127 2592/148/759
f 2606/125/749 3553/125/1129 3550/146/1126 2605/146/763
f 2619/121/753 3552/121/1128 3549/144/1125 2618/144/767
f 2592/148/759 3551/148/1127 3548/608/1124 2591/141/714
f 2605/146/763 3550/146/1126 3547/139/1123 2604/139/722
f 2618/144/767 3549/144/1125 3546/137/1122 2617/137/730
f 2591/141/714 3548/608/1124 3545/132/1120 2589/132/715
f 2604/139/722 3547/139/1123 3543/130/1119 2603/130/723
f 2617/137/730 3546/137/1122 3542/126/1118 2616/126/731
f 2589/132/715 3545/132/1120 3544/133/1121 2590/133/738
f 2603/130/723 3543/130/1119 3541/155/1117 2602/116/743
f 2616/126/731 3542/126/1118 3540/154/1116 2615/127/747
f 2602/116/743 3541/155/1117 3539/117/1115 2601/117/757
f 2615/127/747 3540/154/1116 3538/147/1114 2614/147/761
f 2601/117/757 3539/117/1115 3537/142/1113 2600/142/710
f 2614/147/761 3538/147/1114 3536/140/1111 2613/140/718
f 2600/142/710 3537/142/1113 3534/135/1109 2599/135/711
f 2613/140/718 3536/140/1111 3535/131/1112 2612/131/719
f 2599/135/711 3534/135/1109 3533/122/1110 2598/122/735
f 3555/120/1154 3604/120/1155 3601/121/1149 3552/121/1148
f 3554/129/1152 3603/129/1153 3600/148/1147 3551/148/1146
f 3553/125/1150 3602/125/1151 3599/146/1145 3550/146/1145
f 3552/121/1148 3601/121/1149 3598/144/1144 3549/144/1143
f 3551/148/1146 3600/148/1147 3597/608/1142 3548/608/1141
f 3550/146/1145 3599/146/1145 3596/139/774 3547/139/773
f 3549/144/1143 3598/144/1144 3595/137/778 3546/137/777
f 3548/608/1141 3597/608/1142 3594/132/782 3545/132/781
f 3547/139/773 3596/139/774 3593/130/775 3543/130/772
f 3546/137/777 3595/137/778 3592/126/779 3542/126/1958
f 3545/132/781 3594/132/782 3584/133/780 3544/133/780
f 3543/130/772 3593/130/775 3591/155/784 3541/155/783
f 3542/126/1958 3592/126/779 3590/154/786 3540/154/785
f 3671/609/1206 3703/609/1207 3704/610/1205 3672/610/1204
f 3670/611/1208 3677/611/1209 3703/609/1207 3671/609/1206
f 3669/612/1210 3678/612/1211 3677/611/1209 3670/611/1208
f 3668/613/1212 3679/613/1213 3678/612/1211 3669/612/1210
f 3667/614/1214 3680/614/1215 3679/613/1213 3668/613/1212
f 3666/615/1216 3681/615/1217 3680/614/1215 3667/614/1214
f 3665/616/1218 3682/616/1219 3681/615/1217 3666/615/1216
f 3664/617/1959 3683/617/1221 3682/616/1219 3665/616/1218
f 3663/618/1185 3684/618/1186 3683/617/1221 3664/617/1959
f 3662/619/1183 3685/619/1184 3684/618/1186 3663/618/1185
f 3661/620/1182 3686/620/1182 3685/619/1184 3662/619/1183
f 3660/621/1180 3688/621/1181 3686/620/1182 3661/620/1182
f 3659/622/1178 3687/622/1179 3688/621/1181 3660/621/1180
f 3646/623/1187 3690/623/1187 3689/624/1203 3645/624/1202
f 3672/610/1204 3704/610/1205 3705/625/1201 3673/625/1200
f 3645/624/1202 3689/624/1203 3691/626/1199 3647/626/1198
f 3673/625/1200 3705/625/1201 3706/627/1197 3674/627/1196
f 3647/626/1198 3691/626/1199 3692/628/1195 3648/628/1194
f 3674/627/1196 3706/627/1197 3707/629/1193 3675/629/1192
f 3648/628/1194 3692/628/1195 3693/630/1191 3649/630/1190
f 3675/629/1192 3707/629/1193 3708/631/1189 3676/631/1188
f 3649/630/1190 3693/630/1191 3694/632/1162 3650/632/1161
f 3676/631/1188 3708/631/1189 3690/623/1187 3646/623/1187
f 3650/632/1161 3694/632/1162 3695/633/1163 3651/633/1160
f 3651/633/1160 3695/633/1163 3696/634/1165 3652/634/1164
f 3652/634/1164 3696/634/1165 3697/635/1167 3653/635/1166
f 3653/635/1166 3697/635/1167 3698/636/1169 3654/636/1168
f 3654/636/1168 3698/636/1169 3699/637/1171 3655/637/1170
f 3655/637/1170 3699/637/1171 3700/638/1173 3656/638/1172
f 3656/638/1172 3700/638/1173 3701/639/1175 3657/639/1174
f 3657/639/1174 3701/639/1175 3702/640/1177 3658/640/1960
f 3658/640/1960 3702/640/1177 3687/622/1179 3659/622/1178
f 2621/624/1222 3709/642/1222 3710/641/1222 2622/623/1222
f 2622/623/1222 3710/641/1222 3711/643/1222 2636/631/1222
f 2636/631/1222 3711/643/1222 3712/644/1222 2635/629/1222
f 2635/629/1222 3712/644/1222 3713/645/1222 3629/627/1222
f 3629/627/1222 3713/645/1222 3714/646/1222 3628/625/1222
f 3628/625/1222 3714/646/1222 3715/647/1222 3627/610/1222
f 3627/610/1222 3715/647/1222 3716/648/1222 3626/609/1222
f 3626/609/1222 3716/648/1222 3717/649/1222 3625/611/1222
f 3625/611/1222 3717/649/1222 3718/650/1222 2634/612/1222
f 2634/612/1222 3718/650/1222 3719/651/1222 2633/613/1222
f 2633/613/1222 3719/651/1222 3720/652/1222 2632/614/1222
f 2632/614/1222 3720/652/1222 3721/653/1222 2631/615/1222
f 2631/615/1222 3721/653/1222 3722/654/1222 3624/616/1222
f 3624/616/1222 3722/654/1222 3723/655/1222 2630/617/1222
f 2630/617/1222 3723/655/1222 3724/656/1222 2629/618/1222
f 2629/618/1222 3724/656/1222 3725/657/1222 3623/619/1222
f 3623/619/1222 3725/657/1222 3726/658/1222 3622/620/1222
f 3622/620/1222 3726/658/1222 3727/659/1222 2628/621/1222
f 2628/621/1222 3727/659/1222 3728/660/1222 2627/622/1222
f 2627/622/1222 3728/660/1222 3729/661/1222 2626/640/1222
f 2626/640/1222 3729/661/1222 3730/662/1222 3621/639/1222
f 3621/639/1222 3730/662/1222 3731/663/1222 3620/638/1222
f 3620/638/1222 3731/663/1222 3732/149/1222 3619/637/1222
f 3619/637/1222 3732/149/1222 3733/150/1222 3618/636/1222
f 3618/636/1222 3733/150/1222 3734/664/1222 2625/635/1222
f 2625/635/1222 3734/664/1222 3735/665/1222 3617/634/1222
f 3617/634/1222 3735/665/1222 3736/666/1222 3616/633/1222
f 3616/633/1222 3736/666/1222 3737/667/1222 2624/632/1222
f 2624/632/1222 3737/667/1222 3738/668/1222 2623/630/1222
f 2623/630/1222 3738/668/1222 3739/669/1222 3615/628/1222
f 3615/628/1222 3739/669/1222 3740/670/1222 3614/626/1222
f 3614/626/1222 3740/670/1222 3709/642/1222 2621/624/1222
f 3741/642/1222 3743/670/1222 3772/669/1222 3771/668/1222 3770/667/1222 3769/666/1222 3768/665/1222 3767/664/1222 3766/150/1222 3765/149/1222 3764/663/1222 3763/662/1222 3762/661/1222 3761/660/1222 3760/659/1222 3759/658/1222 3758/657/1222 3757/656/1222 3756/655/1222 3755/654/1222 3754/653/1222 3753/652/1222 3752/651/1222 3751/650/1222 3750/649/1222 3749/648/1222 3748/647/1222 3747/646/1222 3746/645/1222 3745/644/1222 3744/643/1222 3742/641/1222
f 3719/651/769 3752/651/770 3753/652/771 3720/652/768
f 3733/150/1223 3766/150/1226 3767/664/1278 3734/664/1277
f 3720/652/768 3753/652/771 3754/653/1276 3721/653/1275
f 3734/664/1277 3767/664/1278 3768/665/1274 3735/665/1273
f 3721/653/1275 3754/653/1276 3755/654/1272 3722/654/1271
f 3709/642/1247 3741/642/1248 3742/641/1075 3710/641/1075
f 3735/665/1273 3768/665/1274 3769/666/1270 3736/666/1269
f 3722/654/1271 3755/654/1272 3756/655/1268 3723/655/1267
f 3740/670/1253 3743/670/1254 3741/642/1248 3709/642/1247
f 3736/666/1269 3769/666/1270 3770/667/1266 3737/667/1265
f 3723/655/1267 3756/655/1268 3757/656/1264 3724/656/1263
f 3710/641/1075 3742/641/1075 3744/643/1236 3711/643/1235
f 3737/667/1265 3770/667/1266 3771/668/1262 3738/668/1261
f 3724/656/1263 3757/656/1264 3758/657/1260 3725/657/1259
f 3711/643/1235 3744/643/1236 3745/644/1242 3712/644/1241
f 3738/668/1261 3771/668/1262 3772/669/1258 3739/669/1257
f 3725/657/1259 3758/657/1260 3759/658/1043 3726/658/1043
f 3712/644/1241 3745/644/1242 3746/645/1256 3713/645/1255
f 3739/669/1257 3772/669/1258 3743/670/1254 3740/670/1253
f 3726/658/1043 3759/658/1043 3760/659/1252 3727/659/1251
f 3713/645/1255 3746/645/1256 3747/646/1250 3714/646/1249
f 3727/659/1251 3760/659/1252 3761/660/1246 3728/660/1245
f 3714/646/1249 3747/646/1250 3748/647/1244 3715/647/1243
f 3728/660/1245 3761/660/1246 3762/661/1240 3729/661/1239
f 3715/647/1243 3748/647/1244 3749/648/1238 3716/648/1237
f 3729/661/1239 3762/661/1240 3763/662/1234 3730/662/1233
f 3716/648/1237 3749/648/1238 3750/649/1232 3717/649/1231
f 3730/662/1233 3763/662/1234 3764/663/1230 3731/663/1229
f 3717/649/1231 3750/649/1232 3751/650/1228 3718/650/1227
f 3731/663/1229 3764/663/1230 3765/149/1225 3732/149/1224
f 3718/650/1227 3751/650/1228 3752/651/770 3719/651/769
f 3617/634/1274 3837/672/1295 3836/671/1295 2625/635/1278
f 2625/635/1278 3836/671/1295 3773/673/1295 3653/635/1277
f 3653/635/1277 3773/673/1295 3774/674/1295 3652/634/1273
f 3652/634/1273 3774/674/1295 3837/672/1295 3617/634/1274
f 3616/633/1270 3838/676/1294 3775/675/1294 3617/634/1274
f 3617/634/1274 3775/675/1294 3839/677/1294 3652/634/1273
f 3652/634/1273 3839/677/1294 3776/678/1294 3651/633/1269
f 3651/633/1269 3776/678/1294 3838/676/1294 3616/633/1270
f 2624/632/1266 3777/680/1293 3778/679/1293 3616/633/1270
f 3616/633/1270 3778/679/1293 3840/681/1293 3651/633/1269
f 3651/633/1269 3840/681/1293 3779/682/1293 3650/632/1265
f 3650/632/1265 3779/682/1293 3777/680/1293 2624/632/1266
f 2636/631/1236 3780/684/1292 3841/683/1292 2622/623/1075
f 2622/623/1075 3841/683/1292 3842/685/1292 3646/623/1075
f 3646/623/1075 3842/685/1292 3781/686/1292 3676/631/1235
f 3676/631/1235 3781/686/1292 3780/684/1292 2636/631/1236
f 2623/630/1262 3782/688/1291 3843/687/1291 2624/632/1266
f 2624/632/1266 3843/687/1291 3783/689/1291 3650/632/1265
f 3650/632/1265 3783/689/1291 3784/688/1291 3649/630/1261
f 3649/630/1261 3784/688/1291 3782/688/1291 2623/630/1262
f 2635/629/1242 3844/691/1290 3785/690/1290 2636/631/1236
f 2636/631/1236 3785/690/1290 3846/692/1290 3676/631/1235
f 3676/631/1235 3846/692/1290 3845/693/1290 3675/629/1241
f 3675/629/1241 3845/693/1290 3844/691/1290 2635/629/1242
f 3615/628/1258 3786/695/1289 3787/694/1289 2623/630/1262
f 2623/630/1262 3787/694/1289 3847/696/1289 3649/630/1261
f 3649/630/1261 3847/696/1289 3788/697/1289 3648/628/1257
f 3648/628/1257 3788/697/1289 3786/695/1289 3615/628/1258
f 3629/627/1256 3789/699/1288 3790/698/1288 2635/629/1242
f 2635/629/1242 3790/698/1288 3791/700/1288 3675/629/1241
f 3675/629/1241 3791/700/1288 3848/701/1288 3674/627/1255
f 3674/627/1255 3848/701/1288 3789/699/1288 3629/627/1256
f 3614/626/1254 3850/703/1287 3849/702/1287 3615/628/1258
f 3615/628/1258 3849/702/1287 3852/704/1287 3648/628/1257
f 3648/628/1257 3852/704/1287 3851/705/1287 3647/626/1253
f 3647/626/1253 3851/705/1287 3850/703/1287 3614/626/1254
f 3628/625/1250 3792/707/1286 3793/706/1286 3629/627/1256
f 3629/627/1256 3793/706/1286 3794/708/1286 3674/627/1255
f 3674/627/1255 3794/708/1286 3853/709/1286 3673/625/1249
f 3673/625/1249 3853/709/1286 3792/707/1286 3628/625/1250
f 2621/624/1248 3854/711/1285 3795/710/1285 3614/626/1254
f 3614/626/1254 3795/710/1285 3856/712/1285 3647/626/1253
f 3647/626/1253 3856/712/1285 3855/711/1285 3645/624/1247
f 3645/624/1247 3855/711/1285 3854/711/1285 2621/624/1248
f 3627/610/1244 3796/714/1283 3797/713/1283 3628/625/1250
f 3628/625/1250 3797/713/1283 3798/715/1283 3673/625/1249
f 3673/625/1249 3798/715/1283 3857/714/1283 3672/610/1243
f 3672/610/1243 3857/714/1283 3796/714/1283 3627/610/1244
f 2622/623/1075 3858/717/1282 3799/716/1282 2621/624/1248
f 2621/624/1248 3799/716/1282 3800/718/1282 3645/624/1247
f 3645/624/1247 3800/718/1282 3801/719/1282 3646/623/1075
f 3646/623/1075 3801/719/1282 3858/717/1282 2622/623/1075
f 3626/609/1238 3802/721/1281 3859/720/1281 3627/610/1244
f 3627/610/1244 3859/720/1281 3861/722/1281 3672/610/1243
f 3672/610/1243 3861/722/1281 3860/723/1281 3671/609/1237
f 3671/609/1237 3860/723/1281 3802/721/1281 3626/609/1238
f 3625/611/1232 3803/725/1280 3804/724/1280 3626/609/1238
f 3626/609/1238 3804/724/1280 3862/726/1280 3671/609/1237
f 3671/609/1237 3862/726/1280 3805/727/1280 3670/611/1231
f 3670/611/1231 3805/727/1280 3803/725/1280 3625/611/1232
f 2634/612/1228 3864/729/1279 3863/728/1279 3625/611/1232
f 3625/611/1232 3863/728/1279 3865/730/1279 3670/611/1231
f 3670/611/1231 3865/730/1279 3806/731/1279 3669/612/1227
f 3669/612/1227 3806/731/1279 3864/729/1279 2634/612/1228
f 2633/613/770 3867/733/1298 3866/732/1298 2634/612/1228
f 2634/612/1228 3866/732/1298 3869/734/1298 3669/612/1227
f 3669/612/1227 3869/734/1298 3868/735/1298 3668/613/769
f 3668/613/769 3868/735/1298 3867/733/1298 2633/613/770
f 2632/614/771 3870/737/1299 3807/736/1299 2633/613/770
f 2633/613/770 3807/736/1299 3872/738/1299 3668/613/769
f 3668/613/769 3872/738/1299 3871/739/1299 3667/614/768
f 3667/614/768 3871/739/1299 3870/737/1299 2632/614/771
f 2625/635/1278 3808/741/1296 3809/740/1296 3618/636/1226
f 3618/636/1226 3809/740/1296 3810/742/1296 3654/636/1223
f 3654/636/1223 3810/742/1296 3873/743/1296 3653/635/1277
f 3653/635/1277 3873/743/1296 3808/741/1296 2625/635/1278
f 3618/636/1226 3875/745/1297 3874/744/1297 3619/637/1225
f 3619/637/1225 3874/744/1297 3877/744/1297 3655/637/1224
f 3655/637/1224 3877/744/1297 3876/746/1297 3654/636/1223
f 3654/636/1223 3876/746/1297 3875/745/1297 3618/636/1226
f 3619/637/1225 3811/748/1312 3812/747/1312 3620/638/1230
f 3620/638/1230 3812/747/1312 3878/749/1312 3656/638/1229
f 3656/638/1229 3878/749/1312 3813/748/1312 3655/637/1224
f 3655/637/1224 3813/748/1312 3811/748/1312 3619/637/1225
f 3620/638/1230 3880/751/1311 3879/750/1311 3621/639/1234
f 3621/639/1234 3879/750/1311 3814/752/1311 3657/639/1233
f 3657/639/1233 3814/752/1311 3815/753/1311 3656/638/1229
f 3656/638/1229 3815/753/1311 3880/751/1311 3620/638/1230
f 3621/639/1234 3816/755/1310 3881/754/1310 2626/640/1240
f 2626/640/1240 3881/754/1310 3817/756/1310 3658/640/1239
f 3658/640/1239 3817/756/1310 3882/757/1310 3657/639/1233
f 3657/639/1233 3882/757/1310 3816/755/1310 3621/639/1234
f 2626/640/1240 3818/759/1309 3883/758/1309 2627/622/1246
f 2627/622/1246 3883/758/1309 3885/760/1309 3659/622/1245
f 3659/622/1245 3885/760/1309 3884/761/1309 3658/640/1239
f 3658/640/1239 3884/761/1309 3818/759/1309 2626/640/1240
f 2627/622/1246 3887/763/1307 3886/762/1307 2628/621/1252
f 2628/621/1252 3886/762/1307 3889/764/1307 3660/621/1251
f 3660/621/1251 3889/764/1307 3888/765/1307 3659/622/1245
f 3659/622/1245 3888/765/1307 3887/763/1307 2627/622/1246
f 2628/621/1252 3819/767/1306 3820/766/1306 3622/620/1043
f 3622/620/1043 3820/766/1306 3891/766/1306 3661/620/1043
f 3661/620/1043 3891/766/1306 3890/768/1306 3660/621/1251
f 3660/621/1251 3890/768/1306 3819/767/1306 2628/621/1252
f 3622/620/1043 3821/770/1305 3892/769/1305 3623/619/1260
f 3623/619/1260 3892/769/1305 3822/771/1305 3662/619/1259
f 3662/619/1259 3822/771/1305 3823/772/1305 3661/620/1043
f 3661/620/1043 3823/772/1305 3821/770/1305 3622/620/1043
f 3623/619/1260 3824/774/1961 3825/773/1304 2629/618/1264
f 2629/618/1264 3825/773/1304 3826/775/1304 3663/618/1263
f 3663/618/1263 3826/775/1304 3827/776/1304 3662/619/1259
f 3662/619/1259 3827/776/1304 3824/774/1961 3623/619/1260
f 2629/618/1264 3828/778/1303 3893/777/1303 2630/617/1268
f 2630/617/1268 3893/777/1303 3894/779/1303 3664/617/1267
f 3664/617/1267 3894/779/1303 3829/780/1303 3663/618/1263
f 3663/618/1263 3829/780/1303 3828/778/1303 2629/618/1264
f 2630/617/1268 3896/782/1302 3895/781/1302 3624/616/1272
f 3624/616/1272 3895/781/1302 3830/783/1302 3665/616/1271
f 3665/616/1271 3830/783/1302 3897/784/1302 3664/617/1267
f 3664/617/1267 3897/784/1302 3896/782/1302 2630/617/1268
f 3624/616/1272 3831/786/1301 3832/785/1301 2631/615/1276
f 2631/615/1276 3832/785/1301 3898/785/1301 3666/615/1275
f 3666/615/1275 3898/785/1301 3833/787/1301 3665/616/1271
f 3665/616/1271 3833/787/1301 3831/786/1301 3624/616/1272
f 2631/615/1276 3834/789/1300 3899/788/1300 2632/614/771
f 2632/614/771 3899/788/1300 3900/790/1300 3667/614/768
f 3667/614/768 3900/790/1300 3835/791/1300 3666/615/1275
f 3666/615/1275 3835/791/1300 3834/789/1300 2631/615/1276
f 3890/768/1314 4003/768/1314 4002/767/1314 3819/767/1314
f 3801/719/1313 3951/719/1313 3950/717/1313 3858/717/1313
f 3819/767/1316 4002/767/1316 4001/766/1316 3820/766/1316
f 3858/717/1315 3950/717/1315 3949/716/1315 3799/716/1315
f 3889/764/1326 4000/764/1326 3999/765/1326 3888/765/1326
f 3798/715/1383 3948/715/1383 3947/714/1383 3857/714/1383
f 3886/762/1328 3997/762/1328 4000/764/1328 3889/764/1328
f 3797/713/1379 3945/713/1379 3948/715/1379 3798/715/1379
f 3888/765/1330 3999/765/1330 3998/763/1330 3887/763/1330
f 3857/714/1381 3947/714/1381 3946/714/1381 3796/714/1381
f 3887/763/1332 3998/763/1332 3997/762/1332 3886/762/1332
f 3796/714/1380 3946/714/1380 3945/713/1380 3797/713/1380
f 3885/760/1373 3996/760/1373 3995/761/1373 3884/761/1373
f 3856/712/1317 3944/712/1317 3943/711/1317 3855/711/1317
f 3883/758/1340 3993/758/1340 3996/760/1340 3885/760/1340
f 3795/710/1319 3941/710/1319 3944/712/1319 3856/712/1319
f 3884/761/1371 3995/761/1371 3994/759/1371 3818/759/1371
f 3855/711/1321 3943/711/1321 3942/711/1321 3854/711/1321
f 3818/759/1962 3994/759/1962 3993/758/1962 3883/758/1962
f 3854/711/1323 3942/711/1323 3941/710/1323 3795/710/1323
f 3817/756/1378 3992/756/1378 3991/757/1378 3882/757/1378
f 3794/708/1378 3940/708/1378 3939/709/1378 3853/709/1378
f 3881/754/1375 3989/754/1375 3992/756/1375 3817/756/1375
f 3793/706/1376 3937/706/1376 3940/708/1376 3794/708/1376
f 3882/757/1376 3991/757/1376 3990/755/1376 3816/755/1376
f 3853/709/1375 3939/709/1375 3938/707/1375 3792/707/1375
f 3816/755/1386 3990/755/1386 3989/754/1386 3881/754/1386
f 3792/707/1386 3938/707/1386 3937/706/1386 3793/706/1386
f 3814/752/1382 3988/752/1382 3987/753/1382 3815/753/1382
f 3852/704/1325 3936/704/1325 3935/705/1325 3851/705/1325
f 3879/750/1381 3985/750/1381 3988/752/1381 3814/752/1381
f 3849/702/1327 3933/702/1327 3936/704/1327 3852/704/1327
f 3902/672/1295 3903/674/1295 3904/673/1295 3901/671/1295
f 3906/676/1294 3907/678/1294 3908/677/1294 3905/675/1294
f 3910/680/1293 3911/682/1293 3912/681/1293 3909/679/1293
f 3914/684/1292 3915/686/1292 3916/685/1292 3913/683/1292
f 3918/688/1291 3919/688/1291 3920/689/1291 3917/687/1291
f 3922/691/1290 3923/693/1290 3924/692/1290 3921/690/1290
f 3926/695/1289 3927/697/1289 3928/696/1289 3925/694/1289
f 3930/699/1288 3931/701/1288 3932/700/1288 3929/698/1288
f 3934/703/1287 3935/705/1287 3936/704/1287 3933/702/1287
f 3938/707/1286 3939/709/1286 3940/708/1286 3937/706/1286
f 3942/711/1285 3943/711/1285 3944/712/1285 3941/710/1285
f 3946/714/1283 3947/714/1283 3948/715/1283 3945/713/1283
f 3950/717/1282 3951/719/1282 3952/718/1282 3949/716/1282
f 3954/721/1281 3955/723/1281 3956/722/1281 3953/720/1281
f 3958/725/1280 3959/727/1280 3960/726/1280 3957/724/1280
f 3962/729/1279 3963/731/1279 3964/730/1279 3961/728/1279
f 3966/733/1298 3967/735/1298 3968/734/1298 3965/732/1298
f 3970/737/1299 3971/739/1299 3972/738/1299 3969/736/1299
f 3974/741/1296 3975/743/1296 3976/742/1296 3973/740/1296
f 3978/745/1297 3979/746/1297 3980/744/1297 3977/744/1297
f 3982/748/1312 3983/748/1312 3984/749/1312 3981/747/1312
f 3986/751/1311 3987/753/1311 3988/752/1311 3985/750/1311
f 3990/755/1310 3991/757/1310 3992/756/1310 3989/754/1310
f 3994/759/1309 3995/761/1309 3996/760/1309 3993/758/1309
f 3998/763/1307 3999/765/1307 4000/764/1307 3997/762/1307
f 4002/767/1306 4003/768/1306 4004/766/1306 4001/766/1306
f 4006/770/1305 4007/772/1305 4008/771/1305 4005/769/1305
f 4010/774/1304 4011/776/1304 4012/775/1304 4009/773/1304
f 4014/778/1303 4015/780/1303 4016/779/1303 4013/777/1303
f 4018/782/1302 4019/784/1302 4020/783/1302 4017/781/1302
f 4022/786/1301 4023/787/1301 4024/785/1301 4021/785/1301
f 4026/789/1300 4027/791/1300 4028/790/1300 4025/788/1300
f 3799/716/1342 3949/716/1342 3952/718/1342 3800/718/1342
f 3820/766/1341 4001/766/1341 4004/766/1341 3891/766/1341
f 3800/718/1345 3952/718/1345 3951/719/1345 3801/719/1345
f 3837/672/1364 3902/672/1364 3901/671/1364 3836/671/1364
f 3891/766/1343 4004/766/1343 4003/768/1343 3890/768/1343
f 3802/721/1363 3954/721/1363 3953/720/1363 3859/720/1363
f 3774/674/1369 3903/674/1369 3902/672/1369 3837/672/1369
f 3821/770/1315 4006/770/1315 4005/769/1315 3892/769/1315
f 3860/723/1368 3955/723/1368 3954/721/1368 3802/721/1368
f 3836/671/1367 3901/671/1367 3904/673/1367 3773/673/1367
f 3823/772/1342 4007/772/1342 4006/770/1342 3821/770/1342
f 3859/720/1365 3953/720/1365 3956/722/1365 3861/722/1365
f 3773/673/1372 3904/673/1372 3903/674/1372 3774/674/1372
f 3892/769/1313 4005/769/1313 4008/771/1313 3822/771/1313
f 3861/722/1370 3956/722/1370 3955/723/1370 3860/723/1370
f 3838/676/1354 3906/676/1354 3905/675/1354 3775/675/1354
f 3822/771/1345 4008/771/1345 4007/772/1345 3823/772/1345
f 3803/725/1353 3958/725/1353 3957/724/1353 3804/724/1353
f 3776/678/1359 3907/678/1359 3906/676/1359 3838/676/1359
f 3824/774/1323 4010/774/1323 4009/773/1323 3825/773/1323
f 3805/727/1357 3959/727/1357 3958/725/1357 3803/725/1357
f 3775/675/1356 3905/675/1356 3908/677/1356 3839/677/1356
f 3827/776/1384 4011/776/1384 4010/774/1384 3824/774/1384
f 3804/724/1355 3957/724/1355 3960/726/1355 3862/726/1355
f 3839/677/1362 3908/677/1362 3907/678/1362 3776/678/1362
f 3825/773/1385 4009/773/1385 4012/775/1385 3826/775/1385
f 3862/726/1360 3960/726/1360 3959/727/1360 3805/727/1360
f 3777/680/1346 3910/680/1346 3909/679/1346 3778/679/1346
f 3826/775/1317 4012/775/1317 4011/776/1317 3827/776/1317
f 3864/729/1344 3962/729/1344 3961/728/1344 3863/728/1344
f 3779/682/1350 3911/682/1350 3910/680/1350 3777/680/1350
f 3828/778/1331 4014/778/1331 4013/777/1331 3893/777/1331
f 3806/731/1349 3963/731/1349 3962/729/1349 3864/729/1349
f 3778/679/1348 3909/679/1348 3912/681/1348 3840/681/1348
f 3829/780/1327 4015/780/1327 4014/778/1327 3828/778/1327
f 3863/728/1347 3961/728/1347 3964/730/1347 3865/730/1347
f 3840/681/1352 3912/681/1352 3911/682/1352 3779/682/1352
f 3893/777/1329 4013/777/1329 4016/779/1329 3894/779/1329
f 3865/730/1351 3964/730/1351 3963/731/1351 3806/731/1351
f 3780/684/1316 3914/684/1316 3913/683/1316 3841/683/1316
f 3894/779/1325 4016/779/1325 4015/780/1325 3829/780/1325
f 3867/733/1364 3966/733/1364 3965/732/1364 3866/732/1364
f 3781/686/1341 3915/686/1341 3914/684/1341 3780/684/1341
f 3896/782/1336 4018/782/1336 4017/781/1336 3895/781/1336
f 3868/735/1367 3967/735/1367 3966/733/1367 3867/733/1367
f 3841/683/1314 3913/683/1314 3916/685/1314 3842/685/1314
f 3897/784/1334 4019/784/1334 4018/782/1334 3896/782/1334
f 3866/732/1369 3965/732/1369 3968/734/1369 3869/734/1369
f 3842/685/1343 3916/685/1343 3915/686/1343 3781/686/1343
f 3895/781/1335 4017/781/1335 4020/783/1335 3830/783/1335
f 3869/734/1372 3968/734/1372 3967/735/1372 3868/735/1372
f 3782/688/1388 3918/688/1388 3917/687/1388 3843/687/1388
f 3830/783/1963 4020/783/1963 4019/784/1963 3897/784/1963
f 3870/737/1354 3970/737/1354 3969/736/1354 3807/736/1354
f 3784/688/1320 3919/688/1320 3918/688/1320 3782/688/1320
f 3831/786/1324 4022/786/1324 4021/785/1324 3832/785/1324
f 3871/739/1356 3971/739/1356 3970/737/1356 3870/737/1356
f 3843/687/1322 3917/687/1322 3920/689/1322 3783/689/1322
f 3833/787/1322 4023/787/1322 4022/786/1322 3831/786/1322
f 3807/736/1359 3969/736/1359 3972/738/1359 3872/738/1359
f 3783/689/1964 3920/689/1964 3919/688/1964 3784/688/1964
f 3832/785/1320 4021/785/1320 4024/785/1320 3898/785/1320
f 3872/738/1362 3972/738/1362 3971/739/1362 3871/739/1362
f 3844/691/1332 3922/691/1332 3921/690/1332 3785/690/1332
f 3898/785/1318 4024/785/1318 4023/787/1318 3833/787/1318
f 3808/741/1344 3974/741/1344 3973/740/1344 3809/740/1344
f 3845/693/1358 3923/693/1358 3922/691/1358 3844/691/1358
f 3834/789/1346 4026/789/1346 4025/788/1346 3899/788/1346
f 3873/743/1347 3975/743/1347 3974/741/1347 3808/741/1347
f 3785/690/1361 3921/690/1361 3924/692/1361 3846/692/1361
f 3835/791/1348 4027/791/1348 4026/789/1348 3834/789/1348
f 3809/740/1349 3973/740/1349 3976/742/1349 3810/742/1349
f 3846/692/1326 3924/692/1326 3923/693/1326 3845/693/1326
f 3899/788/1350 4025/788/1350 4028/790/1350 3900/790/1350
f 3810/742/1351 3976/742/1351 3975/743/1351 3873/743/1351
f 3786/695/1337 3926/695/1337 3925/694/1337 3787/694/1337
f 3900/790/1352 4028/790/1352 4027/791/1352 3835/791/1352
f 3875/745/1353 3978/745/1353 3977/744/1353 3874/744/1353
f 3788/697/1335 3927/697/1335 3926/695/1335 3786/695/1335
f 3876/746/1355 3979/746/1355 3978/745/1355 3875/745/1355
f 3787/694/1334 3925/694/1334 3928/696/1334 3847/696/1334
f 3874/744/1357 3977/744/1357 3980/744/1357 3877/744/1357
f 3847/696/1333 3928/696/1333 3927/697/1333 3788/697/1333
f 3877/744/1360 3980/744/1360 3979/746/1360 3876/746/1360
f 3789/699/1366 3930/699/1366 3929/698/1366 3790/698/1366
f 3811/748/1363 3982/748/1363 3981/747/1363 3812/747/1363
f 3848/701/1340 3931/701/1340 3930/699/1340 3789/699/1340
f 3813/748/1365 3983/748/1365 3982/748/1365 3811/748/1365
f 3790/698/1371 3929/698/1371 3932/700/1371 3791/700/1371
f 3812/747/1368 3981/747/1368 3984/749/1368 3878/749/1368
f 3791/700/1373 3932/700/1373 3931/701/1373 3848/701/1373
f 3878/749/1370 3984/749/1370 3983/748/1370 3813/748/1370
f 3850/703/1965 3934/703/1965 3933/702/1965 3849/702/1965
f 3880/751/1377 3986/751/1377 3985/750/1377 3879/750/1377
f 3851/705/1329 3935/705/1329 3934/703/1329 3850/703/1329
f 3815/753/1379 3987/753/1379 3986/751/1379 3880/751/1379
f 3585/135/1561 4029/793/1571 4030/792/1572 3582/122/1398
f 3582/122/1398 4030/792/1572 4031/794/1574 3637/122/1401
f 3637/122/1401 4031/794/1574 4032/795/1573 3638/135/1565
f 3638/135/1565 4032/795/1573 4029/793/1571 3585/135/1561
f 3586/140/1555 4033/797/1567 4034/796/1568 3583/131/1390
f 3583/131/1390 4034/796/1568 4175/798/1570 3577/131/1393
f 3577/131/1393 4175/798/1570 4035/799/1569 3578/140/1559
f 3578/140/1559 4035/799/1569 4033/797/1567 3586/140/1555
f 3587/142/1966 4036/801/1562 4176/800/1563 3585/135/1561
f 3585/135/1561 4176/800/1563 4178/802/1566 3638/135/1565
f 3638/135/1565 4178/802/1566 4177/803/1967 3639/142/1553
f 3639/142/1553 4177/803/1967 4036/801/1562 3587/142/1966
f 3588/147/1543 4037/805/1556 4038/804/1557 3586/140/1555
f 3586/140/1555 4038/804/1557 4039/806/1560 3578/140/1559
f 3578/140/1559 4039/806/1560 4040/807/1558 3630/147/1547
f 3630/147/1547 4040/807/1558 4037/805/1556 3588/147/1543
f 3589/117/1537 4180/809/1550 4179/808/1551 3587/142/1966
f 3587/142/1966 4179/808/1551 4182/810/1554 3639/142/1553
f 3639/142/1553 4182/810/1554 4181/811/1552 3640/117/1541
f 3640/117/1541 4181/811/1552 4180/809/1550 3589/117/1537
f 3590/154/1534 4041/813/1544 4042/812/1545 3588/147/1543
f 3588/147/1543 4042/812/1545 4043/814/1548 3630/147/1547
f 3630/147/1547 4043/814/1548 4044/815/1546 3579/127/1536
f 3579/127/1536 4044/815/1546 4041/813/1544 3590/154/1534
f 3591/155/1528 4045/817/1538 4183/816/1539 3589/117/1537
f 3589/117/1537 4183/816/1539 4046/818/1968 3640/117/1541
f 3640/117/1541 4046/818/1968 4184/819/1540 3641/116/1532
f 3641/116/1532 4184/819/1540 4045/817/1538 3591/155/1528
f 3592/126/1518 4047/821/1535 4048/820/1535 3590/154/1534
f 3590/154/1534 4048/820/1535 4186/822/1535 3579/127/1536
f 3579/127/1536 4186/822/1535 4185/823/1535 3580/126/1522
f 3580/126/1522 4185/823/1535 4047/821/1535 3592/126/1518
f 3593/130/1969 4049/825/1529 4187/824/1530 3591/155/1528
f 3591/155/1528 4187/824/1530 4050/826/1533 3641/116/1532
f 3641/116/1532 4050/826/1533 4051/827/1531 3571/130/1516
f 3571/130/1516 4051/827/1531 4049/825/1529 3593/130/1969
f 3594/132/1506 4052/829/1524 4188/828/1525 3584/133/1445
f 3584/133/1445 4188/828/1525 4053/830/1527 3635/133/1448
f 3635/133/1448 4053/830/1527 4189/831/1526 3634/132/1510
f 3634/132/1510 4189/831/1526 4052/829/1524 3594/132/1506
f 3595/137/1500 4190/833/1970 4054/832/1520 3592/126/1518
f 3592/126/1518 4054/832/1520 4055/834/1523 3580/126/1522
f 3580/126/1522 4055/834/1523 4056/835/1521 3642/137/1504
f 3642/137/1504 4056/835/1521 4190/833/1970 3595/137/1500
f 3596/139/1494 4192/837/1513 4191/836/1514 3593/130/1969
f 3593/130/1969 4191/836/1514 4057/838/1517 3571/130/1516
f 3571/130/1516 4057/838/1517 4058/839/1515 3633/139/1498
f 3633/139/1498 4058/839/1515 4192/837/1513 3596/139/1494
f 3597/608/1488 4059/841/1507 4060/840/1508 3594/132/1506
f 3594/132/1506 4060/840/1508 4061/842/1511 3634/132/1510
f 3634/132/1510 4061/842/1511 4193/843/1509 3636/141/1492
f 3636/141/1492 4193/843/1509 4059/841/1507 3597/608/1488
f 3598/144/1482 4195/845/1501 4194/844/1502 3595/137/1500
f 3595/137/1500 4194/844/1502 4062/846/1971 3642/137/1504
f 3642/137/1504 4062/846/1971 4063/847/1503 3643/144/1486
f 3643/144/1486 4063/847/1503 4195/845/1501 3598/144/1482
f 3599/146/1476 4064/849/1495 4065/848/1496 3596/139/1494
f 3596/139/1494 4065/848/1496 4066/850/1499 3633/139/1498
f 3633/139/1498 4066/850/1499 4067/851/1497 3632/146/1480
f 3632/146/1480 4067/851/1497 4064/849/1495 3599/146/1476
f 3600/148/1470 4068/853/1489 4196/852/1490 3597/608/1488
f 3597/608/1488 4196/852/1490 4069/854/1493 3636/141/1492
f 3636/141/1492 4069/854/1493 4197/855/1491 3565/148/1474
f 3565/148/1474 4197/855/1491 4068/853/1489 3600/148/1470
f 3601/121/1464 4070/857/1483 4198/856/1484 3598/144/1482
f 3598/144/1482 4198/856/1484 4071/858/1487 3643/144/1486
f 3643/144/1486 4071/858/1487 4199/859/1972 3581/121/1468
f 3581/121/1468 4199/859/1972 4070/857/1483 3601/121/1464
f 3602/125/1458 4072/861/1477 4073/860/1478 3599/146/1476
f 3599/146/1476 4073/860/1478 4074/862/1481 3632/146/1480
f 3632/146/1480 4074/862/1481 4075/863/1479 3631/125/1462
f 3631/125/1462 4075/863/1479 4072/861/1477 3602/125/1458
f 3603/129/1452 4200/865/1973 4076/864/1472 3600/148/1470
f 3600/148/1470 4076/864/1472 4201/866/1475 3565/148/1474
f 3565/148/1474 4201/866/1475 4077/867/1473 3566/129/1456
f 3566/129/1456 4077/867/1473 4200/865/1973 3603/129/1452
f 3604/120/1444 4078/869/1465 4202/868/1466 3601/121/1464
f 3601/121/1464 4202/868/1466 4203/870/1469 3581/121/1468
f 3581/121/1468 4203/870/1469 4079/871/1974 3644/120/1450
f 3644/120/1450 4079/871/1974 4078/869/1465 3604/120/1444
f 3605/124/1438 4205/873/1459 4204/872/1460 3602/125/1458
f 3602/125/1458 4204/872/1460 4206/874/1463 3631/125/1462
f 3631/125/1462 4206/874/1463 4080/875/1461 3572/124/1442
f 3572/124/1442 4080/875/1461 4205/873/1459 3605/124/1438
f 3606/151/1435 4207/877/1453 4081/876/1975 3603/129/1452
f 3603/129/1452 4081/876/1975 4082/878/1457 3566/129/1456
f 3566/129/1456 4082/878/1457 4083/879/1455 3567/128/1437
f 3567/128/1437 4083/879/1455 4207/877/1453 3606/151/1435
f 3584/134/1445 4084/881/1976 4085/880/1447 3604/120/1444
f 3604/120/1444 4085/880/1447 4086/882/1451 3644/120/1450
f 3644/120/1450 4086/882/1451 4087/883/1449 3635/134/1448
f 3635/134/1448 4087/883/1449 4084/881/1976 3584/134/1445
f 3607/136/1429 4208/885/1439 4088/884/1440 3605/124/1438
f 3605/124/1438 4088/884/1440 4089/886/1443 3572/124/1442
f 3572/124/1442 4089/886/1443 4209/887/1441 3573/136/1433
f 3573/136/1433 4209/887/1441 4208/885/1439 3607/136/1429
f 3608/138/1423 4090/889/1436 4210/888/1436 3606/151/1435
f 3606/151/1435 4210/888/1436 4211/890/1436 3567/128/1437
f 3567/128/1437 4211/890/1436 4091/891/1436 3568/138/1427
f 3568/138/1427 4091/891/1436 4090/889/1436 3608/138/1423
f 3609/152/1417 4213/893/1430 4212/892/1431 3607/136/1429
f 3607/136/1429 4212/892/1431 4214/894/1977 3573/136/1433
f 3573/136/1433 4214/894/1977 4092/895/1432 3574/143/1421
f 3574/143/1421 4092/895/1432 4213/893/1430 3609/152/1417
f 3610/145/1411 4216/897/1424 4215/896/1425 3608/138/1423
f 3608/138/1423 4215/896/1425 4217/898/1428 3568/138/1427
f 3568/138/1427 4217/898/1428 4093/899/1426 3569/145/1415
f 3569/145/1415 4093/899/1426 4216/897/1424 3610/145/1411
f 3611/119/1978 4094/901/1418 4095/900/1419 3609/152/1417
f 3609/152/1417 4095/900/1419 4096/902/1422 3574/143/1421
f 3574/143/1421 4096/902/1422 4097/903/1420 3575/119/1409
f 3575/119/1409 4097/903/1420 4094/901/1418 3611/119/1978
f 3612/123/1397 4218/905/1412 4098/904/1413 3610/145/1411
f 3610/145/1411 4098/904/1413 4219/906/1416 3569/145/1415
f 3569/145/1415 4219/906/1416 4099/907/1414 3570/123/1403
f 3570/123/1403 4099/907/1414 4218/905/1412 3612/123/1397
f 3613/153/1389 4220/909/1406 4100/908/1407 3611/119/1978
f 3611/119/1978 4100/908/1407 4222/910/1979 3575/119/1409
f 3575/119/1409 4222/910/1979 4221/911/1408 3576/118/1395
f 3576/118/1395 4221/911/1408 4220/909/1406 3613/153/1389
f 3582/122/1398 4101/913/1399 4223/912/1400 3612/123/1397
f 3612/123/1397 4223/912/1400 4102/914/1404 3570/123/1403
f 3570/123/1403 4102/914/1404 4103/915/1402 3637/122/1401
f 3637/122/1401 4103/915/1402 4101/913/1399 3582/122/1398
f 3583/131/1390 4104/917/1391 4105/916/1392 3613/153/1389
f 3613/153/1389 4105/916/1392 4106/918/1396 3576/118/1395
f 3576/118/1395 4106/918/1396 4224/919/1394 3577/131/1393
f 3577/131/1393 4224/919/1394 4104/917/1391 3583/131/1390
f 3632/146/1480 4225/921/1605 4226/920/1605 3633/139/1498
f 3633/139/1498 4226/920/1605 4107/922/1605 3688/139/1606
f 3688/139/1606 4107/922/1605 4108/921/1605 3686/146/1075
f 3686/146/1075 4108/921/1605 4225/921/1605 3632/146/1480
f 3633/139/1498 4227/924/1607 4109/923/1607 3571/130/1516
f 3571/130/1516 4109/923/1607 4110/925/1607 3687/130/1608
f 3687/130/1608 4110/925/1607 4228/926/1607 3688/139/1606
f 3688/139/1606 4228/926/1607 4227/924/1607 3633/139/1498
f 3571/130/1516 4111/928/1609 4229/927/1609 3641/116/1532
f 3641/116/1532 4229/927/1609 4112/929/1609 3702/116/1610
f 3702/116/1610 4112/929/1609 4113/930/1609 3687/130/1608
f 3687/130/1608 4113/930/1609 4111/928/1609 3571/130/1516
f 3641/116/1532 4114/932/1611 4230/931/1611 3640/117/1541
f 3640/117/1541 4230/931/1611 4231/933/1611 3701/117/1612
f 3701/117/1612 4231/933/1611 4115/934/1611 3702/116/1610
f 3702/116/1610 4115/934/1611 4114/932/1611 3641/116/1532
f 3640/117/1541 4116/936/1613 4232/935/1613 3639/142/1553
f 3639/142/1553 4232/935/1613 4117/937/1613 3700/142/1614
f 3700/142/1614 4117/937/1613 4233/936/1613 3701/117/1612
f 3701/117/1612 4233/936/1613 4116/936/1613 3640/117/1541
f 3639/142/1553 4234/939/1615 4235/938/1615 3638/135/1565
f 3638/135/1565 4235/938/1615 4236/940/1615 3699/135/1616
f 3699/135/1616 4236/940/1615 4118/941/1615 3700/142/1614
f 3700/142/1614 4118/941/1615 4234/939/1615 3639/142/1553
f 3638/135/1565 4119/943/1617 4237/942/1617 3637/122/1401
f 3637/122/1401 4237/942/1617 4120/942/1617 3698/122/1619
f 3698/122/1619 4120/942/1617 4121/944/1617 3699/135/1616
f 3699/135/1616 4121/944/1617 4119/943/1617 3638/135/1565
f 3637/122/1401 4122/946/1620 4123/945/1620 3570/123/1403
f 3570/123/1403 4123/945/1620 4124/947/1620 3697/123/1621
f 3697/123/1621 4124/947/1620 4238/948/1620 3698/122/1619
f 3698/122/1619 4238/948/1620 4122/946/1620 3637/122/1401
f 3570/123/1403 4125/950/1622 4239/949/1622 3569/145/1415
f 3569/145/1415 4239/949/1622 4241/951/1622 3696/145/1623
f 3696/145/1623 4241/951/1622 4240/952/1622 3697/123/1621
f 3697/123/1621 4240/952/1622 4125/950/1622 3570/123/1403
f 3569/145/1415 4242/954/1624 4243/953/1624 3568/138/1427
f 3568/138/1427 4243/953/1624 4244/955/1624 3695/138/1625
f 3695/138/1625 4244/955/1624 4126/956/1624 3696/145/1623
f 3696/145/1623 4126/956/1624 4242/954/1624 3569/145/1415
f 3568/138/1427 4127/958/1626 4128/957/1626 3567/128/1437
f 3567/128/1437 4128/957/1626 4129/959/1626 3694/128/1627
f 3694/128/1627 4129/959/1626 4245/960/1626 3695/138/1625
f 3695/138/1625 4245/960/1626 4127/958/1626 3568/138/1427
f 3635/134/1448 4130/962/1628 4246/961/1628 3644/120/1450
f 3644/120/1450 4246/961/1628 4247/961/1628 3708/120/1629
f 3708/120/1629 4247/961/1628 4131/963/1628 3690/134/1043
f 3690/134/1043 4131/963/1628 4130/962/1628 3635/134/1448
f 3567/128/1437 4248/965/1630 4132/964/1631 3566/129/1456
f 3566/129/1456 4132/964/1631 4133/966/1631 3693/129/1632
f 3693/129/1632 4133/966/1631 4134/967/1630 3694/128/1627
f 3694/128/1627 4134/967/1630 4248/965/1630 3567/128/1437
f 3644/120/1450 4249/969/1633 4250/968/1633 3581/121/1468
f 3581/121/1468 4250/968/1633 4251/968/1633 3707/121/1634
f 3707/121/1634 4251/968/1633 4135/969/1633 3708/120/1629
f 3708/120/1629 4135/969/1633 4249/969/1633 3644/120/1450
f 3631/125/1462 4136/971/1575 4137/970/1575 3632/146/1480
f 3632/146/1480 4137/970/1575 4252/972/1575 3686/146/1075
f 3686/146/1075 4252/972/1575 4138/973/1575 3685/125/1576
f 3685/125/1576 4138/973/1575 4136/971/1575 3631/125/1462
f 3572/124/1442 4253/975/1577 4139/974/1577 3631/125/1462
f 3631/125/1462 4139/974/1577 4255/976/1577 3685/125/1576
f 3685/125/1576 4255/976/1577 4254/977/1577 3684/124/1578
f 3684/124/1578 4254/977/1577 4253/975/1577 3572/124/1442
f 3573/136/1433 4140/979/1579 4141/978/1579 3572/124/1442
f 3572/124/1442 4141/978/1579 4142/980/1579 3684/124/1578
f 3684/124/1578 4142/980/1579 4143/981/1579 3683/136/1580
f 3683/136/1580 4143/981/1579 4140/979/1579 3573/136/1433
f 3574/143/1421 4144/983/1581 4256/982/1581 3573/136/1433
f 3573/136/1433 4256/982/1581 4145/984/1581 3683/136/1580
f 3683/136/1580 4145/984/1581 4257/985/1581 3682/143/1582
f 3682/143/1582 4257/985/1581 4144/983/1581 3574/143/1421
f 3575/119/1409 4258/987/1583 4146/986/1583 3574/143/1421
f 3574/143/1421 4146/986/1583 4260/988/1583 3682/143/1582
f 3682/143/1582 4260/988/1583 4259/987/1583 3681/119/1584
f 3681/119/1584 4259/987/1583 4258/987/1583 3575/119/1409
f 3576/118/1395 4261/990/1585 4147/989/1585 3575/119/1409
f 3575/119/1409 4147/989/1585 4262/991/1585 3681/119/1584
f 3681/119/1584 4262/991/1585 4148/992/1585 3680/118/1586
f 3680/118/1586 4148/992/1585 4261/990/1585 3576/118/1395
f 3577/131/1393 4149/994/1587 4263/993/1587 3576/118/1395
f 3576/118/1395 4263/993/1587 4150/995/1588 3680/118/1586
f 3680/118/1586 4150/995/1588 4264/996/1587 3679/131/1589
f 3679/131/1589 4264/996/1587 4149/994/1587 3577/131/1393
f 3578/140/1559 4151/998/1590 4152/997/1590 3577/131/1393
f 3577/131/1393 4152/997/1590 4265/997/1590 3679/131/1589
f 3679/131/1589 4265/997/1590 4153/998/1590 3678/140/1591
f 3678/140/1591 4153/998/1590 4151/998/1590 3578/140/1559
f 3630/147/1547 4266/1000/1592 4267/999/1592 3578/140/1559
f 3578/140/1559 4267/999/1592 4268/999/1592 3678/140/1591
f 3678/140/1591 4268/999/1592 4154/1001/1592 3677/147/1593
f 3677/147/1593 4154/1001/1592 4266/1000/1592 3630/147/1547
f 3579/127/1536 4155/1003/1594 4156/1002/1594 3630/147/1547
f 3630/147/1547 4156/1002/1594 4270/1004/1594 3677/147/1593
f 3677/147/1593 4270/1004/1594 4269/1005/1594 3703/127/1595
f 3703/127/1595 4269/1005/1594 4155/1003/1594 3579/127/1536
f 3580/126/1522 4157/1007/1596 4158/1006/1596 3579/127/1536
f 3579/127/1536 4158/1006/1596 4271/1008/1596 3703/127/1595
f 3703/127/1595 4271/1008/1596 4159/1009/1596 3704/126/1597
f 3704/126/1597 4159/1009/1596 4157/1007/1596 3580/126/1522
f 3634/132/1510 4160/1011/1598 4161/1010/1598 3635/133/1448
f 3635/133/1448 4161/1010/1598 4162/1012/1598 3690/133/1043
f 3690/133/1043 4162/1012/1598 4272/1013/1598 3689/132/1599
f 3689/132/1599 4272/1013/1598 4160/1011/1598 3634/132/1510
f 3642/137/1504 4273/1015/1980 4163/1014/1600 3580/126/1522
f 3580/126/1522 4163/1014/1600 4274/1016/1600 3704/126/1597
f 3704/126/1597 4274/1016/1600 4164/1015/1602 3705/137/1601
f 3705/137/1601 4164/1015/1602 4273/1015/1980 3642/137/1504
f 3636/141/1492 4165/1018/1603 4166/1017/1603 3634/132/1510
f 3634/132/1510 4166/1017/1603 4275/1019/1603 3689/132/1599
f 3689/132/1599 4275/1019/1603 4167/1020/1603 3691/141/1604
f 3691/141/1604 4167/1020/1603 4165/1018/1603 3636/141/1492
f 3643/144/1486 4276/1022/1640 4168/1021/1640 3642/137/1504
f 3642/137/1504 4168/1021/1640 4277/1021/1640 3705/137/1601
f 3705/137/1601 4277/1021/1640 4169/1023/1640 3706/144/1638
f 3706/144/1638 4169/1023/1640 4276/1022/1640 3643/144/1486
f 3565/148/1474 4170/1025/1639 4171/1024/1639 3636/141/1492
f 3636/141/1492 4171/1024/1639 4278/1026/1639 3691/141/1604
f 3691/141/1604 4278/1026/1639 4172/1027/1639 3692/148/1636
f 3692/148/1636 4172/1027/1639 4170/1025/1639 3565/148/1474
f 3581/121/1468 4279/1029/1637 4280/1028/1637 3643/144/1486
f 3643/144/1486 4280/1028/1637 4173/1030/1637 3706/144/1638
f 3706/144/1638 4173/1030/1637 4281/1031/1637 3707/121/1634
f 3707/121/1634 4281/1031/1637 4279/1029/1637 3581/121/1468
f 3566/129/1456 4174/1033/1635 4282/1032/1635 3565/148/1474
f 3565/148/1474 4282/1032/1635 4284/1034/1635 3692/148/1636
f 3692/148/1636 4284/1034/1635 4283/1035/1635 3693/129/1632
f 3693/129/1632 4283/1035/1635 4174/1033/1635 3566/129/1456
f 4276/1022/1981 4525/1022/1981 4526/1021/1981 4168/1021/1981
f 4186/822/1982 4316/822/1982 4315/823/1982 4185/823/1982
f 4110/925/1861 4420/925/1861 4419/926/1861 4228/926/1861
f 4275/1019/1845 4524/1019/1845 4523/1020/1845 4167/1020/1845
f 4048/820/1882 4313/820/1882 4316/822/1882 4186/822/1882
f 4109/923/1857 4418/923/1857 4420/925/1857 4110/925/1857
f 4166/1017/1841 4522/1017/1841 4524/1019/1841 4275/1019/1841
f 4185/823/1884 4315/823/1884 4314/821/1884 4047/821/1884
f 4228/926/1983 4419/926/1983 4417/924/1983 4227/924/1983
f 4167/1020/1843 4523/1020/1843 4521/1018/1843 4165/1018/1843
f 4047/821/1880 4314/821/1880 4313/820/1880 4048/820/1880
f 4227/924/1855 4417/924/1855 4418/923/1855 4109/923/1855
f 4165/1018/1839 4521/1018/1839 4522/1017/1839 4166/1017/1839
f 4046/818/1894 4312/818/1894 4311/819/1894 4184/819/1894
f 4107/922/1853 4416/922/1853 4415/921/1853 4108/921/1853
f 4274/1016/1837 4520/1016/1837 4519/1015/1837 4164/1015/1837
f 4183/816/1890 4309/816/1890 4312/818/1890 4046/818/1890
f 4226/920/1849 4414/920/1849 4416/922/1849 4107/922/1849
f 4163/1014/1984 4518/1014/1984 4520/1016/1984 4274/1016/1984
f 4184/819/1892 4311/819/1892 4310/817/1892 4045/817/1892
f 4108/921/1851 4415/921/1851 4413/921/1851 4225/921/1851
f 4164/1015/1835 4519/1015/1835 4517/1015/1835 4273/1015/1835
f 4045/817/1888 4310/817/1888 4309/816/1888 4183/816/1888
f 4225/921/1847 4413/921/1847 4414/920/1847 4226/920/1847
f 4273/1015/1831 4517/1015/1831 4518/1014/1831 4163/1014/1831
f 4043/814/1905 4308/814/1905 4307/815/1905 4044/815/1905
f 4106/918/1906 4412/918/1906 4411/919/1906 4224/919/1906
f 4162/1012/1829 4516/1012/1829 4515/1013/1829 4272/1013/1829
f 4042/812/1899 4305/812/1899 4308/814/1899 4043/814/1899
f 4105/916/1900 4409/916/1900 4412/918/1900 4106/918/1900
f 4161/1010/1985 4514/1010/1985 4516/1012/1985 4162/1012/1985
f 4044/815/1902 4307/815/1902 4306/813/1902 4041/813/1902
f 4224/919/1903 4411/919/1903 4410/917/1903 4104/917/1903
f 4272/1013/1986 4515/1013/1986 4513/1011/1986 4160/1011/1986
f 4041/813/1896 4306/813/1896 4305/812/1896 4042/812/1896
f 4104/917/1897 4410/917/1897 4409/916/1897 4105/916/1897
f 4160/1011/1823 4513/1011/1823 4514/1010/1823 4161/1010/1823
f 4182/810/1917 4304/810/1917 4303/811/1917 4181/811/1917
f 4102/914/1918 4408/914/1918 4407/915/1918 4103/915/1918
f 4271/1008/1821 4512/1008/1821 4511/1009/1821 4159/1009/1821
f 4179/808/1911 4301/808/1911 4304/810/1911 4182/810/1911
f 4223/912/1912 4405/912/1912 4408/914/1912 4102/914/1912
f 4158/1006/1817 4510/1006/1817 4512/1008/1817 4271/1008/1817
f 4181/811/1987 4303/811/1987 4302/809/1987 4180/809/1987
f 4103/915/1915 4407/915/1915 4406/913/1915 4101/913/1915
f 4159/1009/1819 4511/1009/1819 4509/1007/1819 4157/1007/1819
f 4180/809/1908 4302/809/1908 4301/808/1908 4179/808/1908
f 4101/913/1909 4406/913/1909 4405/912/1909 4223/912/1909
f 4157/1007/1815 4509/1007/1815 4510/1006/1815 4158/1006/1815
f 4039/806/1704 4300/806/1704 4299/807/1704 4040/807/1704
f 4222/910/1703 4404/910/1703 4403/911/1703 4221/911/1703
f 4270/1004/1813 4508/1004/1813 4507/1005/1813 4269/1005/1813
f 4038/804/1923 4297/804/1923 4300/806/1923 4039/806/1923
f 4100/908/1924 4401/908/1924 4404/910/1924 4222/910/1924
f 4156/1002/1809 4506/1002/1809 4508/1004/1809 4270/1004/1809
f 4040/807/1926 4299/807/1926 4298/805/1926 4037/805/1926
f 4221/911/1927 4403/911/1927 4402/909/1927 4220/909/1927
f 4269/1005/1811 4507/1005/1811 4505/1003/1811 4155/1003/1811
f 4037/805/1920 4298/805/1920 4297/804/1920 4038/804/1920
f 4220/909/1921 4402/909/1921 4401/908/1921 4100/908/1921
f 4155/1003/1807 4505/1003/1807 4506/1002/1807 4156/1002/1807
f 4178/802/1692 4296/802/1692 4295/803/1692 4177/803/1692
f 4219/906/1691 4400/906/1691 4399/907/1691 4099/907/1691
f 4268/999/1805 4504/999/1805 4503/1001/1805 4154/1001/1805
f 4286/793/1735 4287/795/1735 4288/794/1735 4285/792/1735
f 4290/797/1734 4291/799/1734 4292/798/1734 4289/796/1734
f 4294/801/1733 4295/803/1733 4296/802/1733 4293/800/1733
f 4298/805/1732 4299/807/1732 4300/806/1732 4297/804/1732
f 4302/809/1731 4303/811/1731 4304/810/1731 4301/808/1731
f 4306/813/1730 4307/815/1730 4308/814/1730 4305/812/1730
f 4310/817/1729 4311/819/1729 4312/818/1729 4309/816/1729
f 4314/821/1535 4315/823/1535 4316/822/1535 4313/820/1535
f 4318/825/1728 4319/827/1728 4320/826/1728 4317/824/1728
f 4322/829/1727 4323/831/1727 4324/830/1727 4321/828/1727
f 4326/833/1726 4327/835/1726 4328/834/1726 4325/832/1726
f 4330/837/1725 4331/839/1725 4332/838/1725 4329/836/1725
f 4334/841/1724 4335/843/1724 4336/842/1724 4333/840/1724
f 4338/845/1723 4339/847/1723 4340/846/1723 4337/844/1723
f 4342/849/1722 4343/851/1722 4344/850/1722 4341/848/1722
f 4346/853/1721 4347/855/1721 4348/854/1721 4345/852/1721
f 4350/857/1720 4351/859/1720 4352/858/1720 4349/856/1720
f 4354/861/1719 4355/863/1719 4356/862/1719 4353/860/1719
f 4358/865/1718 4359/867/1718 4360/866/1718 4357/864/1718
f 4362/869/1717 4363/871/1717 4364/870/1717 4361/868/1717
f 4366/873/1716 4367/875/1716 4368/874/1716 4365/872/1716
f 4370/877/1715 4371/879/1715 4372/878/1715 4369/876/1715
f 4374/881/1714 4375/883/1714 4376/882/1714 4373/880/1714
f 4378/885/1713 4379/887/1713 4380/886/1713 4377/884/1713
f 4382/889/1436 4383/891/1436 4384/890/1436 4381/888/1436
f 4386/893/1712 4387/895/1712 4388/894/1712 4385/892/1712
f 4390/897/1711 4391/899/1711 4392/898/1711 4389/896/1711
f 4394/901/1710 4395/903/1710 4396/902/1710 4393/900/1710
f 4398/905/1709 4399/907/1709 4400/906/1709 4397/904/1709
f 4402/909/1708 4403/911/1708 4404/910/1708 4401/908/1708
f 4406/913/1707 4407/915/1707 4408/914/1707 4405/912/1707
f 4410/917/1706 4411/919/1706 4412/918/1706 4409/916/1706
f 4413/921/1605 4415/921/1605 4416/922/1605 4414/920/1605
f 4417/924/1607 4419/926/1607 4420/925/1607 4418/923/1607
f 4421/928/1609 4423/930/1609 4424/929/1609 4422/927/1609
f 4425/932/1611 4427/934/1611 4428/933/1611 4426/931/1611
f 4429/936/1613 4431/936/1613 4432/937/1613 4430/935/1613
f 4433/939/1615 4435/941/1615 4436/940/1615 4434/938/1615
f 4437/943/1617 4439/944/1617 4440/942/1617 4438/942/1617
f 4441/946/1620 4443/948/1620 4444/947/1620 4442/945/1620
f 4445/950/1622 4447/952/1622 4448/951/1622 4446/949/1622
f 4449/954/1624 4451/956/1624 4452/955/1624 4450/953/1624
f 4453/958/1626 4455/960/1626 4456/959/1626 4454/957/1626
f 4457/962/1628 4459/963/1628 4460/961/1628 4458/961/1628
f 4461/965/1631 4463/967/1631 4464/966/1631 4462/964/1631
f 4465/969/1633 4467/969/1633 4468/968/1633 4466/968/1633
f 4469/971/1575 4471/973/1575 4472/972/1575 4470/970/1575
f 4473/975/1577 4475/977/1577 4476/976/1577 4474/974/1577
f 4477/979/1579 4479/981/1579 4480/980/1579 4478/978/1579
f 4481/983/1581 4483/985/1581 4484/984/1581 4482/982/1581
f 4485/987/1583 4487/987/1583 4488/988/1583 4486/986/1583
f 4489/990/1585 4491/992/1585 4492/991/1585 4490/989/1585
f 4493/994/1587 4495/996/1587 4496/995/1587 4494/993/1587
f 4497/998/1590 4499/998/1590 4500/997/1590 4498/997/1590
f 4501/1000/1592 4503/1001/1592 4504/999/1592 4502/999/1592
f 4505/1003/1594 4507/1005/1594 4508/1004/1594 4506/1002/1594
f 4509/1007/1596 4511/1009/1596 4512/1008/1596 4510/1006/1596
f 4513/1011/1598 4515/1013/1598 4516/1012/1598 4514/1010/1598
f 4517/1015/1600 4519/1015/1600 4520/1016/1600 4518/1014/1600
f 4521/1018/1603 4523/1020/1603 4524/1019/1603 4522/1017/1603
f 4525/1022/1640 4527/1023/1640 4528/1021/1640 4526/1021/1640
f 4529/1025/1639 4531/1027/1639 4532/1026/1639 4530/1024/1639
f 4533/1029/1637 4535/1031/1637 4536/1030/1637 4534/1028/1637
f 4537/1033/1635 4539/1035/1635 4540/1034/1635 4538/1032/1635
f 4111/928/1988 4421/928/1988 4422/927/1988 4229/927/1988
f 4049/825/1872 4318/825/1872 4317/824/1872 4187/824/1872
f 4169/1023/1989 4527/1023/1989 4525/1022/1989 4276/1022/1989
f 4113/930/1867 4423/930/1867 4421/928/1867 4111/928/1867
f 4051/827/1990 4319/827/1990 4318/825/1990 4049/825/1990
f 4168/1021/1774 4526/1021/1774 4528/1021/1774 4277/1021/1774
f 4229/927/1865 4422/927/1865 4424/929/1865 4112/929/1865
f 4187/824/1874 4317/824/1874 4320/826/1874 4050/826/1874
f 4277/1021/1991 4528/1021/1991 4527/1023/1991 4169/1023/1991
f 4112/929/1992 4424/929/1992 4423/930/1992 4113/930/1992
f 4050/826/1878 4320/826/1878 4319/827/1878 4051/827/1878
f 4170/1025/1759 4529/1025/1759 4530/1024/1759 4171/1024/1759
f 4114/932/1871 4425/932/1871 4426/931/1871 4230/931/1871
f 4052/829/1864 4322/829/1864 4321/828/1864 4188/828/1864
f 4172/1027/1765 4531/1027/1765 4529/1025/1765 4170/1025/1765
f 4115/934/1993 4427/934/1993 4425/932/1993 4114/932/1993
f 4189/831/1868 4323/831/1868 4322/829/1868 4052/829/1868
f 4171/1024/1762 4530/1024/1762 4532/1026/1762 4278/1026/1762
f 4230/931/1994 4426/931/1994 4428/933/1994 4231/933/1994
f 4188/828/1866 4321/828/1866 4324/830/1866 4053/830/1866
f 4278/1026/1768 4532/1026/1768 4531/1027/1768 4172/1027/1768
f 4231/933/1877 4428/933/1877 4427/934/1877 4115/934/1877
f 4053/830/1870 4324/830/1870 4323/831/1870 4189/831/1870
f 4279/1029/1747 4533/1029/1747 4534/1028/1747 4280/1028/1747
f 4116/936/1879 4429/936/1879 4430/935/1879 4232/935/1879
f 4190/833/1856 4326/833/1856 4325/832/1856 4054/832/1856
f 4281/1031/1753 4535/1031/1753 4533/1029/1753 4279/1029/1753
f 4233/936/1883 4431/936/1883 4429/936/1883 4116/936/1883
f 4056/835/1860 4327/835/1860 4326/833/1860 4190/833/1860
f 4280/1028/1750 4534/1028/1750 4536/1030/1750 4173/1030/1750
f 4232/935/1881 4430/935/1881 4432/937/1881 4117/937/1881
f 4054/832/1858 4325/832/1858 4328/834/1858 4055/834/1858
f 4173/1030/1756 4536/1030/1756 4535/1031/1756 4281/1031/1756
f 4117/937/1885 4432/937/1885 4431/936/1885 4233/936/1885
f 4055/834/1862 4328/834/1862 4327/835/1862 4056/835/1862
f 4174/1033/1642 4537/1033/1642 4538/1032/1642 4282/1032/1642
f 4234/939/1887 4433/939/1887 4434/938/1887 4235/938/1887
f 4192/837/1848 4330/837/1848 4329/836/1848 4191/836/1848
f 4283/1035/1741 4539/1035/1741 4537/1033/1741 4174/1033/1741
f 4118/941/1891 4435/941/1891 4433/939/1891 4234/939/1891
f 4058/839/1995 4331/839/1995 4330/837/1995 4192/837/1995
f 4282/1032/1996 4538/1032/1996 4540/1034/1996 4284/1034/1996
f 4235/938/1889 4434/938/1889 4436/940/1889 4236/940/1889
f 4191/836/1997 4329/836/1997 4332/838/1997 4057/838/1997
f 4284/1034/1744 4540/1034/1744 4539/1035/1744 4283/1035/1744
f 4236/940/1893 4436/940/1893 4435/941/1893 4118/941/1893
f 4057/838/1998 4332/838/1998 4331/839/1998 4058/839/1998
f 4119/943/1895 4437/943/1895 4438/942/1895 4237/942/1895
f 4059/841/1840 4334/841/1840 4333/840/1840 4060/840/1840
f 4121/944/1999 4439/944/1999 4437/943/1999 4119/943/1999
f 4193/843/1844 4335/843/1844 4334/841/1844 4059/841/1844
f 4237/942/2000 4438/942/2000 4440/942/2000 4120/942/2000
f 4060/840/1842 4333/840/1842 4336/842/1842 4061/842/1842
f 4120/942/1904 4440/942/1904 4439/944/1904 4121/944/1904
f 4061/842/1846 4336/842/1846 4335/843/1846 4193/843/1846
f 4122/946/1907 4441/946/1907 4442/945/1907 4123/945/1907
f 4195/845/2001 4338/845/2001 4337/844/2001 4194/844/2001
f 4238/948/1913 4443/948/1913 4441/946/1913 4122/946/1913
f 4063/847/2002 4339/847/2002 4338/845/2002 4195/845/2002
f 4123/945/1910 4442/945/1910 4444/947/1910 4124/947/1910
f 4194/844/1834 4337/844/1834 4340/846/1834 4062/846/1834
f 4124/947/1916 4444/947/1916 4443/948/1916 4238/948/1916
f 4062/846/1838 4340/846/1838 4339/847/1838 4063/847/1838
f 4125/950/1919 4445/950/1919 4446/949/1919 4239/949/1919
f 4064/849/1824 4342/849/1824 4341/848/1824 4065/848/1824
f 4240/952/1925 4447/952/1925 4445/950/1925 4125/950/1925
f 4067/851/1828 4343/851/1828 4342/849/1828 4064/849/1828
f 4239/949/1922 4446/949/1922 4448/951/1922 4241/951/1922
f 4065/848/2003 4341/848/2003 4344/850/2003 4066/850/2003
f 4241/951/1705 4448/951/1705 4447/952/1705 4240/952/1705
f 4066/850/1830 4344/850/1830 4343/851/1830 4067/851/1830
f 4242/954/1702 4449/954/1702 4450/953/1702 4243/953/1702
f 4068/853/1816 4346/853/1816 4345/852/1816 4196/852/1816
f 4126/956/1696 4451/956/1696 4449/954/1696 4242/954/1696
f 4197/855/1820 4347/855/1820 4346/853/1820 4068/853/1820
f 4243/953/1699 4450/953/1699 4452/955/1699 4244/955/1699
f 4196/852/1818 4345/852/1818 4348/854/1818 4069/854/1818
f 4244/955/2004 4452/955/2004 4451/956/2004 4126/956/2004
f 4069/854/1822 4348/854/1822 4347/855/1822 4197/855/1822
f 4127/958/1690 4453/958/1690 4454/957/1690 4128/957/1690
f 4070/857/1808 4350/857/1808 4349/856/1808 4198/856/1808
f 4245/960/1684 4455/960/1684 4453/958/1684 4127/958/1684
f 4199/859/1812 4351/859/1812 4350/857/1812 4070/857/1812
f 4128/957/1687 4454/957/1687 4456/959/1687 4129/959/1687
f 4198/856/1810 4349/856/1810 4352/858/1810 4071/858/1810
f 4129/959/1681 4456/959/1681 4455/960/1681 4245/960/1681
f 4071/858/1814 4352/858/1814 4351/859/1814 4199/859/1814
f 4130/962/1678 4457/962/1678 4458/961/1678 4246/961/1678
f 4072/861/1800 4354/861/1800 4353/860/1800 4073/860/1800
f 4131/963/2005 4459/963/2005 4457/962/2005 4130/962/2005
f 4075/863/2006 4355/863/2006 4354/861/2006 4072/861/2006
f 4246/961/2007 4458/961/2007 4460/961/2007 4247/961/2007
f 4073/860/1802 4353/860/1802 4356/862/1802 4074/862/1802
f 4247/961/1669 4460/961/1669 4459/963/1669 4131/963/1669
f 4074/862/1806 4356/862/1806 4355/863/1806 4075/863/1806
f 4248/965/1666 4461/965/1666 4462/964/1666 4132/964/1666
f 4200/865/2008 4358/865/2008 4357/864/2008 4076/864/2008
f 4134/967/2009 4463/967/2009 4461/965/2009 4248/965/2009
f 4077/867/2010 4359/867/2010 4358/865/2010 4200/865/2010
f 4132/964/1663 4462/964/1663 4464/966/1663 4133/966/1663
f 4076/864/2011 4357/864/2011 4360/866/2011 4201/866/2011
f 4133/966/1657 4464/966/1657 4463/967/1657 4134/967/1657
f 4201/866/1798 4360/866/1798 4359/867/1798 4077/867/1798
f 4249/969/1654 4465/969/1654 4466/968/1654 4250/968/1654
f 4078/869/1784 4362/869/1784 4361/868/1784 4202/868/1784
f 4135/969/1648 4467/969/1648 4465/969/1648 4249/969/1648
f 4079/871/1788 4363/871/1788 4362/869/1788 4078/869/1788
f 4250/968/1651 4466/968/1651 4468/968/1651 4251/968/1651
f 4202/868/2012 4361/868/2012 4364/870/2012 4203/870/2012
f 4251/968/1645 4468/968/1645 4467/969/1645 4135/969/1645
f 4203/870/1790 4364/870/1790 4363/871/1790 4079/871/1790
f 4136/971/1665 4469/971/1665 4470/970/1665 4137/970/1665
f 4205/873/1773 4366/873/1773 4365/872/1773 4204/872/1773
f 4138/973/1659 4471/973/1659 4469/971/1659 4136/971/1659
f 4080/875/1779 4367/875/1779 4366/873/1779 4205/873/1779
f 4137/970/1662 4470/970/1662 4472/972/1662 4252/972/1662
f 4204/872/2013 4365/872/2013 4368/874/2013 4206/874/2013
f 4252/972/1656 4472/972/1656 4471/973/1656 4138/973/1656
f 4206/874/1782 4368/874/1782 4367/875/1782 4080/875/1782
f 4253/975/1653 4473/975/1653 4474/974/1653 4139/974/1653
f 4207/877/1761 4370/877/1761 4369/876/1761 4081/876/1761
f 4254/977/1647 4475/977/1647 4473/975/1647 4253/975/1647
f 4083/879/1767 4371/879/1767 4370/877/1767 4207/877/1767
f 4139/974/2014 4474/974/2014 4476/976/2014 4255/976/2014
f 4081/876/1764 4369/876/1764 4372/878/1764 4082/878/1764
f 4255/976/1644 4476/976/1644 4475/977/1644 4254/977/1644
f 4082/878/1770 4372/878/1770 4371/879/1770 4083/879/1770
f 4140/979/1736 4477/979/1736 4478/978/1736 4141/978/1736
f 4084/881/1749 4374/881/1749 4373/880/1749 4085/880/1749
f 4143/981/1742 4479/981/1742 4477/979/1742 4140/979/1742
f 4087/883/1755 4375/883/1755 4374/881/1755 4084/881/1755
f 4141/978/1739 4478/978/1739 4480/980/1739 4142/980/1739
f 4085/880/1752 4373/880/1752 4376/882/1752 4086/882/1752
f 4142/980/1745 4480/980/1745 4479/981/1745 4143/981/1745
f 4086/882/1758 4376/882/1758 4375/883/1758 4087/883/1758
f 4144/983/1748 4481/983/1748 4482/982/1748 4256/982/1748
f 4208/885/1737 4378/885/1737 4377/884/1737 4088/884/1737
f 4257/985/2015 4483/985/2015 4481/983/2015 4144/983/2015
f 4209/887/1743 4379/887/1743 4378/885/1743 4208/885/1743
f 4256/982/2016 4482/982/2016 4484/984/2016 4145/984/2016
f 4088/884/2017 4377/884/2017 4380/886/2017 4089/886/2017
f 4145/984/1757 4484/984/1757 4483/985/1757 4257/985/1757
f 4089/886/1746 4380/886/1746 4379/887/1746 4209/887/1746
f 4258/987/1760 4485/987/1760 4486/986/1760 4146/986/1760
f 4090/889/1652 4382/889/1652 4381/888/1652 4210/888/1652
f 4259/987/1766 4487/987/1766 4485/987/1766 4258/987/1766
f 4091/891/1646 4383/891/1646 4382/889/1646 4090/889/1646
f 4146/986/1763 4486/986/1763 4488/988/1763 4260/988/1763
f 4210/888/1649 4381/888/1649 4384/890/1649 4211/890/1649
f 4260/988/1769 4488/988/1769 4487/987/1769 4259/987/1769
f 4211/890/2018 4384/890/2018 4383/891/2018 4091/891/2018
f 4261/990/1772 4489/990/1772 4490/989/1772 4147/989/1772
f 4213/893/1664 4386/893/1664 4385/892/1664 4212/892/1664
f 4148/992/1778 4491/992/1778 4489/990/1778 4261/990/1778
f 4092/895/1658 4387/895/1658 4386/893/1658 4213/893/1658
f 4147/989/1775 4490/989/1775 4492/991/1775 4262/991/1775
f 4212/892/1661 4385/892/1661 4388/894/1661 4214/894/1661
f 4262/991/1781 4492/991/1781 4491/992/1781 4148/992/1781
f 4214/894/1655 4388/894/1655 4387/895/1655 4092/895/1655
f 4149/994/1783 4493/994/1783 4494/993/1783 4263/993/1783
f 4216/897/1676 4390/897/1676 4389/896/1676 4215/896/1676
f 4029/793/1677 4286/793/1677 4285/792/1677 4030/792/1677
f 4264/996/2019 4495/996/2019 4493/994/2019 4149/994/2019
f 4093/899/1670 4391/899/1670 4390/897/1670 4216/897/1670
f 4032/795/1671 4287/795/1671 4286/793/1671 4029/793/1671
f 4263/993/2020 4494/993/2020 4496/995/2020 4150/995/2020
f 4215/896/1673 4389/896/1673 4392/898/1673 4217/898/1673
f 4030/792/1674 4285/792/1674 4288/794/1674 4031/794/1674
f 4150/995/1789 4496/995/1789 4495/996/1789 4264/996/1789
f 4217/898/1667 4392/898/1667 4391/899/1667 4093/899/1667
f 4031/794/1668 4288/794/1668 4287/795/1668 4032/795/1668
f 4151/998/1791 4497/998/1791 4498/997/1791 4152/997/1791
f 4094/901/1688 4394/901/1688 4393/900/1688 4095/900/1688
f 4033/797/2021 4290/797/2021 4289/796/2021 4034/796/2021
f 4153/998/1795 4499/998/1795 4497/998/1795 4151/998/1795
f 4097/903/1682 4395/903/1682 4394/901/1682 4094/901/1682
f 4035/799/1683 4291/799/1683 4290/797/1683 4033/797/1683
f 4152/997/1793 4498/997/1793 4500/997/1793 4265/997/1793
f 4095/900/1685 4393/900/1685 4396/902/1685 4096/902/1685
f 4034/796/1686 4289/796/1686 4292/798/1686 4175/798/1686
f 4265/997/1797 4500/997/1797 4499/998/1797 4153/998/1797
f 4096/902/1679 4396/902/1679 4395/903/1679 4097/903/1679
f 4175/798/1680 4292/798/1680 4291/799/1680 4035/799/1680
f 4266/1000/1799 4501/1000/1799 4502/999/1799 4267/999/1799
f 4218/905/1700 4398/905/1700 4397/904/1700 4098/904/1700
f 4036/801/1701 4294/801/1701 4293/800/1701 4176/800/1701
f 4154/1001/1803 4503/1001/1803 4501/1000/1803 4266/1000/1803
f 4099/907/1694 4399/907/1694 4398/905/1694 4218/905/1694
f 4177/803/1695 4295/803/1695 4294/801/1695 4036/801/1695
f 4267/999/1801 4502/999/1801 4504/999/1801 4268/999/1801
f 4098/904/1697 4397/904/1697 4400/906/1697 4219/906/1697
f 4176/800/1698 4293/800/1698 4296/802/1698 4178/802/1698
o Cube.003
v 2.039271 2.169256 -5.031270
v 1.962130 2.285734 -4.938114
v 2.033986 2.612889 -6.486434
v 1.962131 2.838341 -6.363944
v 3.172559 2.003768 -5.351323
v 3.158173 2.087495 -5.309035
v 3.233782 2.283390 -6.348465
v 3.165115 2.463318 -6.278731
v 4.130935 2.656742 -6.019541
v 4.199601 2.476814 -6.089275
v 4.166567 2.341183 -5.452894
v 4.130935 2.418896 -5.405854
v -2.039271 2.169256 -5.031270
v -1.962131 2.285734 -4.938114
v -2.033986 2.612889 -6.486434
v -1.962131 2.838341 -6.363944
v -3.172560 2.003768 -5.351323
v -3.158173 2.087495 -5.309035
v -3.233782 2.283390 -6.348465
v -3.165116 2.463318 -6.278731
v -4.130936 2.656742 -6.019541
v -4.199602 2.476814 -6.089275
v -4.166568 2.341183 -5.452894
v -4.130936 2.418896 -5.405854
vn -0.9351 -0.3354 -0.1143
vn 0.2194 0.4791 -0.8499
vn 0.2301 -0.4156 0.8800
vn 0.1750 -0.4956 0.8508
vn -0.2201 -0.9343 -0.2806
vn 0.2569 0.9009 0.3499
vn 0.9380 0.3245 0.1217
vn 0.2715 -0.9364 -0.2224
vn -0.2721 0.8977 0.3467
vn 0.1592 0.4090 -0.8985
vn 0.9351 -0.3354 -0.1143
vn -0.2194 0.4791 -0.8499
vn -0.2301 -0.4156 0.8800
vn -0.1750 -0.4956 0.8508
vn 0.2201 -0.9343 -0.2806
vn -0.2569 0.9009 0.3499
vn -0.9380 0.3245 0.1217
vn -0.2715 -0.9364 -0.2224
vn 0.2721 0.8977 0.3467
vn -0.1592 0.4090 -0.8985
vt 0.375000 0.000000
vt 0.625000 0.000000
vt 0.625000 0.250000
vt 0.375000 0.250000
vt 0.625000 0.500000
vt 0.375000 0.500000
vt 0.625000 0.750000
vt 0.375000 0.750000
vt 0.625000 1.000000
vt 0.375000 1.000000
vt 0.125000 0.500000
vt 0.125000 0.750000
vt 0.875000 0.500000
vt 0.875000 0.750000
s 0
f 4541/1036/2022 4542/1037/2022 4544/1038/2022 4543/1039/2022
f 4543/1039/2023 4544/1038/2023 4548/1040/2023 4547/1041/2023
f 4546/1042/2024 4545/1043/2024 4551/1043/2024 4552/1042/2024
f 4545/1043/2025 4546/1042/2025 4542/1044/2025 4541/1045/2025
f 4543/1046/2026 4547/1041/2026 4545/1043/2026 4541/1047/2026
f 4548/1040/2027 4544/1048/2027 4542/1049/2027 4546/1042/2027
f 4550/1041/2028 4549/1040/2028 4552/1042/2028 4551/1043/2028
f 4545/1043/2029 4547/1041/2029 4550/1041/2029 4551/1043/2029
f 4548/1040/2030 4546/1042/2030 4552/1042/2030 4549/1040/2030
f 4547/1041/2031 4548/1040/2031 4549/1040/2031 4550/1041/2031
f 4553/1036/2032 4555/1039/2032 4556/1038/2032 4554/1037/2032
f 4555/1039/2033 4559/1041/2033 4560/1040/2033 4556/1038/2033
f 4558/1042/2034 4564/1042/2034 4563/1043/2034 4557/1043/2034
f 4557/1043/2035 4553/1045/2035 4554/1044/2035 4558/1042/2035
f 4555/1046/2036 4553/1047/2036 4557/1043/2036 4559/1041/2036
f 4560/1040/2037 4558/1042/2037 4554/1049/2037 4556/1048/2037
f 4562/1041/2038 4563/1043/2038 4564/1042/2038 4561/1040/2038
f 4557/1043/2039 4563/1043/2039 4562/1041/2039 4559/1041/2039
f 4560/1040/2040 4561/1040/2040 4564/1042/2040 4558/1042/2040
f 4559/1041/2041 4562/1041/2041 4561/1040/2041 4560/1040/2041
o Cylinder.002
v 6.024278 -0.811608 -2.952808
v 6.104615 -0.819520 -2.952808
v 6.181864 -0.842954 -2.952808
v 6.253058 -0.881008 -2.952808
v 6.315460 -0.932220 -2.952808
v 6.366672 -0.994621 -2.952808
v 6.404725 -1.065815 -2.952808
v 6.428159 -1.143064 -2.952808
v 6.436071 -1.223401 -2.952808
v 6.428159 -1.303738 -2.952808
v 6.404725 -1.380988 -2.952808
v 6.366672 -1.452182 -2.952808
v 6.315460 -1.514583 -2.952808
v 6.253058 -1.565795 -2.952808
v 6.181864 -1.603849 -2.952808
v 6.104615 -1.627282 -2.952808
v 6.024278 -1.635195 -2.952808
v 5.943941 -1.627282 -2.952808
v 5.866691 -1.603849 -2.952808
v 5.795497 -1.565795 -2.952808
v 5.733096 -1.514583 -2.952808
v 5.681884 -1.452182 -2.952808
v 5.643830 -1.380988 -2.952808
v 5.620397 -1.303738 -2.952808
v 5.612484 -1.223401 -2.952808
v 5.620397 -1.143064 -2.952808
v 5.643830 -1.065815 -2.952808
v 5.681884 -0.994621 -2.952808
v 5.733096 -0.932220 -2.952808
v 5.795497 -0.881008 -2.952808
v 5.866691 -0.842954 -2.952808
v 5.943941 -0.819520 -2.952808
v 6.087804 -0.904033 -2.699797
v 6.024278 -0.897776 -2.699797
v 6.148889 -0.922563 -2.699797
v 6.205185 -0.952654 -2.699797
v 6.254529 -0.993150 -2.699797
v 6.295025 -1.042494 -2.699797
v 6.325116 -1.098790 -2.699797
v 6.343646 -1.159875 -2.699797
v 6.349903 -1.223401 -2.699797
v 6.343646 -1.286928 -2.699797
v 6.325116 -1.348013 -2.699797
v 6.295025 -1.404309 -2.699797
v 6.254529 -1.453653 -2.699797
v 6.205185 -1.494149 -2.699797
v 6.148889 -1.524240 -2.699797
v 6.087804 -1.542770 -2.699797
v 6.024278 -1.549027 -2.699797
v 5.960751 -1.542770 -2.699797
v 5.899666 -1.524240 -2.699797
v 5.843370 -1.494149 -2.699797
v 5.794026 -1.453653 -2.699797
v 5.753530 -1.404309 -2.699797
v 5.723439 -1.348013 -2.699797
v 5.704909 -1.286928 -2.699797
v 5.698652 -1.223401 -2.699797
v 5.704909 -1.159875 -2.699797
v 5.723439 -1.098790 -2.699797
v 5.753530 -1.042494 -2.699797
v 5.794026 -0.993150 -2.699797
v 5.843370 -0.952654 -2.699797
v 5.899666 -0.922563 -2.699797
v 5.960751 -0.904033 -2.699797
v 6.087804 -0.904033 -1.488741
v 6.024278 -0.897776 -1.488741
v 6.148889 -0.922563 -1.488741
v 6.205185 -0.952654 -1.488741
v 6.254529 -0.993150 -1.488741
v 6.295025 -1.042494 -1.488741
v 6.325116 -1.098790 -1.488741
v 6.343646 -1.159875 -1.488741
v 6.349903 -1.223402 -1.488741
v 6.343646 -1.286928 -1.488741
v 6.325116 -1.348013 -1.488741
v 6.295025 -1.404309 -1.488741
v 6.254529 -1.453653 -1.488741
v 6.205185 -1.494149 -1.488741
v 6.148889 -1.524240 -1.488741
v 6.087804 -1.542770 -1.488741
v 6.024278 -1.549027 -1.488741
v 5.960751 -1.542770 -1.488741
v 5.899666 -1.524240 -1.488741
v 5.843370 -1.494149 -1.488741
v 5.794026 -1.453653 -1.488741
v 5.753530 -1.404309 -1.488741
v 5.723439 -1.348013 -1.488741
v 5.704909 -1.286928 -1.488741
v 5.698652 -1.223402 -1.488741
v 5.704909 -1.159875 -1.488741
v 5.723439 -1.098790 -1.488741
v 5.753530 -1.042494 -1.488741
v 5.794026 -0.993150 -1.488741
v 5.843370 -0.952654 -1.488741
v 5.899666 -0.922563 -1.488741
v 5.960751 -0.904033 -1.488741
v 6.059258 -1.047545 -1.488741
v 6.024278 -1.044100 -1.488741
v 5.989297 -1.047545 -1.488741
v 5.955662 -1.057748 -1.488741
v 5.924663 -1.074318 -1.488741
v 5.897492 -1.096616 -1.488741
v 5.875194 -1.123787 -1.488741
v 5.858624 -1.154786 -1.488741
v 5.848421 -1.188421 -1.488741
v 5.844976 -1.223402 -1.488741
v 5.848421 -1.258381 -1.488741
v 5.858624 -1.292017 -1.488741
v 5.875194 -1.323016 -1.488741
v 5.897492 -1.350187 -1.488741
v 5.924663 -1.372486 -1.488741
v 5.955662 -1.389055 -1.488741
v 5.989297 -1.399258 -1.488741
v 6.024278 -1.402703 -1.488741
v 6.059258 -1.399258 -1.488741
v 6.092893 -1.389055 -1.488741
v 6.123892 -1.372486 -1.488741
v 6.151063 -1.350187 -1.488741
v 6.173361 -1.323016 -1.488741
v 6.189931 -1.292017 -1.488741
v 6.200134 -1.258382 -1.488741
v 6.203579 -1.223402 -1.488741
v 6.200134 -1.188421 -1.488741
v 6.189931 -1.154786 -1.488741
v 6.173361 -1.123787 -1.488741
v 6.151063 -1.096616 -1.488741
v 6.123892 -1.074318 -1.488741
v 6.092893 -1.057748 -1.488741
v 6.059257 -1.047545 1.140993
v 6.024277 -1.044100 1.140993
v 6.092893 -1.057748 1.140993
v 5.989297 -1.047545 1.140993
v 5.955661 -1.057748 1.140993
v 5.924662 -1.074318 1.140993
v 5.897491 -1.096616 1.140993
v 5.875193 -1.123787 1.140993
v 5.858624 -1.154786 1.140993
v 5.848420 -1.188422 1.140993
v 5.844975 -1.223402 1.140993
v 5.848420 -1.258382 1.140993
v 5.858624 -1.292017 1.140993
v 5.875193 -1.323016 1.140993
v 5.897491 -1.350187 1.140993
v 5.924662 -1.372486 1.140993
v 5.955661 -1.389055 1.140993
v 5.989297 -1.399258 1.140993
v 6.024277 -1.402703 1.140993
v 6.059257 -1.399258 1.140993
v 6.092893 -1.389055 1.140993
v 6.123891 -1.372486 1.140993
v 6.151062 -1.350187 1.140993
v 6.173361 -1.323016 1.140993
v 6.189930 -1.292017 1.140993
v 6.200133 -1.258382 1.140993
v 6.203578 -1.223402 1.140993
v 6.200133 -1.188422 1.140993
v 6.189930 -1.154786 1.140993
v 6.173361 -1.123787 1.140993
v 6.151062 -1.096616 1.140993
v 6.123891 -1.074318 1.140993
v 5.858624 -1.154786 0.680717
v 5.875193 -1.123787 0.680717
v 6.151062 -1.350187 0.680717
v 6.123892 -1.372486 0.680717
v 5.848421 -1.188422 0.680717
v 6.173361 -1.323016 0.680717
v 5.844975 -1.223402 0.680717
v 6.189930 -1.292017 0.680717
v 5.848421 -1.258382 0.680717
v 6.200133 -1.258382 0.680717
v 5.858624 -1.292017 0.680717
v 6.203578 -1.223402 0.680717
v 5.875193 -1.323016 0.680717
v 6.200133 -1.188421 0.680717
v 5.897491 -1.350187 0.680717
v 6.024277 -1.044100 0.680717
v 6.059257 -1.047545 0.680717
v 6.189930 -1.154786 0.680717
v 5.924662 -1.372486 0.680717
v 6.092893 -1.057748 0.680717
v 6.173361 -1.123787 0.680717
v 5.955661 -1.389055 0.680717
v 5.989297 -1.047545 0.680717
v 6.151062 -1.096616 0.680717
v 5.989297 -1.399258 0.680717
v 5.955661 -1.057748 0.680717
v 6.123892 -1.074318 0.680717
v 6.024277 -1.402703 0.680717
v 5.924662 -1.074318 0.680717
v 6.059257 -1.399258 0.680717
v 5.897491 -1.096616 0.680717
v 6.092893 -1.389055 0.680717
v 6.065073 -1.018309 1.140993
v 6.119032 -1.038082 1.124289
v 5.960238 -1.025359 1.124289
v 5.908101 -1.049532 1.140993
v 5.838958 -1.128646 1.124289
v 5.819184 -1.182606 1.140993
v 5.850407 -1.339578 1.140993
v 5.889326 -1.381862 1.124289
v 5.908101 -1.397271 1.124289
v 5.929522 -1.408721 1.124289
v 5.983481 -1.428495 1.140993
v 6.088315 -1.421444 1.124289
v 6.140453 -1.397271 1.140993
v 6.198146 -1.339577 1.124289
v 6.229370 -1.264197 1.140993
v 6.229370 -1.182606 1.124289
v 6.198146 -1.107226 1.140993
v 6.159228 -1.064941 1.124289
v 6.140453 -1.049532 1.124289
v 5.819184 -1.182606 0.680717
v 6.198146 -1.339577 0.680717
v 5.819184 -1.264197 0.680717
v 6.229370 -1.264197 0.680717
v 5.826234 -1.287440 0.697421
v 6.231750 -1.206778 0.697421
v 5.850408 -1.339577 0.680717
v 6.229370 -1.182606 0.697421
v 6.007653 -1.015928 0.697421
v 6.222319 -1.159363 0.697421
v 5.908101 -1.397271 0.697421
v 6.198146 -1.107226 0.680717
v 5.983481 -1.018309 0.697421
v 5.983481 -1.428495 0.680717
v 6.140453 -1.049532 0.680717
v 5.908101 -1.049532 0.680717
v 6.065073 -1.428495 0.680717
v 5.865816 -1.088450 0.697421
v 5.850408 -1.107226 0.680717
v 6.140453 -1.397271 0.680717
v 6.065073 -1.018309 0.680717
v 6.047483 -1.106736 0.729480
v 6.024277 -1.104450 0.729480
v 6.069798 -1.113505 0.729480
v 6.001070 -1.106736 0.729480
v 5.978756 -1.113505 0.729480
v 5.958191 -1.124497 0.729480
v 5.940165 -1.139290 0.729480
v 5.925372 -1.157316 0.729480
v 5.914380 -1.177881 0.729480
v 5.907610 -1.200196 0.729480
v 5.905325 -1.223402 0.729480
v 5.907610 -1.246608 0.729480
v 5.914380 -1.268923 0.729480
v 5.925372 -1.289488 0.729480
v 5.940165 -1.307514 0.729480
v 5.958191 -1.322307 0.729480
v 5.978756 -1.333299 0.729480
v 6.001070 -1.340068 0.729480
v 6.024277 -1.342354 0.729480
v 6.047483 -1.340068 0.729480
v 6.069798 -1.333299 0.729480
v 6.090363 -1.322307 0.729480
v 6.108388 -1.307514 0.729480
v 6.123182 -1.289488 0.729480
v 6.134174 -1.268923 0.729480
v 6.140943 -1.246608 0.729480
v 6.143229 -1.223402 0.729480
v 6.140943 -1.200196 0.729480
v 6.134174 -1.177881 0.729480
v 6.123182 -1.157316 0.729480
v 6.108388 -1.139290 0.729480
v 6.090363 -1.124497 0.729480
v 6.059257 -1.047546 0.729480
v 6.024277 -1.044100 0.729480
v 6.092893 -1.057749 0.729480
v 5.989297 -1.047546 0.729480
v 5.955661 -1.057749 0.729480
v 5.924662 -1.074318 0.729480
v 5.897491 -1.096617 0.729480
v 5.875193 -1.123787 0.729480
v 5.858624 -1.154786 0.729480
v 5.848420 -1.188422 0.729480
v 5.844975 -1.223402 0.729480
v 5.848420 -1.258382 0.729480
v 5.858624 -1.292018 0.729480
v 5.875193 -1.323017 0.729480
v 5.897491 -1.350188 0.729480
v 5.924662 -1.372486 0.729480
v 5.955661 -1.389055 0.729480
v 5.989297 -1.399258 0.729480
v 6.024277 -1.402704 0.729480
v 6.059257 -1.399258 0.729480
v 6.092893 -1.389055 0.729480
v 6.123891 -1.372486 0.729480
v 6.151062 -1.350188 0.729480
v 6.173361 -1.323017 0.729480
v 6.189930 -1.292018 0.729480
v 6.200133 -1.258382 0.729480
v 6.203578 -1.223402 0.729480
v 6.200133 -1.188422 0.729480
v 6.189930 -1.154786 0.729480
v 6.173361 -1.123787 0.729480
v 6.151062 -1.096617 0.729480
v 6.123891 -1.074318 0.729480
v 6.047483 -1.106748 -7.137788
v 6.024277 -1.104462 -7.137788
v 6.069798 -1.113517 -7.137788
v 6.001070 -1.106748 -7.137788
v 5.978756 -1.113517 -7.137788
v 5.958191 -1.124509 -7.137788
v 5.940165 -1.139302 -7.137788
v 5.925372 -1.157328 -7.137788
v 5.914380 -1.177893 -7.137788
v 5.907610 -1.200208 -7.137788
v 5.905325 -1.223414 -7.137788
v 5.907610 -1.246620 -7.137788
v 5.914380 -1.268935 -7.137788
v 5.925372 -1.289500 -7.137788
v 5.940165 -1.307526 -7.137788
v 5.958191 -1.322319 -7.137788
v 5.978756 -1.333311 -7.137788
v 6.001070 -1.340080 -7.137788
v 6.024277 -1.342366 -7.137788
v 6.047483 -1.340080 -7.137788
v 6.069798 -1.333311 -7.137788
v 6.090363 -1.322319 -7.137788
v 6.108388 -1.307526 -7.137788
v 6.123182 -1.289500 -7.137788
v 6.134174 -1.268935 -7.137788
v 6.140943 -1.246620 -7.137788
v 6.143229 -1.223414 -7.137788
v 6.140943 -1.200208 -7.137788
v 6.134174 -1.177893 -7.137788
v 6.123182 -1.157328 -7.137788
v 6.108388 -1.139302 -7.137788
v 6.090363 -1.124509 -7.137788
v 6.024278 -1.043863 -8.791694
v 6.024278 -0.811608 -8.560557
v 6.024278 -0.972092 -8.780381
v 6.024278 -0.907347 -8.747551
v 6.024278 -0.855965 -8.696416
v 6.024278 -0.822975 -8.631983
v 6.059305 -1.047313 -8.791694
v 6.104615 -0.819520 -8.560557
v 6.073306 -0.976921 -8.780381
v 6.085938 -0.913420 -8.747551
v 6.095961 -0.863025 -8.696416
v 6.102397 -0.830669 -8.631983
v 6.092984 -1.057530 -8.791694
v 6.181864 -0.842954 -8.560557
v 6.120450 -0.991222 -8.780381
v 6.145226 -0.931405 -8.747551
v 6.164890 -0.883934 -8.696416
v 6.177514 -0.853456 -8.631983
v 6.124023 -1.074120 -8.791694
v 6.253058 -0.881008 -8.560557
v 6.163897 -1.014445 -8.780381
v 6.199868 -0.960611 -8.747551
v 6.228415 -0.917889 -8.696416
v 6.246742 -0.890459 -8.631983
v 6.151231 -1.096449 -8.791694
v 6.315460 -0.932220 -8.560557
v 6.201981 -1.045700 -8.780381
v 6.247762 -0.999918 -8.747551
v 6.284095 -0.963585 -8.696416
v 6.307422 -0.940258 -8.631983
v 6.173559 -1.123655 -8.791694
v 6.366672 -0.994621 -8.560557
v 6.233233 -1.083782 -8.780381
v 6.287067 -1.047811 -8.747551
v 6.329790 -1.019265 -8.696416
v 6.357220 -1.000937 -8.631983
v 6.190149 -1.154694 -8.791694
v 6.404725 -1.065815 -8.560557
v 6.256457 -1.127229 -8.780381
v 6.316274 -1.102452 -8.747551
v 6.363745 -1.082789 -8.696416
v 6.394223 -1.070165 -8.631983
v 6.200367 -1.188377 -8.791694
v 6.428159 -1.143064 -8.560557
v 6.270759 -1.174375 -8.780381
v 6.334260 -1.161743 -8.747551
v 6.384654 -1.151718 -8.696416
v 6.417010 -1.145282 -8.631983
v 6.203816 -1.223401 -8.791694
v 6.436071 -1.223401 -8.560557
v 6.275588 -1.223401 -8.780381
v 6.340332 -1.223401 -8.747551
v 6.391715 -1.223401 -8.696416
v 6.424704 -1.223401 -8.631983
v 6.200367 -1.258426 -8.791694
v 6.428159 -1.303738 -8.560557
v 6.270759 -1.272428 -8.780381
v 6.334260 -1.285060 -8.747551
v 6.384654 -1.295084 -8.696416
v 6.417010 -1.301521 -8.631983
v 6.190149 -1.292108 -8.791694
v 6.404725 -1.380988 -8.560557
v 6.256456 -1.319574 -8.780381
v 6.316274 -1.344351 -8.747551
v 6.363745 -1.364013 -8.696416
v 6.394223 -1.376638 -8.631983
v 6.173558 -1.323148 -8.791694
v 6.366672 -1.452182 -8.560557
v 6.233233 -1.363022 -8.780381
v 6.287067 -1.398992 -8.747551
v 6.329790 -1.427538 -8.696416
v 6.357220 -1.445866 -8.631983
v 6.151231 -1.350354 -8.791694
v 6.315460 -1.514583 -8.560557
v 6.201981 -1.401103 -8.780381
v 6.247762 -1.446885 -8.747551
v 6.284095 -1.483218 -8.696416
v 6.307422 -1.506545 -8.631983
v 6.124023 -1.372682 -8.791694
v 6.253058 -1.565795 -8.560557
v 6.163897 -1.432357 -8.780381
v 6.199868 -1.486191 -8.747551
v 6.228415 -1.528914 -8.696416
v 6.246742 -1.556343 -8.631983
v 6.092984 -1.389273 -8.791694
v 6.181864 -1.603849 -8.560557
v 6.120450 -1.455581 -8.780381
v 6.145226 -1.515398 -8.747551
v 6.164890 -1.562869 -8.696416
v 6.177514 -1.593347 -8.631983
v 6.059304 -1.399490 -8.791694
v 6.104615 -1.627282 -8.560557
v 6.073306 -1.469882 -8.780381
v 6.085937 -1.533383 -8.747551
v 6.095961 -1.583778 -8.696416
v 6.102397 -1.616133 -8.631983
v 6.024278 -1.402940 -8.791694
v 6.024278 -1.635195 -8.560557
v 6.024278 -1.474711 -8.780381
v 6.024278 -1.539456 -8.747551
v 6.024278 -1.590838 -8.696416
v 6.024278 -1.623828 -8.631983
v 5.989252 -1.399490 -8.791694
v 5.943941 -1.627282 -8.560557
v 5.975250 -1.469882 -8.780381
v 5.962618 -1.533383 -8.747551
v 5.952594 -1.583778 -8.696416
v 5.946158 -1.616133 -8.631983
v 5.955571 -1.389273 -8.791694
v 5.866691 -1.603849 -8.560557
v 5.928106 -1.455581 -8.780381
v 5.903329 -1.515398 -8.747551
v 5.883666 -1.562869 -8.696416
v 5.871041 -1.593347 -8.631983
v 5.924532 -1.372682 -8.791694
v 5.795497 -1.565795 -8.560557
v 5.884658 -1.432357 -8.780381
v 5.848688 -1.486191 -8.747551
v 5.820141 -1.528914 -8.696416
v 5.801813 -1.556343 -8.631983
v 5.897324 -1.350354 -8.791694
v 5.733096 -1.514583 -8.560557
v 5.846575 -1.401103 -8.780381
v 5.800793 -1.446885 -8.747551
v 5.764461 -1.483218 -8.696416
v 5.741134 -1.506545 -8.631983
v 5.874997 -1.323148 -8.791694
v 5.681884 -1.452182 -8.560557
v 5.815322 -1.363022 -8.780381
v 5.761488 -1.398992 -8.747551
v 5.718765 -1.427538 -8.696416
v 5.691335 -1.445866 -8.631983
v 5.858406 -1.292108 -8.791694
v 5.643830 -1.380988 -8.560557
v 5.792099 -1.319574 -8.780381
v 5.732282 -1.344351 -8.747551
v 5.684811 -1.364013 -8.696416
v 5.654332 -1.376638 -8.631983
v 5.848188 -1.258426 -8.791694
v 5.620397 -1.303738 -8.560557
v 5.777797 -1.272428 -8.780381
v 5.714295 -1.285060 -8.747551
v 5.663901 -1.295084 -8.696416
v 5.631546 -1.301521 -8.631983
v 5.844739 -1.223401 -8.791694
v 5.612484 -1.223401 -8.560557
v 5.772968 -1.223401 -8.780381
v 5.708223 -1.223401 -8.747551
v 5.656841 -1.223401 -8.696416
v 5.623851 -1.223401 -8.631983
v 5.848188 -1.188377 -8.791694
v 5.620397 -1.143064 -8.560557
v 5.777797 -1.174375 -8.780381
v 5.714295 -1.161743 -8.747551
v 5.663901 -1.151718 -8.696416
v 5.631546 -1.145282 -8.631983
v 5.858406 -1.154694 -8.791694
v 5.643830 -1.065815 -8.560557
v 5.792099 -1.127229 -8.780381
v 5.732282 -1.102452 -8.747551
v 5.684811 -1.082789 -8.696416
v 5.654332 -1.070165 -8.631983
v 5.874997 -1.123655 -8.791694
v 5.681884 -0.994621 -8.560557
v 5.815322 -1.083782 -8.780381
v 5.761488 -1.047811 -8.747551
v 5.718765 -1.019265 -8.696416
v 5.691336 -1.000937 -8.631983
v 5.897324 -1.096449 -8.791694
v 5.733096 -0.932220 -8.560557
v 5.846575 -1.045700 -8.780381
v 5.800793 -0.999918 -8.747551
v 5.764461 -0.963585 -8.696416
v 5.741134 -0.940258 -8.631983
v 5.924532 -1.074120 -8.791694
v 5.795497 -0.881008 -8.560557
v 5.884658 -1.014445 -8.780381
v 5.848688 -0.960611 -8.747551
v 5.820141 -0.917889 -8.696416
v 5.801813 -0.890459 -8.631983
v 5.955571 -1.057530 -8.791694
v 5.866691 -0.842954 -8.560557
v 5.928105 -0.991222 -8.780381
v 5.903329 -0.931405 -8.747551
v 5.883666 -0.883934 -8.696416
v 5.871041 -0.853456 -8.631983
v 5.989251 -1.047313 -8.791694
v 5.943941 -0.819520 -8.560557
v 5.975249 -0.976921 -8.780381
v 5.962618 -0.913420 -8.747551
v 5.952594 -0.863025 -8.696416
v 5.946158 -0.830669 -8.631983
v 6.024277 -1.014291 1.140993
v 5.983481 -1.018309 1.140993
v 5.944253 -1.030208 1.140993
v 5.876413 -1.075538 1.140993
v 5.850407 -1.107226 1.140993
v 5.831083 -1.143378 1.140993
v 5.815166 -1.223402 1.140993
v 5.819184 -1.264197 1.140993
v 5.831083 -1.303425 1.140993
v 5.876413 -1.371265 1.140993
v 5.908101 -1.397271 1.140993
v 5.944253 -1.416595 1.140993
v 6.024277 -1.432513 1.140993
v 6.065073 -1.428495 1.140993
v 6.104300 -1.416595 1.140993
v 6.172141 -1.371265 1.140993
v 6.198146 -1.339577 1.140993
v 6.217470 -1.303425 1.140993
v 6.233388 -1.223402 1.140993
v 6.229370 -1.182606 1.140993
v 6.217470 -1.143378 1.140993
v 6.172141 -1.075538 1.140993
v 6.140453 -1.049532 1.140993
v 6.104300 -1.030208 1.140993
v 5.831083 -1.143378 0.680717
v 6.172141 -1.371265 0.680717
v 5.815166 -1.223402 0.680717
v 6.217470 -1.303425 0.680717
v 5.831083 -1.303425 0.680717
v 6.233388 -1.223402 0.680717
v 5.876413 -1.371265 0.680717
v 6.024277 -1.014291 0.680717
v 6.217470 -1.143378 0.680717
v 5.944253 -1.416595 0.680717
v 6.172141 -1.075538 0.680717
v 5.944253 -1.030208 0.680717
v 6.024277 -1.432513 0.680717
v 5.876413 -1.075538 0.680717
v 6.104300 -1.416595 0.680717
v 6.104300 -1.030208 0.680717
v 6.140453 -1.049532 0.697421
v 5.983481 -1.018309 0.680717
v 5.908101 -1.397271 0.680717
v 6.229370 -1.182606 0.680717
v 5.819184 -1.264197 0.697421
v 6.065073 -1.428495 0.697421
v 5.850407 -1.107226 1.124289
v 5.850408 -1.107226 0.697421
v 6.007653 -1.015928 1.124289
v 5.865816 -1.088450 1.124289
v 5.826234 -1.287440 1.124289
v 6.040901 -1.430875 1.124289
v 6.209596 -1.318157 0.697421
v 5.960238 -1.025359 0.697421
v 6.198146 -1.339577 0.697421
v 5.819184 -1.264197 1.124289
v 5.983481 -1.018309 1.124289
v 6.065073 -1.428495 1.124289
v 5.816803 -1.240025 1.124289
v 6.182738 -1.358353 1.124289
v 6.209596 -1.318157 1.124289
v 6.231750 -1.206778 1.124289
v 6.222319 -1.159363 1.124289
v 5.838958 -1.128646 0.697421
v 6.182738 -1.358353 0.697421
v 5.816803 -1.240025 0.697421
v 5.889326 -1.381862 0.697421
v 5.929522 -1.408721 0.697421
v 6.159228 -1.064941 0.697421
v 6.040901 -1.430875 0.697421
v 6.088315 -1.421444 0.697421
v 6.119032 -1.038082 0.697421
v -6.024278 -0.811608 -2.952808
v -6.104615 -0.819520 -2.952808
v -6.181864 -0.842954 -2.952808
v -6.253058 -0.881008 -2.952808
v -6.315460 -0.932220 -2.952808
v -6.366672 -0.994621 -2.952808
v -6.404725 -1.065815 -2.952808
v -6.428159 -1.143064 -2.952808
v -6.436071 -1.223401 -2.952808
v -6.428159 -1.303738 -2.952808
v -6.404725 -1.380988 -2.952808
v -6.366672 -1.452182 -2.952808
v -6.315460 -1.514583 -2.952808
v -6.253058 -1.565795 -2.952808
v -6.181864 -1.603849 -2.952808
v -6.104615 -1.627282 -2.952808
v -6.024278 -1.635195 -2.952808
v -5.943941 -1.627282 -2.952808
v -5.866691 -1.603849 -2.952808
v -5.795497 -1.565795 -2.952808
v -5.733096 -1.514583 -2.952808
v -5.681884 -1.452182 -2.952808
v -5.643830 -1.380988 -2.952808
v -5.620397 -1.303738 -2.952808
v -5.612484 -1.223401 -2.952808
v -5.620397 -1.143064 -2.952808
v -5.643830 -1.065815 -2.952808
v -5.681884 -0.994621 -2.952808
v -5.733096 -0.932220 -2.952808
v -5.795497 -0.881008 -2.952808
v -5.866691 -0.842954 -2.952808
v -5.943941 -0.819520 -2.952808
v -6.087804 -0.904033 -2.699797
v -6.024278 -0.897776 -2.699797
v -6.148889 -0.922563 -2.699797
v -6.205185 -0.952654 -2.699797
v -6.254529 -0.993150 -2.699797
v -6.295025 -1.042494 -2.699797
v -6.325116 -1.098790 -2.699797
v -6.343646 -1.159875 -2.699797
v -6.349903 -1.223401 -2.699797
v -6.343646 -1.286928 -2.699797
v -6.325116 -1.348013 -2.699797
v -6.295025 -1.404309 -2.699797
v -6.254529 -1.453653 -2.699797
v -6.205185 -1.494149 -2.699797
v -6.148889 -1.524240 -2.699797
v -6.087804 -1.542770 -2.699797
v -6.024278 -1.549027 -2.699797
v -5.960751 -1.542770 -2.699797
v -5.899666 -1.524240 -2.699797
v -5.843370 -1.494149 -2.699797
v -5.794026 -1.453653 -2.699797
v -5.753530 -1.404309 -2.699797
v -5.723439 -1.348013 -2.699797
v -5.704909 -1.286928 -2.699797
v -5.698652 -1.223401 -2.699797
v -5.704909 -1.159875 -2.699797
v -5.723439 -1.098790 -2.699797
v -5.753530 -1.042494 -2.699797
v -5.794026 -0.993150 -2.699797
v -5.843370 -0.952654 -2.699797
v -5.899666 -0.922563 -2.699797
v -5.960751 -0.904033 -2.699797
v -6.087804 -0.904033 -1.488741
v -6.024278 -0.897776 -1.488741
v -6.148889 -0.922563 -1.488741
v -6.205185 -0.952654 -1.488741
v -6.254529 -0.993150 -1.488741
v -6.295025 -1.042494 -1.488741
v -6.325116 -1.098790 -1.488741
v -6.343646 -1.159875 -1.488741
v -6.349903 -1.223402 -1.488741
v -6.343646 -1.286928 -1.488741
v -6.325116 -1.348013 -1.488741
v -6.295025 -1.404309 -1.488741
v -6.254529 -1.453653 -1.488741
v -6.205185 -1.494149 -1.488741
v -6.148889 -1.524240 -1.488741
v -6.087804 -1.542770 -1.488741
v -6.024278 -1.549027 -1.488741
v -5.960751 -1.542770 -1.488741
v -5.899666 -1.524240 -1.488741
v -5.843370 -1.494149 -1.488741
v -5.794026 -1.453653 -1.488741
v -5.753530 -1.404309 -1.488741
v -5.723439 -1.348013 -1.488741
v -5.704909 -1.286928 -1.488741
v -5.698652 -1.223402 -1.488741
v -5.704909 -1.159875 -1.488741
v -5.723439 -1.098790 -1.488741
v -5.753530 -1.042494 -1.488741
v -5.794026 -0.993150 -1.488741
v -5.843370 -0.952654 -1.488741
v -5.899666 -0.922563 -1.488741
v -5.960751 -0.904033 -1.488741
v -6.059258 -1.047545 -1.488741
v -6.024278 -1.044100 -1.488741
v -5.989297 -1.047545 -1.488741
v -5.955662 -1.057748 -1.488741
v -5.924663 -1.074318 -1.488741
v -5.897492 -1.096616 -1.488741
v -5.875194 -1.123787 -1.488741
v -5.858624 -1.154786 -1.488741
v -5.848421 -1.188421 -1.488741
v -5.844976 -1.223402 -1.488741
v -5.848421 -1.258381 -1.488741
v -5.858624 -1.292017 -1.488741
v -5.875194 -1.323016 -1.488741
v -5.897492 -1.350187 -1.488741
v -5.924663 -1.372486 -1.488741
v -5.955662 -1.389055 -1.488741
v -5.989297 -1.399258 -1.488741
v -6.024278 -1.402703 -1.488741
v -6.059258 -1.399258 -1.488741
v -6.092893 -1.389055 -1.488741
v -6.123892 -1.372486 -1.488741
v -6.151063 -1.350187 -1.488741
v -6.173361 -1.323016 -1.488741
v -6.189931 -1.292017 -1.488741
v -6.200134 -1.258382 -1.488741
v -6.203579 -1.223402 -1.488741
v -6.200134 -1.188421 -1.488741
v -6.189931 -1.154786 -1.488741
v -6.173361 -1.123787 -1.488741
v -6.151063 -1.096616 -1.488741
v -6.123892 -1.074318 -1.488741
v -6.092893 -1.057748 -1.488741
v -6.059257 -1.047545 1.140993
v -6.024277 -1.044100 1.140993
v -6.092893 -1.057748 1.140993
v -5.989297 -1.047545 1.140993
v -5.955661 -1.057748 1.140993
v -5.924662 -1.074318 1.140993
v -5.897491 -1.096616 1.140993
v -5.875193 -1.123787 1.140993
v -5.858624 -1.154786 1.140993
v -5.848420 -1.188422 1.140993
v -5.844975 -1.223402 1.140993
v -5.848420 -1.258382 1.140993
v -5.858624 -1.292017 1.140993
v -5.875193 -1.323016 1.140993
v -5.897491 -1.350187 1.140993
v -5.924662 -1.372486 1.140993
v -5.955661 -1.389055 1.140993
v -5.989297 -1.399258 1.140993
v -6.024277 -1.402703 1.140993
v -6.059257 -1.399258 1.140993
v -6.092893 -1.389055 1.140993
v -6.123891 -1.372486 1.140993
v -6.151062 -1.350187 1.140993
v -6.173361 -1.323016 1.140993
v -6.189930 -1.292017 1.140993
v -6.200133 -1.258382 1.140993
v -6.203578 -1.223402 1.140993
v -6.200133 -1.188422 1.140993
v -6.189930 -1.154786 1.140993
v -6.173361 -1.123787 1.140993
v -6.151062 -1.096616 1.140993
v -6.123891 -1.074318 1.140993
v -5.858624 -1.154786 0.680717
v -5.875193 -1.123787 0.680717
v -6.151062 -1.350187 0.680717
v -6.123892 -1.372486 0.680717
v -5.848421 -1.188422 0.680717
v -6.173361 -1.323016 0.680717
v -5.844975 -1.223402 0.680717
v -6.189930 -1.292017 0.680717
v -5.848421 -1.258382 0.680717
v -6.200133 -1.258382 0.680717
v -5.858624 -1.292017 0.680717
v -6.203578 -1.223402 0.680717
v -5.875193 -1.323016 0.680717
v -6.200133 -1.188421 0.680717
v -5.897491 -1.350187 0.680717
v -6.024277 -1.044100 0.680717
v -6.059257 -1.047545 0.680717
v -6.189930 -1.154786 0.680717
v -5.924662 -1.372486 0.680717
v -6.092893 -1.057748 0.680717
v -6.173361 -1.123787 0.680717
v -5.955661 -1.389055 0.680717
v -5.989297 -1.047545 0.680717
v -6.151062 -1.096616 0.680717
v -5.989297 -1.399258 0.680717
v -5.955661 -1.057748 0.680717
v -6.123892 -1.074318 0.680717
v -6.024277 -1.402703 0.680717
v -5.924662 -1.074318 0.680717
v -6.059257 -1.399258 0.680717
v -5.897491 -1.096616 0.680717
v -6.092893 -1.389055 0.680717
v -6.065073 -1.018309 1.140993
v -6.119032 -1.038082 1.124289
v -5.960238 -1.025359 1.124289
v -5.908101 -1.049532 1.140993
v -5.838958 -1.128646 1.124289
v -5.819184 -1.182606 1.140993
v -5.850407 -1.339578 1.140993
v -5.889326 -1.381862 1.124289
v -5.908101 -1.397271 1.124289
v -5.929522 -1.408721 1.124289
v -5.983481 -1.428495 1.140993
v -6.088315 -1.421444 1.124289
v -6.140453 -1.397271 1.140993
v -6.198146 -1.339577 1.124289
v -6.229370 -1.264197 1.140993
v -6.229370 -1.182606 1.124289
v -6.198146 -1.107226 1.140993
v -6.159228 -1.064941 1.124289
v -6.140453 -1.049532 1.124289
v -5.819184 -1.182606 0.680717
v -6.198146 -1.339577 0.680717
v -5.819184 -1.264197 0.680717
v -6.229370 -1.264197 0.680717
v -5.826234 -1.287440 0.697421
v -6.231750 -1.206778 0.697421
v -5.850408 -1.339577 0.680717
v -6.229370 -1.182606 0.697421
v -6.007653 -1.015928 0.697421
v -6.222319 -1.159363 0.697421
v -5.908101 -1.397271 0.697421
v -6.198146 -1.107226 0.680717
v -5.983481 -1.018309 0.697421
v -5.983481 -1.428495 0.680717
v -6.140453 -1.049532 0.680717
v -5.908101 -1.049532 0.680717
v -6.065073 -1.428495 0.680717
v -5.865816 -1.088450 0.697421
v -5.850408 -1.107226 0.680717
v -6.140453 -1.397271 0.680717
v -6.065073 -1.018309 0.680717
v -6.047483 -1.106736 0.729480
v -6.024277 -1.104450 0.729480
v -6.069798 -1.113505 0.729480
v -6.001070 -1.106736 0.729480
v -5.978756 -1.113505 0.729480
v -5.958191 -1.124497 0.729480
v -5.940165 -1.139290 0.729480
v -5.925372 -1.157316 0.729480
v -5.914380 -1.177881 0.729480
v -5.907610 -1.200196 0.729480
v -5.905325 -1.223402 0.729480
v -5.907610 -1.246608 0.729480
v -5.914380 -1.268923 0.729480
v -5.925372 -1.289488 0.729480
v -5.940165 -1.307514 0.729480
v -5.958191 -1.322307 0.729480
v -5.978756 -1.333299 0.729480
v -6.001070 -1.340068 0.729480
v -6.024277 -1.342354 0.729480
v -6.047483 -1.340068 0.729480
v -6.069798 -1.333299 0.729480
v -6.090363 -1.322307 0.729480
v -6.108388 -1.307514 0.729480
v -6.123182 -1.289488 0.729480
v -6.134174 -1.268923 0.729480
v -6.140943 -1.246608 0.729480
v -6.143229 -1.223402 0.729480
v -6.140943 -1.200196 0.729480
v -6.134174 -1.177881 0.729480
v -6.123182 -1.157316 0.729480
v -6.108388 -1.139290 0.729480
v -6.090363 -1.124497 0.729480
v -6.059257 -1.047546 0.729480
v -6.024277 -1.044100 0.729480
v -6.092893 -1.057749 0.729480
v -5.989297 -1.047546 0.729480
v -5.955661 -1.057749 0.729480
v -5.924662 -1.074318 0.729480
v -5.897491 -1.096617 0.729480
v -5.875193 -1.123787 0.729480
v -5.858624 -1.154786 0.729480
v -5.848420 -1.188422 0.729480
v -5.844975 -1.223402 0.729480
v -5.848420 -1.258382 0.729480
v -5.858624 -1.292018 0.729480
v -5.875193 -1.323017 0.729480
v -5.897491 -1.350188 0.729480
v -5.924662 -1.372486 0.729480
v -5.955661 -1.389055 0.729480
v -5.989297 -1.399258 0.729480
v -6.024277 -1.402704 0.729480
v -6.059257 -1.399258 0.729480
v -6.092893 -1.389055 0.729480
v -6.123891 -1.372486 0.729480
v -6.151062 -1.350188 0.729480
v -6.173361 -1.323017 0.729480
v -6.189930 -1.292018 0.729480
v -6.200133 -1.258382 0.729480
v -6.203578 -1.223402 0.729480
v -6.200133 -1.188422 0.729480
v -6.189930 -1.154786 0.729480
v -6.173361 -1.123787 0.729480
v -6.151062 -1.096617 0.729480
v -6.123891 -1.074318 0.729480
v -6.047483 -1.106748 -7.137788
v -6.024277 -1.104462 -7.137788
v -6.069798 -1.113517 -7.137788
v -6.001070 -1.106748 -7.137788
v -5.978756 -1.113517 -7.137788
v -5.958191 -1.124509 -7.137788
v -5.940165 -1.139302 -7.137788
v -5.925372 -1.157328 -7.137788
v -5.914380 -1.177893 -7.137788
v -5.907610 -1.200208 -7.137788
v -5.905325 -1.223414 -7.137788
v -5.907610 -1.246620 -7.137788
v -5.914380 -1.268935 -7.137788
v -5.925372 -1.289500 -7.137788
v -5.940165 -1.307526 -7.137788
v -5.958191 -1.322319 -7.137788
v -5.978756 -1.333311 -7.137788
v -6.001070 -1.340080 -7.137788
v -6.024277 -1.342366 -7.137788
v -6.047483 -1.340080 -7.137788
v -6.069798 -1.333311 -7.137788
v -6.090363 -1.322319 -7.137788
v -6.108388 -1.307526 -7.137788
v -6.123182 -1.289500 -7.137788
v -6.134174 -1.268935 -7.137788
v -6.140943 -1.246620 -7.137788
v -6.143229 -1.223414 -7.137788
v -6.140943 -1.200208 -7.137788
v -6.134174 -1.177893 -7.137788
v -6.123182 -1.157328 -7.137788
v -6.108388 -1.139302 -7.137788
v -6.090363 -1.124509 -7.137788
v -6.024278 -1.043863 -8.791694
v -6.024278 -0.811608 -8.560557
v -6.024278 -0.972092 -8.780381
v -6.024278 -0.907347 -8.747551
v -6.024278 -0.855965 -8.696416
v -6.024278 -0.822975 -8.631983
v -6.059305 -1.047313 -8.791694
v -6.104615 -0.819520 -8.560557
v -6.073306 -0.976921 -8.780381
v -6.085938 -0.913420 -8.747551
v -6.095961 -0.863025 -8.696416
v -6.102397 -0.830669 -8.631983
v -6.092984 -1.057530 -8.791694
v -6.181864 -0.842954 -8.560557
v -6.120450 -0.991222 -8.780381
v -6.145226 -0.931405 -8.747551
v -6.164890 -0.883934 -8.696416
v -6.177514 -0.853456 -8.631983
v -6.124023 -1.074120 -8.791694
v -6.253058 -0.881008 -8.560557
v -6.163897 -1.014445 -8.780381
v -6.199868 -0.960611 -8.747551
v -6.228415 -0.917889 -8.696416
v -6.246742 -0.890459 -8.631983
v -6.151231 -1.096449 -8.791694
v -6.315460 -0.932220 -8.560557
v -6.201981 -1.045700 -8.780381
v -6.247762 -0.999918 -8.747551
v -6.284095 -0.963585 -8.696416
v -6.307422 -0.940258 -8.631983
v -6.173559 -1.123655 -8.791694
v -6.366672 -0.994621 -8.560557
v -6.233233 -1.083782 -8.780381
v -6.287067 -1.047811 -8.747551
v -6.329790 -1.019265 -8.696416
v -6.357220 -1.000937 -8.631983
v -6.190149 -1.154694 -8.791694
v -6.404725 -1.065815 -8.560557
v -6.256457 -1.127229 -8.780381
v -6.316274 -1.102452 -8.747551
v -6.363745 -1.082789 -8.696416
v -6.394223 -1.070165 -8.631983
v -6.200367 -1.188377 -8.791694
v -6.428159 -1.143064 -8.560557
v -6.270759 -1.174375 -8.780381
v -6.334260 -1.161743 -8.747551
v -6.384654 -1.151718 -8.696416
v -6.417010 -1.145282 -8.631983
v -6.203816 -1.223401 -8.791694
v -6.436071 -1.223401 -8.560557
v -6.275588 -1.223401 -8.780381
v -6.340332 -1.223401 -8.747551
v -6.391715 -1.223401 -8.696416
v -6.424704 -1.223401 -8.631983
v -6.200367 -1.258426 -8.791694
v -6.428159 -1.303738 -8.560557
v -6.270759 -1.272428 -8.780381
v -6.334260 -1.285060 -8.747551
v -6.384654 -1.295084 -8.696416
v -6.417010 -1.301521 -8.631983
v -6.190149 -1.292108 -8.791694
v -6.404725 -1.380988 -8.560557
v -6.256456 -1.319574 -8.780381
v -6.316274 -1.344351 -8.747551
v -6.363745 -1.364013 -8.696416
v -6.394223 -1.376638 -8.631983
v -6.173558 -1.323148 -8.791694
v -6.366672 -1.452182 -8.560557
v -6.233233 -1.363022 -8.780381
v -6.287067 -1.398992 -8.747551
v -6.329790 -1.427538 -8.696416
v -6.357220 -1.445866 -8.631983
v -6.151231 -1.350354 -8.791694
v -6.315460 -1.514583 -8.560557
v -6.201981 -1.401103 -8.780381
v -6.247762 -1.446885 -8.747551
v -6.284095 -1.483218 -8.696416
v -6.307422 -1.506545 -8.631983
v -6.124023 -1.372682 -8.791694
v -6.253058 -1.565795 -8.560557
v -6.163897 -1.432357 -8.780381
v -6.199868 -1.486191 -8.747551
v -6.228415 -1.528914 -8.696416
v -6.246742 -1.556343 -8.631983
v -6.092984 -1.389273 -8.791694
v -6.181864 -1.603849 -8.560557
v -6.120450 -1.455581 -8.780381
v -6.145226 -1.515398 -8.747551
v -6.164890 -1.562869 -8.696416
v -6.177514 -1.593347 -8.631983
v -6.059304 -1.399490 -8.791694
v -6.104615 -1.627282 -8.560557
v -6.073306 -1.469882 -8.780381
v -6.085937 -1.533383 -8.747551
v -6.095961 -1.583778 -8.696416
v -6.102397 -1.616133 -8.631983
v -6.024278 -1.402940 -8.791694
v -6.024278 -1.635195 -8.560557
v -6.024278 -1.474711 -8.780381
v -6.024278 -1.539456 -8.747551
v -6.024278 -1.590838 -8.696416
v -6.024278 -1.623828 -8.631983
v -5.989252 -1.399490 -8.791694
v -5.943941 -1.627282 -8.560557
v -5.975250 -1.469882 -8.780381
v -5.962618 -1.533383 -8.747551
v -5.952594 -1.583778 -8.696416
v -5.946158 -1.616133 -8.631983
v -5.955571 -1.389273 -8.791694
v -5.866691 -1.603849 -8.560557
v -5.928106 -1.455581 -8.780381
v -5.903329 -1.515398 -8.747551
v -5.883666 -1.562869 -8.696416
v -5.871041 -1.593347 -8.631983
v -5.924532 -1.372682 -8.791694
v -5.795497 -1.565795 -8.560557
v -5.884658 -1.432357 -8.780381
v -5.848688 -1.486191 -8.747551
v -5.820141 -1.528914 -8.696416
v -5.801813 -1.556343 -8.631983
v -5.897324 -1.350354 -8.791694
v -5.733096 -1.514583 -8.560557
v -5.846575 -1.401103 -8.780381
v -5.800793 -1.446885 -8.747551
v -5.764461 -1.483218 -8.696416
v -5.741134 -1.506545 -8.631983
v -5.874997 -1.323148 -8.791694
v -5.681884 -1.452182 -8.560557
v -5.815322 -1.363022 -8.780381
v -5.761488 -1.398992 -8.747551
v -5.718765 -1.427538 -8.696416
v -5.691335 -1.445866 -8.631983
v -5.858406 -1.292108 -8.791694
v -5.643830 -1.380988 -8.560557
v -5.792099 -1.319574 -8.780381
v -5.732282 -1.344351 -8.747551
v -5.684811 -1.364013 -8.696416
v -5.654332 -1.376638 -8.631983
v -5.848188 -1.258426 -8.791694
v -5.620397 -1.303738 -8.560557
v -5.777797 -1.272428 -8.780381
v -5.714295 -1.285060 -8.747551
v -5.663901 -1.295084 -8.696416
v -5.631546 -1.301521 -8.631983
v -5.844739 -1.223401 -8.791694
v -5.612484 -1.223401 -8.560557
v -5.772968 -1.223401 -8.780381
v -5.708223 -1.223401 -8.747551
v -5.656841 -1.223401 -8.696416
v -5.623851 -1.223401 -8.631983
v -5.848188 -1.188377 -8.791694
v -5.620397 -1.143064 -8.560557
v -5.777797 -1.174375 -8.780381
v -5.714295 -1.161743 -8.747551
v -5.663901 -1.151718 -8.696416
v -5.631546 -1.145282 -8.631983
v -5.858406 -1.154694 -8.791694
v -5.643830 -1.065815 -8.560557
v -5.792099 -1.127229 -8.780381
v -5.732282 -1.102452 -8.747551
v -5.684811 -1.082789 -8.696416
v -5.654332 -1.070165 -8.631983
v -5.874997 -1.123655 -8.791694
v -5.681884 -0.994621 -8.560557
v -5.815322 -1.083782 -8.780381
v -5.761488 -1.047811 -8.747551
v -5.718765 -1.019265 -8.696416
v -5.691336 -1.000937 -8.631983
v -5.897324 -1.096449 -8.791694
v -5.733096 -0.932220 -8.560557
v -5.846575 -1.045700 -8.780381
v -5.800793 -0.999918 -8.747551
v -5.764461 -0.963585 -8.696416
v -5.741134 -0.940258 -8.631983
v -5.924532 -1.074120 -8.791694
v -5.795497 -0.881008 -8.560557
v -5.884658 -1.014445 -8.780381
v -5.848688 -0.960611 -8.747551
v -5.820141 -0.917889 -8.696416
v -5.801813 -0.890459 -8.631983
v -5.955571 -1.057530 -8.791694
v -5.866691 -0.842954 -8.560557
v -5.928105 -0.991222 -8.780381
v -5.903329 -0.931405 -8.747551
v -5.883666 -0.883934 -8.696416
v -5.871041 -0.853456 -8.631983
v -5.989251 -1.047313 -8.791694
v -5.943941 -0.819520 -8.560557
v -5.975249 -0.976921 -8.780381
v -5.962618 -0.913420 -8.747551
v -5.952594 -0.863025 -8.696416
v -5.946158 -0.830669 -8.631983
v -6.024277 -1.014291 1.140993
v -5.983481 -1.018309 1.140993
v -5.944253 -1.030208 1.140993
v -5.876413 -1.075538 1.140993
v -5.850407 -1.107226 1.140993
v -5.831083 -1.143378 1.140993
v -5.815166 -1.223402 1.140993
v -5.819184 -1.264197 1.140993
v -5.831083 -1.303425 1.140993
v -5.876413 -1.371265 1.140993
v -5.908101 -1.397271 1.140993
v -5.944253 -1.416595 1.140993
v -6.024277 -1.432513 1.140993
v -6.065073 -1.428495 1.140993
v -6.104300 -1.416595 1.140993
v -6.172141 -1.371265 1.140993
v -6.198146 -1.339577 1.140993
v -6.217470 -1.303425 1.140993
v -6.233388 -1.223402 1.140993
v -6.229370 -1.182606 1.140993
v -6.217470 -1.143378 1.140993
v -6.172141 -1.075538 1.140993
v -6.140453 -1.049532 1.140993
v -6.104300 -1.030208 1.140993
v -5.831083 -1.143378 0.680717
v -6.172141 -1.371265 0.680717
v -5.815166 -1.223402 0.680717
v -6.217470 -1.303425 0.680717
v -5.831083 -1.303425 0.680717
v -6.233388 -1.223402 0.680717
v -5.876413 -1.371265 0.680717
v -6.024277 -1.014291 0.680717
v -6.217470 -1.143378 0.680717
v -5.944253 -1.416595 0.680717
v -6.172141 -1.075538 0.680717
v -5.944253 -1.030208 0.680717
v -6.024277 -1.432513 0.680717
v -5.876413 -1.075538 0.680717
v -6.104300 -1.416595 0.680717
v -6.104300 -1.030208 0.680717
v -6.140453 -1.049532 0.697421
v -5.983481 -1.018309 0.680717
v -5.908101 -1.397271 0.680717
v -6.229370 -1.182606 0.680717
v -5.819184 -1.264197 0.697421
v -6.065073 -1.428495 0.697421
v -5.850407 -1.107226 1.124289
v -5.850408 -1.107226 0.697421
v -6.007653 -1.015928 1.124289
v -5.865816 -1.088450 1.124289
v -5.826234 -1.287440 1.124289
v -6.040901 -1.430875 1.124289
v -6.209596 -1.318157 0.697421
v -5.960238 -1.025359 0.697421
v -6.198146 -1.339577 0.697421
v -5.819184 -1.264197 1.124289
v -5.983481 -1.018309 1.124289
v -6.065073 -1.428495 1.124289
v -5.816803 -1.240025 1.124289
v -6.182738 -1.358353 1.124289
v -6.209596 -1.318157 1.124289
v -6.231750 -1.206778 1.124289
v -6.222319 -1.159363 1.124289
v -5.838958 -1.128646 0.697421
v -6.182738 -1.358353 0.697421
v -5.816803 -1.240025 0.697421
v -5.889326 -1.381862 0.697421
v -5.929522 -1.408721 0.697421
v -6.159228 -1.064941 0.697421
v -6.040901 -1.430875 0.697421
v -6.088315 -1.421444 0.697421
v -6.119032 -1.038082 0.697421
vn -0.1945 0.9778 -0.0784
vn -0.1925 0.9679 0.1618
vn -0.0000 0.9868 0.1618
vn -0.0000 0.9969 -0.0784
vn 0.3815 0.9210 -0.0784
vn 0.3776 0.9117 0.1618
vn 0.5483 0.8205 0.1618
vn 0.5539 0.8289 -0.0784
vn 0.6978 0.6978 0.1618
vn 0.7049 0.7049 -0.0784
vn 0.8205 0.5483 0.1618
vn 0.8289 0.5539 -0.0784
vn 0.9117 0.3776 0.1618
vn 0.9210 0.3815 -0.0784
vn 0.9679 0.1925 0.1618
vn 0.9778 0.1945 -0.0784
vn 0.9868 -0.0000 0.1618
vn 0.9969 -0.0000 -0.0784
vn 0.9679 -0.1925 0.1618
vn 0.9778 -0.1945 -0.0784
vn 0.9117 -0.3776 0.1618
vn 0.9210 -0.3815 -0.0784
vn 0.8205 -0.5483 0.1618
vn 0.8289 -0.5539 -0.0784
vn 0.6978 -0.6978 0.1618
vn 0.7049 -0.7049 -0.0784
vn 0.5483 -0.8205 0.1618
vn 0.5539 -0.8289 -0.0784
vn 0.3776 -0.9117 0.1618
vn 0.3815 -0.9210 -0.0784
vn 0.1925 -0.9679 0.1618
vn 0.1945 -0.9778 -0.0784
vn -0.0000 -0.9868 0.1618
vn -0.0000 -0.9969 -0.0784
vn -0.1925 -0.9679 0.1618
vn -0.1945 -0.9778 -0.0784
vn -0.3776 -0.9117 0.1618
vn -0.3815 -0.9210 -0.0784
vn -0.5483 -0.8205 0.1618
vn -0.5539 -0.8289 -0.0784
vn -0.6978 -0.6978 0.1618
vn -0.7049 -0.7049 -0.0784
vn -0.8205 -0.5483 0.1618
vn -0.8289 -0.5539 -0.0784
vn -0.9117 -0.3776 0.1618
vn -0.9210 -0.3815 -0.0784
vn -0.9679 -0.1925 0.1618
vn -0.9778 -0.1945 -0.0784
vn -0.9868 -0.0000 0.1618
vn -0.9969 -0.0000 -0.0784
vn -0.9679 0.1925 0.1618
vn -0.9778 0.1945 -0.0784
vn -0.9117 0.3776 0.1618
vn -0.9210 0.3815 -0.0784
vn -0.8205 0.5483 0.1618
vn -0.8289 0.5539 -0.0784
vn -0.6978 0.6978 0.1618
vn -0.7049 0.7049 -0.0784
vn -0.5483 0.8205 0.1618
vn -0.5539 0.8289 -0.0784
vn -0.3776 0.9117 0.1618
vn -0.3815 0.9210 -0.0784
vn 0.8201 0.5479 0.1651
vn 0.9112 0.3774 0.1651
vn 0.1945 0.9778 -0.0784
vn 0.1925 0.9679 0.1618
vn 0.3774 0.9112 0.1651
vn 0.1924 0.9673 0.1651
vn 0.1951 0.9808 -0.0000
vn 0.3827 0.9239 -0.0000
vn 0.3774 -0.9112 0.1651
vn 0.1924 -0.9673 0.1651
vn -0.9673 -0.1924 0.1651
vn -0.9863 -0.0000 0.1651
vn 0.9112 -0.3774 0.1651
vn 0.8201 -0.5479 0.1651
vn -0.5480 -0.8201 0.1651
vn -0.6974 -0.6974 0.1651
vn -0.6974 0.6974 0.1651
vn -0.5480 0.8201 0.1651
vn 0.9673 0.1924 0.1651
vn -0.0000 -0.9863 0.1651
vn -0.9673 0.1924 0.1651
vn 0.5480 0.8201 0.1651
vn 0.6974 -0.6974 0.1651
vn -0.8201 -0.5479 0.1651
vn -0.3774 0.9112 0.1651
vn 0.9863 -0.0000 0.1651
vn -0.1924 -0.9673 0.1651
vn -0.9112 0.3774 0.1651
vn 0.6974 0.6974 0.1651
vn 0.5480 -0.8201 0.1651
vn -0.9112 -0.3774 0.1651
vn -0.1924 0.9673 0.1651
vn 0.9673 -0.1924 0.1651
vn -0.3774 -0.9112 0.1651
vn -0.8201 0.5479 0.1651
vn -0.0000 0.9863 0.1651
vn -0.0000 -0.0000 1.0000
vn -0.7071 0.7071 -0.0000
vn -0.5556 0.8315 -0.0000
vn 0.1951 -0.9808 -0.0000
vn -0.0000 -1.0000 -0.0000
vn 0.5556 0.8315 -0.0000
vn -0.3827 0.9239 -0.0000
vn -0.1951 -0.9808 -0.0000
vn 0.7071 0.7071 -0.0000
vn -0.1951 0.9808 -0.0000
vn -0.3827 -0.9239 -0.0000
vn 0.8315 0.5556 -0.0000
vn -0.0000 1.0000 -0.0000
vn -0.5556 -0.8315 -0.0000
vn 0.9239 0.3827 -0.0000
vn -0.7071 -0.7071 -0.0000
vn 0.9808 0.1951 -0.0000
vn -0.8315 -0.5556 -0.0000
vn 1.0000 -0.0000 -0.0000
vn -0.9239 -0.3827 -0.0000
vn 0.9808 -0.1951 -0.0000
vn -0.9808 -0.1951 -0.0000
vn 0.9239 -0.3827 -0.0000
vn -1.0000 -0.0000 -0.0000
vn 0.8315 -0.5556 -0.0000
vn -0.9808 0.1951 -0.0000
vn 0.7071 -0.7071 -0.0000
vn -0.9239 0.3827 -0.0000
vn 0.5556 -0.8315 -0.0000
vn -0.8315 0.5556 -0.0000
vn 0.3827 -0.9239 -0.0000
vn -0.0000 -0.0000 -1.0000
vn 0.1856 0.9333 -0.3075
vn -0.0000 0.9516 -0.3075
vn 0.1582 0.7955 -0.5849
vn -0.0000 0.8111 -0.5849
vn 0.1156 0.5810 -0.8057
vn -0.0000 0.5923 -0.8057
vn 0.0617 0.3104 -0.9486
vn -0.0000 0.3165 -0.9486
vn 0.0162 0.0813 -0.9966
vn -0.0000 0.0829 -0.9966
vn 0.3641 0.8791 -0.3074
vn 0.3104 0.7493 -0.5849
vn 0.2267 0.5473 -0.8057
vn 0.1211 0.2924 -0.9486
vn 0.0317 0.0766 -0.9966
vn 0.5287 0.7912 -0.3075
vn 0.4506 0.6744 -0.5849
vn 0.3291 0.4925 -0.8057
vn 0.1758 0.2631 -0.9486
vn 0.0461 0.0690 -0.9966
vn 0.6729 0.6729 -0.3075
vn 0.5735 0.5735 -0.5849
vn 0.4189 0.4189 -0.8057
vn 0.2238 0.2238 -0.9486
vn 0.0586 0.0586 -0.9966
vn 0.7912 0.5287 -0.3075
vn 0.6744 0.4506 -0.5849
vn 0.4925 0.3291 -0.8057
vn 0.2632 0.1758 -0.9486
vn 0.0690 0.0461 -0.9966
vn 0.8791 0.3641 -0.3075
vn 0.7493 0.3104 -0.5849
vn 0.5473 0.2267 -0.8057
vn 0.2924 0.1211 -0.9486
vn 0.0766 0.0317 -0.9966
vn 0.9333 0.1856 -0.3075
vn 0.7955 0.1582 -0.5849
vn 0.5810 0.1156 -0.8057
vn 0.3104 0.0617 -0.9486
vn 0.0813 0.0162 -0.9966
vn 0.9516 -0.0000 -0.3075
vn 0.8111 -0.0000 -0.5849
vn 0.5924 -0.0000 -0.8057
vn 0.3165 -0.0000 -0.9486
vn 0.0829 -0.0000 -0.9966
vn 0.9333 -0.1856 -0.3075
vn 0.7955 -0.1582 -0.5849
vn 0.5810 -0.1156 -0.8057
vn 0.3104 -0.0617 -0.9486
vn 0.0813 -0.0162 -0.9966
vn 0.8791 -0.3641 -0.3075
vn 0.7493 -0.3104 -0.5849
vn 0.5473 -0.2267 -0.8057
vn 0.2924 -0.1211 -0.9486
vn 0.0766 -0.0317 -0.9966
vn 0.7912 -0.5287 -0.3075
vn 0.6744 -0.4506 -0.5849
vn 0.4925 -0.3291 -0.8057
vn 0.2632 -0.1758 -0.9486
vn 0.0690 -0.0461 -0.9966
vn 0.6729 -0.6729 -0.3075
vn 0.5735 -0.5735 -0.5849
vn 0.4189 -0.4189 -0.8057
vn 0.2238 -0.2238 -0.9486
vn 0.0586 -0.0586 -0.9966
vn 0.5287 -0.7912 -0.3075
vn 0.4506 -0.6744 -0.5849
vn 0.3291 -0.4925 -0.8057
vn 0.1758 -0.2632 -0.9486
vn 0.0461 -0.0690 -0.9966
vn 0.3641 -0.8791 -0.3074
vn 0.3104 -0.7493 -0.5849
vn 0.2267 -0.5473 -0.8057
vn 0.1211 -0.2924 -0.9486
vn 0.0317 -0.0766 -0.9966
vn 0.1856 -0.9333 -0.3075
vn 0.1582 -0.7955 -0.5849
vn 0.1156 -0.5810 -0.8057
vn 0.0617 -0.3104 -0.9486
vn 0.0162 -0.0813 -0.9966
vn -0.0000 -0.9516 -0.3075
vn -0.0000 -0.8111 -0.5849
vn -0.0000 -0.5923 -0.8057
vn -0.0000 -0.3165 -0.9486
vn -0.0000 -0.0829 -0.9966
vn -0.1856 -0.9333 -0.3075
vn -0.1582 -0.7955 -0.5849
vn -0.1156 -0.5810 -0.8057
vn -0.0617 -0.3104 -0.9486
vn -0.0162 -0.0813 -0.9966
vn -0.3641 -0.8791 -0.3074
vn -0.3104 -0.7493 -0.5849
vn -0.2267 -0.5473 -0.8057
vn -0.1211 -0.2924 -0.9486
vn -0.0317 -0.0766 -0.9966
vn -0.5287 -0.7912 -0.3075
vn -0.4506 -0.6744 -0.5849
vn -0.3291 -0.4925 -0.8057
vn -0.1758 -0.2632 -0.9486
vn -0.0461 -0.0690 -0.9966
vn -0.6729 -0.6729 -0.3074
vn -0.5735 -0.5735 -0.5849
vn -0.4189 -0.4189 -0.8057
vn -0.2238 -0.2238 -0.9486
vn -0.0586 -0.0586 -0.9966
vn -0.7912 -0.5287 -0.3075
vn -0.6744 -0.4506 -0.5849
vn -0.4925 -0.3291 -0.8057
vn -0.2632 -0.1758 -0.9486
vn -0.0690 -0.0461 -0.9966
vn -0.8791 -0.3641 -0.3075
vn -0.7493 -0.3104 -0.5849
vn -0.5473 -0.2267 -0.8057
vn -0.2924 -0.1211 -0.9486
vn -0.0766 -0.0317 -0.9966
vn -0.9333 -0.1856 -0.3075
vn -0.7955 -0.1582 -0.5849
vn -0.5810 -0.1156 -0.8057
vn -0.3104 -0.0617 -0.9486
vn -0.0813 -0.0162 -0.9966
vn -0.9516 -0.0000 -0.3075
vn -0.8111 -0.0000 -0.5849
vn -0.5923 -0.0000 -0.8057
vn -0.3165 -0.0000 -0.9486
vn -0.0829 -0.0000 -0.9966
vn -0.9333 0.1856 -0.3075
vn -0.7955 0.1582 -0.5849
vn -0.5810 0.1156 -0.8057
vn -0.3104 0.0617 -0.9486
vn -0.0813 0.0162 -0.9966
vn -0.8791 0.3641 -0.3075
vn -0.7493 0.3104 -0.5849
vn -0.5473 0.2267 -0.8057
vn -0.2924 0.1211 -0.9486
vn -0.0766 0.0317 -0.9966
vn -0.7912 0.5287 -0.3075
vn -0.6744 0.4506 -0.5849
vn -0.4925 0.3291 -0.8057
vn -0.2632 0.1758 -0.9486
vn -0.0690 0.0461 -0.9966
vn -0.6729 0.6729 -0.3075
vn -0.5735 0.5735 -0.5849
vn -0.4189 0.4189 -0.8057
vn -0.2238 0.2238 -0.9486
vn -0.0586 0.0586 -0.9966
vn -0.5287 0.7912 -0.3075
vn -0.4506 0.6744 -0.5849
vn -0.3291 0.4925 -0.8057
vn -0.1758 0.2632 -0.9486
vn -0.0461 0.0690 -0.9966
vn -0.3641 0.8791 -0.3074
vn -0.3104 0.7493 -0.5849
vn -0.2267 0.5473 -0.8057
vn -0.1211 0.2924 -0.9486
vn -0.0317 0.0766 -0.9966
vn -0.1856 0.9333 -0.3075
vn -0.1582 0.7955 -0.5849
vn -0.1156 0.5810 -0.8057
vn -0.0617 0.3104 -0.9486
vn -0.0162 0.0813 -0.9966
vn -0.0980 0.9952 -0.0000
vn -0.2903 0.9569 -0.0000
vn -0.7730 0.6344 -0.0000
vn -0.8819 0.4714 -0.0000
vn -0.9952 -0.0980 -0.0000
vn -0.9569 -0.2903 -0.0000
vn -0.6344 -0.7730 -0.0000
vn -0.4714 -0.8819 -0.0000
vn 0.0980 -0.9952 -0.0000
vn 0.2903 -0.9569 -0.0000
vn 0.7730 -0.6344 -0.0000
vn 0.8819 -0.4714 -0.0000
vn 0.9952 0.0980 -0.0000
vn 0.9569 0.2903 -0.0000
vn 0.6344 0.7730 -0.0000
vn 0.4714 0.8819 -0.0000
vn -0.9969 -0.0000 -0.0785
vn -0.9778 -0.1945 -0.0785
vn -0.3641 0.8791 -0.3075
vn -0.1758 0.2631 -0.9486
vn -0.0461 0.0689 -0.9966
vn -0.5924 -0.0000 -0.8057
vn -0.6729 -0.6729 -0.3075
vn 0.3641 -0.8791 -0.3075
vn 0.5923 -0.0000 -0.8057
vn 0.1758 0.2632 -0.9486
vn 0.0980 0.9952 -0.0000
vn 0.2903 0.9569 -0.0000
vn 0.7730 0.6344 -0.0000
vn 0.8819 0.4714 -0.0000
vn 0.9952 -0.0980 -0.0000
vn 0.9569 -0.2903 -0.0000
vn 0.6344 -0.7730 -0.0000
vn 0.4714 -0.8819 -0.0000
vn -0.0980 -0.9952 -0.0000
vn -0.2903 -0.9569 -0.0000
vn -0.7730 -0.6344 -0.0000
vn -0.8819 -0.4714 -0.0000
vn -0.9952 0.0980 -0.0000
vn -0.9569 0.2903 -0.0000
vn -0.6344 0.7730 -0.0000
vn -0.4714 0.8819 -0.0000
vt 0.031250 0.519793
vt 0.031250 1.000000
vt 0.000000 1.000000
vt 0.000000 0.519793
vt 0.937500 0.519793
vt 0.937500 1.000000
vt 0.906250 1.000000
vt 0.906250 0.519793
vt 0.875000 1.000000
vt 0.875000 0.519793
vt 0.843750 1.000000
vt 0.843750 0.519793
vt 0.812500 1.000000
vt 0.812500 0.519793
vt 0.781250 1.000000
vt 0.781250 0.519793
vt 0.750000 1.000000
vt 0.750000 0.519793
vt 0.750000 0.519793
vt 0.718750 1.000000
vt 0.718750 0.519793
vt 0.687500 1.000000
vt 0.687500 0.519793
vt 0.656250 1.000000
vt 0.656250 0.519793
vt 0.656250 0.519793
vt 0.625000 1.000000
vt 0.625000 0.519793
vt 0.593750 1.000000
vt 0.593750 0.519793
vt 0.562500 1.000000
vt 0.562500 0.519793
vt 0.562500 0.519793
vt 0.531250 1.000000
vt 0.531250 0.519793
vt 0.500000 1.000000
vt 0.500000 0.519793
vt 0.468750 1.000000
vt 0.468750 0.519793
vt 0.437500 1.000000
vt 0.437500 0.519793
vt 0.406250 1.000000
vt 0.406250 0.519793
vt 0.375000 1.000000
vt 0.375000 0.519793
vt 0.375000 0.519793
vt 0.343750 1.000000
vt 0.343750 0.519793
vt 0.312500 1.000000
vt 0.312500 0.519793
vt 0.281250 1.000000
vt 0.281250 0.519793
vt 0.281250 0.519793
vt 0.250000 1.000000
vt 0.250000 0.519793
vt 0.218750 1.000000
vt 0.218750 0.519793
vt 0.187500 1.000000
vt 0.187500 0.519793
vt 0.187500 0.519793
vt 0.156250 1.000000
vt 0.156250 0.519793
vt 0.125000 1.000000
vt 0.125000 0.519793
vt 0.093750 1.000000
vt 0.093750 0.519793
vt 0.093750 0.519793
vt 0.062500 1.000000
vt 0.062500 0.519793
vt 0.968750 0.519793
vt 0.968750 1.000000
vt 1.000000 0.519793
vt 1.000000 1.000000
vt 0.968750 0.519793
vt 0.176580 0.140119
vt 0.156554 0.156554
vt 0.296822 0.485388
vt 0.250000 0.490000
vt 0.250000 0.382153
vt 0.275782 0.379614
vt 0.203178 0.485388
vt 0.224218 0.379614
vt 0.158156 0.471731
vt 0.199427 0.372094
vt 0.116663 0.449553
vt 0.176580 0.359881
vt 0.080294 0.419706
vt 0.156554 0.343446
vt 0.050447 0.383337
vt 0.140119 0.323420
vt 0.028269 0.341844
vt 0.127906 0.300573
vt 0.014612 0.296822
vt 0.120386 0.275782
vt 0.010000 0.250000
vt 0.117847 0.250000
vt 0.014612 0.203178
vt 0.120386 0.224218
vt 0.028269 0.158156
vt 0.127906 0.199427
vt 0.050447 0.116663
vt 0.140119 0.176580
vt 0.080294 0.080294
vt 0.116663 0.050447
vt 0.158156 0.028269
vt 0.199427 0.127906
vt 0.203178 0.014612
vt 0.224218 0.120386
vt 0.250000 0.010000
vt 0.250000 0.117847
vt 0.296822 0.014612
vt 0.275782 0.120386
vt 0.341844 0.028269
vt 0.300573 0.127906
vt 0.383337 0.050447
vt 0.323420 0.140119
vt 0.419706 0.080294
vt 0.343446 0.156554
vt 0.449553 0.116663
vt 0.359881 0.176580
vt 0.471731 0.158156
vt 0.372094 0.199427
vt 0.485388 0.203178
vt 0.379614 0.224218
vt 0.490000 0.250000
vt 0.382153 0.250000
vt 0.485388 0.296822
vt 0.379614 0.275782
vt 0.471731 0.341844
vt 0.372094 0.300573
vt 0.449553 0.383337
vt 0.359881 0.323420
vt 0.419706 0.419706
vt 0.343446 0.343446
vt 0.383337 0.449553
vt 0.323420 0.359881
vt 0.341844 0.471731
vt 0.300573 0.372094
vt 0.379614 0.224218
vt 0.382153 0.250000
vt 0.379614 0.275782
vt 0.275782 0.379614
vt 0.250000 0.382153
vt 0.372094 0.300573
vt 0.176580 0.140119
vt 0.300573 0.372094
vt 0.343446 0.343446
vt 0.224218 0.120386
vt 0.323420 0.140119
vt 0.300573 0.127906
vt 0.140119 0.323420
vt 0.156554 0.343446
vt 0.275782 0.120386
vt 0.250000 0.117847
vt 0.372094 0.199427
vt 0.117847 0.250000
vt 0.120386 0.275782
vt 0.343446 0.156554
vt 0.337673 0.250000
vt 0.335988 0.267104
vt 0.250000 0.337673
vt 0.267104 0.335988
vt 0.283551 0.330999
vt 0.232896 0.335988
vt 0.216449 0.330999
vt 0.201292 0.322897
vt 0.188006 0.311994
vt 0.177103 0.298708
vt 0.169001 0.283551
vt 0.164012 0.267104
vt 0.162327 0.250000
vt 0.164012 0.232896
vt 0.169001 0.216449
vt 0.177103 0.201292
vt 0.188006 0.188006
vt 0.201292 0.177103
vt 0.216449 0.169001
vt 0.232896 0.164012
vt 0.250000 0.162327
vt 0.267104 0.164012
vt 0.283551 0.169001
vt 0.298708 0.177103
vt 0.311994 0.188006
vt 0.322897 0.201292
vt 0.330999 0.216449
vt 0.335988 0.232896
vt 0.330999 0.283551
vt 0.322897 0.298708
vt 0.311994 0.311994
vt 0.298708 0.322897
vt 0.969181 0.513676
vt 0.999569 0.513676
vt 0.970433 0.508159
vt 0.998317 0.508159
vt 0.972383 0.500000
vt 0.996367 0.500000
vt 0.755443 0.489464
vt 0.791379 0.485924
vt 0.778574 0.393653
vt 0.750000 0.396467
vt 0.770414 0.352627
vt 0.750000 0.354638
vt 0.937931 0.513676
vt 0.968319 0.513676
vt 0.939183 0.508159
vt 0.967067 0.508159
vt 0.941133 0.500000
vt 0.965117 0.500000
vt 0.802055 0.483801
vt 0.836610 0.473319
vt 0.806051 0.385318
vt 0.790043 0.346673
vt 0.906681 0.513676
vt 0.937069 0.513676
vt 0.907933 0.508159
vt 0.935817 0.508159
vt 0.909883 0.500000
vt 0.933867 0.500000
vt 0.846667 0.469153
vt 0.878513 0.452131
vt 0.831372 0.371783
vt 0.808133 0.337004
vt 0.875431 0.513676
vt 0.905819 0.513676
vt 0.876683 0.508159
vt 0.904567 0.508159
vt 0.878633 0.500000
vt 0.902617 0.500000
vt 0.887564 0.446083
vt 0.915478 0.423175
vt 0.853568 0.353568
vt 0.823990 0.323990
vt 0.844181 0.513676
vt 0.874569 0.513676
vt 0.845433 0.508159
vt 0.873317 0.508159
vt 0.847383 0.500000
vt 0.871367 0.500000
vt 0.923175 0.415478
vt 0.946083 0.387565
vt 0.871783 0.331373
vt 0.837003 0.308134
vt 0.812931 0.513677
vt 0.843319 0.513676
vt 0.814183 0.508159
vt 0.842067 0.508159
vt 0.816133 0.500000
vt 0.840117 0.500000
vt 0.952131 0.378513
vt 0.969153 0.346667
vt 0.885318 0.306051
vt 0.846673 0.290044
vt 0.781681 0.513676
vt 0.812069 0.513676
vt 0.782933 0.508159
vt 0.810817 0.508159
vt 0.784882 0.500000
vt 0.808868 0.500000
vt 0.973319 0.336611
vt 0.983801 0.302055
vt 0.893653 0.278574
vt 0.852628 0.270413
vt 0.750431 0.513676
vt 0.780819 0.513676
vt 0.751683 0.508159
vt 0.779567 0.508159
vt 0.753633 0.500000
vt 0.777617 0.500000
vt 0.985925 0.291379
vt 0.989464 0.255443
vt 0.896468 0.250000
vt 0.854638 0.250000
vt 0.719181 0.513677
vt 0.749569 0.513676
vt 0.720433 0.508159
vt 0.748317 0.508159
vt 0.722383 0.500000
vt 0.746367 0.500000
vt 0.989464 0.244557
vt 0.985925 0.208622
vt 0.893653 0.221426
vt 0.852628 0.229587
vt 0.687931 0.513677
vt 0.718319 0.513676
vt 0.689183 0.508159
vt 0.717067 0.508159
vt 0.691132 0.500000
vt 0.715118 0.500000
vt 0.983801 0.197945
vt 0.973319 0.163389
vt 0.885317 0.193949
vt 0.846673 0.209957
vt 0.656681 0.513676
vt 0.687069 0.513677
vt 0.657933 0.508159
vt 0.685817 0.508159
vt 0.659883 0.500000
vt 0.683867 0.500000
vt 0.969153 0.153333
vt 0.952131 0.121487
vt 0.871783 0.168627
vt 0.837003 0.191866
vt 0.625431 0.513676
vt 0.655819 0.513677
vt 0.626683 0.508159
vt 0.654567 0.508159
vt 0.628633 0.500000
vt 0.652617 0.500000
vt 0.946083 0.112435
vt 0.923175 0.084522
vt 0.853568 0.146432
vt 0.823991 0.176010
vt 0.594181 0.513676
vt 0.624569 0.513676
vt 0.595433 0.508159
vt 0.623317 0.508159
vt 0.597383 0.500000
vt 0.621367 0.500000
vt 0.915478 0.076825
vt 0.887564 0.053917
vt 0.831372 0.128217
vt 0.808133 0.162997
vt 0.562931 0.513677
vt 0.593319 0.513676
vt 0.564183 0.508159
vt 0.592067 0.508159
vt 0.566133 0.500000
vt 0.590117 0.500000
vt 0.878513 0.047869
vt 0.846667 0.030847
vt 0.806051 0.114682
vt 0.790043 0.153327
vt 0.531681 0.513677
vt 0.562069 0.513676
vt 0.532933 0.508159
vt 0.560817 0.508159
vt 0.534883 0.500000
vt 0.558867 0.500000
vt 0.836610 0.026681
vt 0.802055 0.016199
vt 0.778574 0.106347
vt 0.770414 0.147373
vt 0.500431 0.513677
vt 0.530819 0.513677
vt 0.501683 0.508159
vt 0.529567 0.508159
vt 0.503633 0.500000
vt 0.527617 0.500000
vt 0.791379 0.014075
vt 0.755443 0.010536
vt 0.750000 0.103533
vt 0.750000 0.145362
vt 0.469182 0.513677
vt 0.499569 0.513677
vt 0.470433 0.508159
vt 0.498317 0.508159
vt 0.472383 0.500000
vt 0.496367 0.500000
vt 0.744557 0.010536
vt 0.708621 0.014075
vt 0.721426 0.106347
vt 0.729586 0.147373
vt 0.437932 0.513677
vt 0.468319 0.513677
vt 0.439183 0.508159
vt 0.467067 0.508159
vt 0.441133 0.500000
vt 0.465117 0.500000
vt 0.697945 0.016199
vt 0.663390 0.026681
vt 0.693949 0.114682
vt 0.709957 0.153327
vt 0.406681 0.513677
vt 0.437069 0.513676
vt 0.407933 0.508159
vt 0.435817 0.508159
vt 0.409883 0.500000
vt 0.433867 0.500000
vt 0.653333 0.030847
vt 0.621487 0.047869
vt 0.668628 0.128217
vt 0.691867 0.162997
vt 0.375431 0.513677
vt 0.405818 0.513677
vt 0.376683 0.508159
vt 0.404567 0.508159
vt 0.378633 0.500000
vt 0.402617 0.500000
vt 0.612436 0.053917
vt 0.584522 0.076825
vt 0.646432 0.146432
vt 0.676009 0.176010
vt 0.344181 0.513676
vt 0.374569 0.513676
vt 0.345433 0.508159
vt 0.373317 0.508159
vt 0.347383 0.500000
vt 0.371367 0.500000
vt 0.576825 0.084522
vt 0.553917 0.112435
vt 0.628217 0.168627
vt 0.662997 0.191866
vt 0.312931 0.513676
vt 0.343319 0.513676
vt 0.314183 0.508159
vt 0.342067 0.508159
vt 0.316133 0.500000
vt 0.340117 0.500000
vt 0.547869 0.121487
vt 0.530847 0.153333
vt 0.614682 0.193949
vt 0.653327 0.209957
vt 0.281681 0.513676
vt 0.312069 0.513676
vt 0.282933 0.508159
vt 0.310817 0.508159
vt 0.284882 0.500000
vt 0.308867 0.500000
vt 0.526681 0.163389
vt 0.516199 0.197945
vt 0.606347 0.221426
vt 0.647372 0.229587
vt 0.250431 0.513676
vt 0.280819 0.513676
vt 0.251683 0.508159
vt 0.279567 0.508159
vt 0.253633 0.500000
vt 0.277617 0.500000
vt 0.514075 0.208622
vt 0.510536 0.244557
vt 0.603533 0.250000
vt 0.645362 0.250000
vt 0.219181 0.513677
vt 0.249569 0.513676
vt 0.220433 0.508159
vt 0.248317 0.508159
vt 0.222383 0.500000
vt 0.246367 0.500000
vt 0.510536 0.255443
vt 0.514075 0.291378
vt 0.606347 0.278574
vt 0.647372 0.270413
vt 0.187931 0.513676
vt 0.218319 0.513676
vt 0.189183 0.508159
vt 0.217067 0.508159
vt 0.191133 0.500000
vt 0.215117 0.500000
vt 0.516199 0.302055
vt 0.526681 0.336611
vt 0.614682 0.306051
vt 0.653327 0.290044
vt 0.156681 0.513676
vt 0.187069 0.513677
vt 0.157933 0.508159
vt 0.185817 0.508159
vt 0.159883 0.500000
vt 0.183867 0.500000
vt 0.530847 0.346667
vt 0.547869 0.378513
vt 0.628217 0.331373
vt 0.662997 0.308134
vt 0.125431 0.513676
vt 0.155819 0.513676
vt 0.126683 0.508159
vt 0.154567 0.508159
vt 0.128633 0.500000
vt 0.152617 0.500000
vt 0.553917 0.387565
vt 0.576825 0.415478
vt 0.646432 0.353568
vt 0.676009 0.323990
vt 0.094181 0.513676
vt 0.124569 0.513676
vt 0.095433 0.508159
vt 0.123317 0.508159
vt 0.097382 0.500000
vt 0.121367 0.500000
vt 0.584522 0.423175
vt 0.612436 0.446083
vt 0.668628 0.371783
vt 0.691867 0.337004
vt 0.062931 0.513677
vt 0.093319 0.513676
vt 0.064183 0.508159
vt 0.092067 0.508159
vt 0.066133 0.500000
vt 0.090117 0.500000
vt 0.621487 0.452131
vt 0.653333 0.469153
vt 0.693949 0.385318
vt 0.709957 0.346673
vt 0.031681 0.513676
vt 0.062069 0.513676
vt 0.032933 0.508159
vt 0.060817 0.508159
vt 0.034883 0.500000
vt 0.058867 0.500000
vt 0.663390 0.473319
vt 0.697944 0.483801
vt 0.721425 0.393653
vt 0.729586 0.352627
vt 0.000431 0.513677
vt 0.030819 0.513676
vt 0.001683 0.508159
vt 0.029567 0.508159
vt 0.003633 0.500000
vt 0.027617 0.500000
vt 0.708621 0.485924
vt 0.744557 0.489464
vt 0.239494 0.381118
vt 0.209529 0.375158
vt 0.149856 0.335286
vt 0.132883 0.309883
vt 0.118882 0.239494
vt 0.120386 0.224218
vt 0.124842 0.209529
vt 0.164714 0.149857
vt 0.176580 0.140119
vt 0.190117 0.132883
vt 0.260506 0.118882
vt 0.290471 0.124842
vt 0.350143 0.164714
vt 0.367117 0.190117
vt 0.381118 0.260506
vt 0.375158 0.290471
vt 0.335286 0.350143
vt 0.309883 0.367117
vt 0.132883 0.309883
vt 0.118882 0.239494
vt 0.367117 0.190117
vt 0.124842 0.209529
vt 0.381118 0.260506
vt 0.375158 0.290471
vt 0.190117 0.132883
vt 0.335286 0.350144
vt 0.260506 0.118882
vt 0.149856 0.335286
vt 0.290471 0.124842
vt 0.309883 0.367117
vt 0.323420 0.359881
vt 0.224218 0.379614
vt 0.176580 0.140119
vt 0.359881 0.176580
s 1
f 5080/1050/2042 4596/1051/2043 4565/1052/2044 4894/1053/2045
f 4906/1054/2046 4567/1055/2047 4568/1056/2048 4912/1057/2049
f 4912/1057/2049 4568/1056/2048 4569/1058/2050 4918/1059/2051
f 4918/1059/2051 4569/1058/2050 4570/1060/2052 4924/1061/2053
f 4924/1061/2053 4570/1060/2052 4571/1062/2054 4930/1063/2055
f 4930/1063/2055 4571/1062/2054 4572/1064/2056 4936/1065/2057
f 4936/1065/2057 4572/1064/2056 4573/1066/2058 4942/1067/2059
f 4942/1068/2059 4573/1066/2058 4574/1069/2060 4948/1070/2061
f 4948/1070/2061 4574/1069/2060 4575/1071/2062 4954/1072/2063
f 4954/1072/2063 4575/1071/2062 4576/1073/2064 4960/1074/2065
f 4960/1075/2065 4576/1073/2064 4577/1076/2066 4966/1077/2067
f 4966/1077/2067 4577/1076/2066 4578/1078/2068 4972/1079/2069
f 4972/1079/2069 4578/1078/2068 4579/1080/2070 4978/1081/2071
f 4978/1082/2071 4579/1080/2070 4580/1083/2072 4984/1084/2073
f 4984/1084/2073 4580/1083/2072 4581/1085/2074 4990/1086/2075
f 4990/1086/2075 4581/1085/2074 4582/1087/2076 4996/1088/2077
f 4996/1088/2077 4582/1087/2076 4583/1089/2078 5002/1090/2079
f 5002/1090/2079 4583/1089/2078 4584/1091/2080 5008/1092/2081
f 5008/1092/2081 4584/1091/2080 4585/1093/2082 5014/1094/2083
f 5014/1095/2083 4585/1093/2082 4586/1096/2084 5020/1097/2085
f 5020/1097/2085 4586/1096/2084 4587/1098/2086 5026/1099/2087
f 5026/1099/2087 4587/1098/2086 4588/1100/2088 5032/1101/2089
f 5032/1102/2089 4588/1100/2088 4589/1103/2090 5038/1104/2091
f 5038/1104/2091 4589/1103/2090 4590/1105/2092 5044/1106/2093
f 5044/1106/2093 4590/1105/2092 4591/1107/2094 5050/1108/2095
f 5050/1109/2095 4591/1107/2094 4592/1110/2096 5056/1111/2097
f 5056/1111/2097 4592/1110/2096 4593/1112/2098 5062/1113/2099
f 5062/1113/2099 4593/1112/2098 4594/1114/2100 5068/1115/2101
f 5068/1116/2101 4594/1114/2100 4595/1117/2102 5074/1118/2103
f 5074/1118/2103 4595/1117/2102 4596/1051/2043 5080/1050/2042
f 4571/1062/2054 4570/1060/2052 4602/1060/2104 4603/1062/2105
f 4900/1119/2106 4566/1120/2107 4567/1055/2047 4906/1054/2046
f 4894/1121/2045 4565/1122/2044 4566/1120/2107 4900/1123/2106
f 4599/1055/2108 4597/1120/2109 4629/1120/2110 4631/1055/2111
f 4580/1083/2072 4579/1080/2070 4611/1080/2112 4612/1083/2113
f 4589/1103/2090 4588/1100/2088 4620/1100/2114 4621/1103/2115
f 4567/1055/2047 4566/1120/2107 4597/1120/2109 4599/1055/2108
f 4576/1073/2064 4575/1071/2062 4607/1071/2116 4608/1073/2117
f 4585/1093/2082 4584/1091/2080 4616/1091/2118 4617/1093/2119
f 4594/1114/2100 4593/1112/2098 4625/1112/2120 4626/1114/2121
f 4572/1064/2056 4571/1062/2054 4603/1062/2105 4604/1064/2122
f 4581/1085/2074 4580/1083/2072 4612/1083/2113 4613/1085/2123
f 4590/1105/2092 4589/1103/2090 4621/1103/2115 4622/1105/2124
f 4568/1056/2048 4567/1055/2047 4599/1055/2108 4600/1056/2125
f 4577/1076/2066 4576/1073/2064 4608/1073/2117 4609/1076/2126
f 4586/1096/2084 4585/1093/2082 4617/1093/2119 4618/1096/2127
f 4595/1117/2102 4594/1114/2100 4626/1114/2121 4627/1117/2128
f 4573/1066/2058 4572/1064/2056 4604/1064/2122 4605/1066/2129
f 4582/1087/2076 4581/1085/2074 4613/1085/2123 4614/1087/2130
f 4591/1107/2094 4590/1105/2092 4622/1105/2124 4623/1107/2131
f 4569/1058/2050 4568/1056/2048 4600/1056/2125 4601/1058/2132
f 4578/1078/2068 4577/1076/2066 4609/1076/2126 4610/1078/2133
f 4587/1098/2086 4586/1096/2084 4618/1096/2127 4619/1098/2134
f 4596/1051/2043 4595/1117/2102 4627/1117/2128 4628/1051/2135
f 4574/1069/2060 4573/1066/2058 4605/1066/2129 4606/1069/2136
f 4583/1089/2078 4582/1087/2076 4614/1087/2130 4615/1089/2137
f 4592/1110/2096 4591/1107/2094 4623/1107/2131 4624/1110/2138
f 4570/1060/2052 4569/1058/2050 4601/1058/2132 4602/1060/2104
f 4579/1080/2070 4578/1078/2068 4610/1078/2133 4611/1080/2112
f 4588/1100/2088 4587/1098/2086 4619/1098/2134 4620/1100/2114
f 4566/1120/2107 4565/1122/2044 4598/1122/2139 4597/1120/2109
f 4565/1052/2044 4596/1051/2043 4628/1051/2135 4598/1052/2139
f 4575/1071/2062 4574/1069/2060 4606/1069/2136 4607/1071/2116
f 4584/1091/2080 4583/1089/2078 4615/1089/2137 4616/1091/2118
f 4593/1112/2098 4592/1110/2096 4624/1110/2138 4625/1112/2120
f 4708/1124/2140 4707/1125/2140 5094/1125/2140 5095/1124/2140
f 4626/1114/2121 4625/1112/2120 4657/1112/2141 4658/1114/2142
f 4613/1085/2123 4612/1083/2113 4644/1083/2143 4645/1085/2144
f 4600/1056/2125 4599/1055/2108 4631/1055/2111 4632/1056/2145
f 4627/1117/2128 4626/1114/2121 4658/1114/2142 4659/1117/2146
f 4614/1087/2130 4613/1085/2123 4645/1085/2144 4646/1087/2147
f 4601/1058/2132 4600/1056/2125 4632/1056/2145 4633/1058/2148
f 4628/1051/2135 4627/1117/2128 4659/1117/2146 4660/1051/2149
f 4615/1089/2137 4614/1087/2130 4646/1087/2147 4647/1089/2150
f 4602/1060/2104 4601/1058/2132 4633/1058/2148 4634/1060/2151
f 4598/1052/2139 4628/1051/2135 4660/1051/2149 4630/1052/2152
f 4616/1091/2118 4615/1089/2137 4647/1089/2150 4648/1091/2153
f 4603/1062/2105 4602/1060/2104 4634/1060/2151 4635/1062/2154
f 4617/1093/2119 4616/1091/2118 4648/1091/2153 4649/1093/2155
f 4604/1064/2122 4603/1062/2105 4635/1062/2154 4636/1064/2156
f 4618/1096/2127 4617/1093/2119 4649/1093/2155 4650/1096/2157
f 4605/1066/2129 4604/1064/2122 4636/1064/2156 4637/1066/2158
f 4619/1098/2134 4618/1096/2127 4650/1096/2157 4651/1098/2159
f 4606/1069/2136 4605/1066/2129 4637/1066/2158 4638/1069/2160
f 4620/1100/2114 4619/1098/2134 4651/1098/2159 4652/1100/2161
f 4607/1071/2116 4606/1069/2136 4638/1069/2160 4639/1071/2162
f 4621/1103/2115 4620/1100/2114 4652/1100/2161 4653/1103/2163
f 4608/1073/2117 4607/1071/2116 4639/1071/2162 4640/1073/2164
f 4622/1105/2124 4621/1103/2115 4653/1103/2163 4654/1105/2165
f 4609/1076/2126 4608/1073/2117 4640/1073/2164 4641/1076/2166
f 4623/1107/2131 4622/1105/2124 4654/1105/2165 4655/1107/2167
f 4610/1078/2133 4609/1076/2126 4641/1076/2166 4642/1078/2168
f 4624/1110/2138 4623/1107/2131 4655/1107/2167 4656/1110/2169
f 4611/1080/2112 4610/1078/2133 4642/1078/2168 4643/1080/2170
f 4597/1120/2109 4598/1122/2139 4630/1122/2152 4629/1120/2110
f 4625/1112/2120 4624/1110/2138 4656/1110/2169 4657/1112/2141
f 4612/1083/2113 4611/1080/2112 4643/1080/2170 4644/1083/2143
f 4629/1126/2140 4630/1127/2140 4662/1128/2140 4661/1129/2140
f 4630/1127/2140 4660/1130/2140 4663/1131/2140 4662/1128/2140
f 4660/1130/2140 4659/1132/2140 4664/1133/2140 4663/1131/2140
f 4659/1132/2140 4658/1134/2140 4665/1135/2140 4664/1133/2140
f 4658/1134/2140 4657/1136/2140 4666/1137/2140 4665/1135/2140
f 4657/1136/2140 4656/1138/2140 4667/1139/2140 4666/1137/2140
f 4656/1138/2140 4655/1140/2140 4668/1141/2140 4667/1139/2140
f 4655/1140/2140 4654/1142/2140 4669/1143/2140 4668/1141/2140
f 4654/1142/2140 4653/1144/2140 4670/1145/2140 4669/1143/2140
f 4653/1144/2140 4652/1146/2140 4671/1147/2140 4670/1145/2140
f 4652/1146/2140 4651/1148/2140 4672/1149/2140 4671/1147/2140
f 4651/1148/2140 4650/1150/2140 4673/1151/2140 4672/1149/2140
f 4650/1150/2140 4649/1152/2140 4674/1125/2140 4673/1151/2140
f 4649/1152/2140 4648/1153/2140 4675/1124/2140 4674/1125/2140
f 4648/1153/2140 4647/1154/2140 4676/1155/2140 4675/1124/2140
f 4647/1154/2140 4646/1156/2140 4677/1157/2140 4676/1155/2140
f 4646/1156/2140 4645/1158/2140 4678/1159/2140 4677/1157/2140
f 4645/1158/2140 4644/1160/2140 4679/1161/2140 4678/1159/2140
f 4644/1160/2140 4643/1162/2140 4680/1163/2140 4679/1161/2140
f 4643/1162/2140 4642/1164/2140 4681/1165/2140 4680/1163/2140
f 4642/1164/2140 4641/1166/2140 4682/1167/2140 4681/1165/2140
f 4641/1166/2140 4640/1168/2140 4683/1169/2140 4682/1167/2140
f 4640/1168/2140 4639/1170/2140 4684/1171/2140 4683/1169/2140
f 4639/1170/2140 4638/1172/2140 4685/1173/2140 4684/1171/2140
f 4638/1172/2140 4637/1174/2140 4686/1175/2140 4685/1173/2140
f 4637/1174/2140 4636/1176/2140 4687/1177/2140 4686/1175/2140
f 4636/1176/2140 4635/1178/2140 4688/1179/2140 4687/1177/2140
f 4635/1178/2140 4634/1180/2140 4689/1181/2140 4688/1179/2140
f 4634/1180/2140 4633/1182/2140 4690/1183/2140 4689/1181/2140
f 4633/1182/2140 4632/1184/2140 4691/1185/2140 4690/1183/2140
f 4632/1184/2140 4631/1186/2140 4692/1187/2140 4691/1185/2140
f 4631/1186/2140 4629/1126/2140 4661/1129/2140 4692/1187/2140
f 4717/1171/2167 4718/1173/2165 4854/1173/2165 4853/1171/2167
f 4734/1188/2171 4736/1189/2171 5114/1189/2171 4779/1188/2171
f 4707/1125/2140 4706/1151/2140 4763/1151/2140 5094/1125/2140
f 4735/1149/2171 4737/1151/2171 4782/1151/2171 5113/1149/2171
f 4706/1151/2140 4705/1149/2140 5093/1149/2140 4763/1151/2140
f 4736/1189/2171 4738/1190/2171 5128/1190/2171 5114/1189/2171
f 4705/1149/2140 4704/1147/2140 5092/1147/2140 5093/1149/2140
f 4737/1151/2171 4739/1125/2171 5115/1125/2171 4782/1151/2171
f 4704/1147/2140 4703/1145/2140 5091/1145/2140 5092/1147/2140
f 4741/1191/2171 4740/1192/2171 5116/1192/2171 4796/1191/2171
f 4703/1145/2140 4702/1143/2140 4762/1143/2140 5091/1145/2140
f 4738/1190/2171 4742/1193/2171 5117/1193/2171 5128/1190/2171
f 4702/1143/2140 4701/1141/2140 5090/1141/2140 4762/1143/2140
f 4739/1125/2171 4743/1194/2171 5127/1194/2171 5115/1125/2171
f 4701/1141/2140 4700/1139/2140 5089/1139/2140 5090/1141/2140
f 4744/1195/2171 4741/1191/2171 4796/1191/2171 5124/1195/2171
f 4700/1139/2140 4699/1137/2140 5088/1137/2140 5089/1139/2140
f 4742/1193/2171 4745/1181/2171 4787/1181/2171 5117/1193/2171
f 4699/1137/2140 4698/1135/2140 4760/1135/2140 5088/1137/2140
f 4695/1187/2140 4724/1185/2140 5107/1185/2140 5108/1187/2140
f 4743/1194/2171 4746/1155/2171 5118/1155/2171 5127/1194/2171
f 4698/1135/2140 4697/1133/2140 5087/1133/2140 4760/1135/2140
f 4724/1185/2140 4723/1183/2140 5106/1183/2140 5107/1185/2140
f 4740/1192/2171 4747/1131/2171 5126/1131/2171 5116/1192/2171
f 4697/1133/2140 4696/1131/2140 5086/1131/2140 5087/1133/2140
f 4723/1183/2140 4722/1181/2140 4773/1181/2140 5106/1183/2140
f 4745/1181/2171 4748/1196/2171 5119/1196/2171 4787/1181/2171
f 4696/1131/2140 4694/1128/2140 5085/1128/2140 5086/1131/2140
f 4722/1181/2140 4721/1179/2140 5105/1179/2140 4773/1181/2140
f 4746/1155/2171 4749/1197/2171 4789/1197/2171 5118/1155/2171
f 4693/1129/2140 4695/1187/2140 5108/1187/2140 4757/1129/2140
f 4721/1179/2140 4720/1177/2140 5104/1177/2140 5105/1179/2140
f 4680/1163/2170 4681/1165/2168 4728/1198/2168 4756/1199/2170
f 4666/1137/2141 4667/1139/2169 4726/1200/2169 4755/1201/2141
f 4679/1161/2143 4680/1163/2170 4756/1199/2170 4754/1202/2143
f 4665/1135/2142 4666/1137/2141 4755/1201/2141 4753/1135/2142
f 4678/1159/2144 4679/1161/2143 4754/1202/2143 4752/1203/2144
f 4691/1185/2145 4692/1187/2111 4744/1195/2111 4751/1185/2145
f 4664/1133/2146 4665/1135/2142 4753/1135/2142 4750/1133/2146
f 4677/1157/2147 4678/1159/2144 4752/1203/2144 4749/1197/2147
f 4690/1183/2148 4691/1185/2145 4751/1185/2145 4748/1196/2148
f 4663/1131/2149 4664/1133/2146 4750/1133/2146 4747/1131/2149
f 4676/1155/2150 4677/1157/2147 4749/1197/2147 4746/1155/2150
f 4689/1181/2151 4690/1183/2148 4748/1196/2148 4745/1181/2151
f 4662/1128/2152 4663/1131/2149 4747/1131/2149 4740/1192/2152
f 4675/1124/2153 4676/1155/2150 4746/1155/2150 4743/1194/2153
f 4688/1179/2154 4689/1181/2151 4745/1181/2151 4742/1193/2154
f 4692/1187/2111 4661/1129/2110 4741/1191/2110 4744/1195/2111
f 4674/1125/2155 4675/1124/2153 4743/1194/2153 4739/1125/2155
f 4687/1177/2156 4688/1179/2154 4742/1193/2154 4738/1190/2156
f 4661/1129/2110 4662/1128/2152 4740/1192/2152 4741/1191/2110
f 4673/1151/2157 4674/1125/2155 4739/1125/2155 4737/1151/2157
f 4686/1175/2158 4687/1177/2156 4738/1190/2156 4736/1189/2158
f 4672/1149/2159 4673/1151/2157 4737/1151/2157 4735/1149/2159
f 4685/1173/2160 4686/1175/2158 4736/1189/2158 4734/1188/2160
f 4671/1147/2161 4672/1149/2159 4735/1149/2159 4733/1147/2161
f 4684/1171/2162 4685/1173/2160 4734/1188/2160 4732/1204/2162
f 4670/1145/2163 4671/1147/2161 4733/1147/2161 4731/1205/2163
f 4683/1169/2164 4684/1171/2162 4732/1204/2162 4730/1169/2164
f 4669/1143/2165 4670/1145/2163 4731/1205/2163 4729/1206/2165
f 4682/1167/2166 4683/1169/2164 4730/1169/2164 4727/1207/2166
f 4668/1141/2167 4669/1143/2165 4729/1206/2165 4725/1141/2167
f 4681/1165/2168 4682/1167/2166 4727/1207/2166 4728/1198/2168
f 4667/1139/2169 4668/1141/2167 4725/1141/2167 4726/1200/2169
f 4795/1198/2168 5110/1207/2166 5100/1167/2166 4769/1165/2168
f 5109/1141/2167 4776/1206/2165 4762/1143/2165 5090/1141/2167
f 4776/1206/2165 5111/1205/2163 5091/1145/2163 4762/1143/2165
f 5112/1204/2162 4779/1188/2160 4771/1173/2160 5102/1171/2162
f 4779/1188/2160 5114/1189/2158 5103/1175/2158 4771/1173/2160
f 5113/1149/2159 4782/1151/2157 4763/1151/2157 5093/1149/2159
f 4782/1151/2157 5115/1125/2155 5094/1125/2155 4763/1151/2157
f 4796/1191/2110 5116/1192/2152 5085/1128/2152 4757/1129/2110
f 5124/1195/2111 4796/1191/2110 4757/1129/2110 5108/1187/2111
f 5117/1193/2154 4787/1181/2151 4773/1181/2151 5105/1179/2154
f 4787/1181/2151 5119/1196/2148 5106/1183/2148 4773/1181/2151
f 5118/1155/2150 4789/1197/2147 4767/1157/2147 5096/1155/2150
f 4789/1197/2147 5121/1203/2144 5097/1159/2144 4767/1157/2147
f 5120/1133/2146 4791/1135/2142 4760/1135/2142 5087/1133/2146
f 4791/1135/2142 5122/1201/2141 5088/1137/2141 4760/1135/2142
f 5123/1199/2170 4795/1198/2168 4769/1165/2168 5099/1163/2170
f 4733/1147/2171 4735/1149/2171 5113/1149/2171 4778/1147/2171
f 4709/1155/2140 4708/1124/2140 5095/1124/2140 5096/1155/2140
f 4732/1204/2171 4734/1188/2171 4779/1188/2171 5112/1204/2171
f 4710/1157/2140 4709/1155/2140 5096/1155/2140 4767/1157/2140
f 4731/1205/2171 4733/1147/2171 4778/1147/2171 5111/1205/2171
f 4711/1159/2140 4710/1157/2140 4767/1157/2140 5097/1159/2140
f 4730/1169/2171 4732/1204/2171 5112/1204/2171 4777/1169/2171
f 4756/1199/2171 4728/1198/2171 4795/1198/2171 5123/1199/2171
f 4712/1161/2140 4711/1159/2140 5097/1159/2140 5098/1161/2140
f 4729/1206/2171 4731/1205/2171 5111/1205/2171 4776/1206/2171
f 4755/1201/2171 4726/1200/2171 4794/1200/2171 5122/1201/2171
f 4713/1163/2140 4712/1161/2140 5098/1161/2140 5099/1163/2140
f 4727/1207/2171 4730/1169/2171 4777/1169/2171 5110/1207/2171
f 4754/1202/2171 4756/1199/2171 5123/1199/2171 4792/1202/2171
f 4714/1165/2140 4713/1163/2140 5099/1163/2140 4769/1165/2140
f 4725/1141/2171 4729/1206/2171 4776/1206/2171 5109/1141/2171
f 4753/1135/2171 4755/1201/2171 5122/1201/2171 4791/1135/2171
f 4715/1167/2140 4714/1165/2140 4769/1165/2140 5100/1167/2140
f 4728/1198/2171 4727/1207/2171 5110/1207/2171 4795/1198/2171
f 4752/1203/2171 4754/1202/2171 4792/1202/2171 5121/1203/2171
f 4716/1169/2140 4715/1167/2140 5100/1167/2140 5101/1169/2140
f 4726/1200/2171 4725/1141/2171 5109/1141/2171 4794/1200/2171
f 4751/1185/2171 4744/1195/2171 5124/1195/2171 4790/1185/2171
f 4717/1171/2140 4716/1169/2140 5101/1169/2140 5102/1171/2140
f 4750/1133/2171 4753/1135/2171 4791/1135/2171 5120/1133/2171
f 4718/1173/2140 4717/1171/2140 5102/1171/2140 4771/1173/2140
f 4749/1197/2171 4752/1203/2171 5121/1203/2171 4789/1197/2171
f 4719/1175/2140 4718/1173/2140 4771/1173/2140 5103/1175/2140
f 4748/1196/2171 4751/1185/2171 4790/1185/2171 5119/1196/2171
f 4720/1177/2140 4719/1175/2140 5103/1175/2140 5104/1177/2140
f 4694/1128/2140 4693/1129/2140 4757/1129/2140 5085/1128/2140
f 4747/1131/2171 4750/1133/2171 5120/1133/2171 5126/1131/2171
f 4823/1208/2163 4824/1209/2161 4888/1209/2161 4887/1208/2163
f 4704/1147/2156 4705/1149/2154 4841/1149/2154 4840/1147/2156
f 4718/1173/2165 4719/1175/2163 4855/1175/2163 4854/1173/2165
f 4705/1149/2154 4706/1151/2151 4842/1151/2151 4841/1149/2154
f 4719/1175/2163 4720/1177/2161 4856/1177/2161 4855/1175/2163
f 4706/1151/2151 4707/1125/2148 4843/1125/2148 4842/1151/2151
f 4693/1129/2147 4694/1128/2144 4830/1128/2144 4829/1129/2147
f 4720/1177/2161 4721/1179/2159 4857/1179/2159 4856/1177/2161
f 4707/1125/2148 4708/1124/2145 4844/1124/2145 4843/1125/2148
f 4695/1187/2150 4693/1129/2147 4829/1129/2147 4831/1187/2150
f 4721/1179/2159 4722/1181/2157 4858/1181/2157 4857/1179/2159
f 4708/1124/2145 4709/1155/2111 4845/1155/2111 4844/1124/2145
f 4694/1128/2144 4696/1131/2143 4832/1131/2143 4830/1128/2144
f 4722/1181/2157 4723/1183/2155 4859/1183/2155 4858/1181/2157
f 4709/1155/2111 4710/1157/2110 4846/1157/2110 4845/1155/2111
f 4696/1131/2143 4697/1133/2170 4833/1133/2170 4832/1131/2143
f 4723/1183/2155 4724/1185/2153 4860/1185/2153 4859/1183/2155
f 4710/1157/2110 4711/1159/2152 4847/1159/2152 4846/1157/2110
f 4697/1133/2170 4698/1135/2168 4834/1135/2168 4833/1133/2170
f 4724/1185/2153 4695/1187/2150 4831/1187/2150 4860/1185/2153
f 4711/1159/2152 4712/1161/2149 4848/1161/2149 4847/1159/2152
f 4698/1135/2168 4699/1137/2166 4835/1137/2166 4834/1135/2168
f 4712/1161/2149 4713/1163/2146 4849/1163/2146 4848/1161/2149
f 4699/1137/2166 4700/1139/2164 4836/1139/2164 4835/1137/2166
f 4713/1163/2146 4714/1165/2142 4850/1165/2142 4849/1163/2146
f 4700/1139/2164 4701/1141/2162 4837/1141/2162 4836/1139/2164
f 4714/1165/2142 4715/1167/2141 4851/1167/2141 4850/1165/2142
f 4701/1141/2162 4702/1143/2160 4838/1143/2160 4837/1141/2162
f 4715/1167/2141 4716/1169/2169 4852/1169/2169 4851/1167/2141
f 4702/1143/2160 4703/1145/2158 4839/1145/2158 4838/1143/2160
f 4716/1169/2169 4717/1171/2167 4853/1171/2167 4852/1169/2169
f 4703/1145/2158 4704/1147/2156 4840/1147/2156 4839/1145/2158
f 4798/1210/2140 4797/1211/2140 4829/1129/2140 4830/1128/2140
f 4797/1211/2140 4799/1212/2140 4831/1187/2140 4829/1129/2140
f 4800/1213/2140 4798/1210/2140 4830/1128/2140 4832/1131/2140
f 4801/1214/2140 4800/1213/2140 4832/1131/2140 4833/1133/2140
f 4802/1215/2140 4801/1214/2140 4833/1133/2140 4834/1135/2140
f 4803/1216/2140 4802/1215/2140 4834/1135/2140 4835/1137/2140
f 4804/1217/2140 4803/1216/2140 4835/1137/2140 4836/1139/2140
f 4805/1218/2140 4804/1217/2140 4836/1139/2140 4837/1141/2140
f 4806/1219/2140 4805/1218/2140 4837/1141/2140 4838/1143/2140
f 4807/1220/2140 4806/1219/2140 4838/1143/2140 4839/1145/2140
f 4808/1221/2140 4807/1220/2140 4839/1145/2140 4840/1147/2140
f 4809/1222/2140 4808/1221/2140 4840/1147/2140 4841/1149/2140
f 4810/1223/2140 4809/1222/2140 4841/1149/2140 4842/1151/2140
f 4811/1224/2140 4810/1223/2140 4842/1151/2140 4843/1125/2140
f 4812/1225/2140 4811/1224/2140 4843/1125/2140 4844/1124/2140
f 4813/1226/2140 4812/1225/2140 4844/1124/2140 4845/1155/2140
f 4814/1227/2140 4813/1226/2140 4845/1155/2140 4846/1157/2140
f 4815/1228/2140 4814/1227/2140 4846/1157/2140 4847/1159/2140
f 4816/1229/2140 4815/1228/2140 4847/1159/2140 4848/1161/2140
f 4817/1230/2140 4816/1229/2140 4848/1161/2140 4849/1163/2140
f 4818/1231/2140 4817/1230/2140 4849/1163/2140 4850/1165/2140
f 4819/1232/2140 4818/1231/2140 4850/1165/2140 4851/1167/2140
f 4820/1233/2140 4819/1232/2140 4851/1167/2140 4852/1169/2140
f 4821/1234/2140 4820/1233/2140 4852/1169/2140 4853/1171/2140
f 4822/1235/2140 4821/1234/2140 4853/1171/2140 4854/1173/2140
f 4823/1208/2140 4822/1235/2140 4854/1173/2140 4855/1175/2140
f 4824/1209/2140 4823/1208/2140 4855/1175/2140 4856/1177/2140
f 4825/1236/2140 4824/1209/2140 4856/1177/2140 4857/1179/2140
f 4826/1237/2140 4825/1236/2140 4857/1179/2140 4858/1181/2140
f 4827/1238/2140 4826/1237/2140 4858/1181/2140 4859/1183/2140
f 4828/1239/2140 4827/1238/2140 4859/1183/2140 4860/1185/2140
f 4799/1212/2140 4828/1239/2140 4860/1185/2140 4831/1187/2140
f 4861/1211/2140 4862/1210/2140 4864/1213/2140 4865/1214/2140 4866/1215/2140 4867/1216/2140 4868/1217/2140 4869/1218/2140 4870/1219/2140 4871/1220/2140 4872/1221/2140 4873/1222/2140 4874/1223/2140 4875/1224/2140 4876/1225/2140 4877/1226/2140 4878/1227/2140 4879/1228/2140 4880/1229/2140 4881/1230/2140 4882/1231/2140 4883/1232/2140 4884/1233/2140 4885/1234/2140 4886/1235/2140 4887/1208/2140 4888/1209/2140 4889/1236/2140 4890/1237/2140 4891/1238/2140 4892/1239/2140 4863/1212/2140
f 4810/1223/2151 4811/1224/2148 4875/1224/2148 4874/1223/2151
f 4797/1211/2147 4798/1210/2144 4862/1210/2144 4861/1211/2147
f 4824/1209/2161 4825/1236/2159 4889/1236/2159 4888/1209/2161
f 4811/1224/2148 4812/1225/2145 4876/1225/2145 4875/1224/2148
f 4799/1212/2150 4797/1211/2147 4861/1211/2147 4863/1212/2150
f 4825/1236/2159 4826/1237/2157 4890/1237/2157 4889/1236/2159
f 4812/1225/2145 4813/1226/2111 4877/1226/2111 4876/1225/2145
f 4798/1210/2144 4800/1213/2143 4864/1213/2143 4862/1210/2144
f 4826/1237/2157 4827/1238/2155 4891/1238/2155 4890/1237/2157
f 4813/1226/2111 4814/1227/2110 4878/1227/2110 4877/1226/2111
f 4800/1213/2143 4801/1214/2170 4865/1214/2170 4864/1213/2143
f 4827/1238/2155 4828/1239/2153 4892/1239/2153 4891/1238/2155
f 4814/1227/2110 4815/1228/2152 4879/1228/2152 4878/1227/2110
f 4801/1214/2170 4802/1215/2168 4866/1215/2168 4865/1214/2170
f 4828/1239/2153 4799/1212/2150 4863/1212/2150 4892/1239/2153
f 4815/1228/2152 4816/1229/2149 4880/1229/2149 4879/1228/2152
f 4802/1215/2168 4803/1216/2166 4867/1216/2166 4866/1215/2168
f 4816/1229/2149 4817/1230/2146 4881/1230/2146 4880/1229/2149
f 4803/1216/2166 4804/1217/2164 4868/1217/2164 4867/1216/2166
f 4817/1230/2146 4818/1231/2142 4882/1231/2142 4881/1230/2146
f 4804/1217/2164 4805/1218/2162 4869/1218/2162 4868/1217/2164
f 4818/1231/2142 4819/1232/2141 4883/1232/2141 4882/1231/2142
f 4805/1218/2162 4806/1219/2160 4870/1219/2160 4869/1218/2162
f 4819/1232/2141 4820/1233/2169 4884/1233/2169 4883/1232/2141
f 4806/1219/2160 4807/1220/2158 4871/1220/2158 4870/1219/2160
f 4820/1233/2169 4821/1234/2167 4885/1234/2167 4884/1233/2169
f 4807/1220/2158 4808/1221/2156 4872/1221/2156 4871/1220/2158
f 4821/1234/2167 4822/1235/2165 4886/1235/2165 4885/1234/2167
f 4808/1221/2156 4809/1222/2154 4873/1222/2154 4872/1221/2156
f 4822/1235/2165 4823/1208/2163 4887/1208/2163 4886/1235/2165
f 4809/1222/2154 4810/1223/2151 4874/1223/2151 4873/1222/2154
f 4894/1121/2045 4900/1123/2106 4904/1240/2172 4898/1241/2173
f 4898/1241/2173 4904/1240/2172 4903/1242/2174 4897/1243/2175
f 4897/1243/2175 4903/1242/2174 4902/1244/2176 4896/1245/2177
f 4896/1246/2177 4902/1247/2176 4901/1248/2178 4895/1249/2179
f 4895/1249/2179 4901/1248/2178 4899/1250/2180 4893/1251/2181
f 4900/1119/2106 4906/1054/2046 4910/1252/2182 4904/1253/2172
f 4904/1253/2172 4910/1252/2182 4909/1254/2183 4903/1255/2174
f 4903/1255/2174 4909/1254/2183 4908/1256/2184 4902/1257/2176
f 4902/1258/2176 4908/1259/2184 4907/1260/2185 4901/1248/2178
f 4901/1248/2178 4907/1260/2185 4905/1261/2186 4899/1250/2180
f 4906/1054/2046 4912/1057/2049 4916/1262/2187 4910/1263/2182
f 4910/1263/2182 4916/1262/2187 4915/1264/2188 4909/1265/2183
f 4909/1265/2183 4915/1264/2188 4914/1266/2189 4908/1267/2184
f 4908/1268/2184 4914/1269/2189 4913/1270/2190 4907/1260/2185
f 4907/1260/2185 4913/1270/2190 4911/1271/2191 4905/1261/2186
f 4912/1057/2049 4918/1059/2051 4922/1272/2192 4916/1273/2187
f 4916/1273/2187 4922/1272/2192 4921/1274/2193 4915/1275/2188
f 4915/1275/2188 4921/1274/2193 4920/1276/2194 4914/1277/2189
f 4914/1278/2189 4920/1279/2194 4919/1280/2195 4913/1270/2190
f 4913/1270/2190 4919/1280/2195 4917/1281/2196 4911/1271/2191
f 4918/1059/2051 4924/1061/2053 4928/1282/2197 4922/1283/2192
f 4922/1283/2192 4928/1282/2197 4927/1284/2198 4921/1285/2193
f 4921/1285/2193 4927/1284/2198 4926/1286/2199 4920/1287/2194
f 4920/1288/2194 4926/1289/2199 4925/1290/2200 4919/1280/2195
f 4919/1280/2195 4925/1290/2200 4923/1291/2201 4917/1281/2196
f 4924/1061/2053 4930/1063/2055 4934/1292/2202 4928/1293/2197
f 4928/1293/2197 4934/1292/2202 4933/1294/2203 4927/1295/2198
f 4927/1295/2198 4933/1294/2203 4932/1296/2204 4926/1297/2199
f 4926/1298/2199 4932/1299/2204 4931/1300/2205 4925/1290/2200
f 4925/1290/2200 4931/1300/2205 4929/1301/2206 4923/1291/2201
f 4930/1063/2055 4936/1065/2057 4940/1302/2207 4934/1303/2202
f 4934/1303/2202 4940/1302/2207 4939/1304/2208 4933/1305/2203
f 4933/1305/2203 4939/1304/2208 4938/1306/2209 4932/1307/2204
f 4932/1308/2204 4938/1309/2209 4937/1310/2210 4931/1300/2205
f 4931/1300/2205 4937/1310/2210 4935/1311/2211 4929/1301/2206
f 4936/1065/2057 4942/1067/2059 4946/1312/2212 4940/1313/2207
f 4940/1313/2207 4946/1312/2212 4945/1314/2213 4939/1315/2208
f 4939/1315/2208 4945/1314/2213 4944/1316/2214 4938/1317/2209
f 4938/1318/2209 4944/1319/2214 4943/1320/2215 4937/1310/2210
f 4937/1310/2210 4943/1320/2215 4941/1321/2216 4935/1311/2211
f 4942/1068/2059 4948/1070/2061 4952/1322/2217 4946/1323/2212
f 4946/1323/2212 4952/1322/2217 4951/1324/2218 4945/1325/2213
f 4945/1325/2213 4951/1324/2218 4950/1326/2219 4944/1327/2214
f 4944/1328/2214 4950/1329/2219 4949/1330/2220 4943/1320/2215
f 4943/1320/2215 4949/1330/2220 4947/1331/2221 4941/1321/2216
f 4948/1070/2061 4954/1072/2063 4958/1332/2222 4952/1333/2217
f 4952/1333/2217 4958/1332/2222 4957/1334/2223 4951/1335/2218
f 4951/1335/2218 4957/1334/2223 4956/1336/2224 4950/1337/2219
f 4950/1338/2219 4956/1339/2224 4955/1340/2225 4949/1330/2220
f 4949/1330/2220 4955/1340/2225 4953/1341/2226 4947/1331/2221
f 4954/1072/2063 4960/1074/2065 4964/1342/2227 4958/1343/2222
f 4958/1343/2222 4964/1342/2227 4963/1344/2228 4957/1345/2223
f 4957/1345/2223 4963/1344/2228 4962/1346/2229 4956/1347/2224
f 4956/1348/2224 4962/1349/2229 4961/1350/2230 4955/1340/2225
f 4955/1340/2225 4961/1350/2230 4959/1351/2231 4953/1341/2226
f 4960/1075/2065 4966/1077/2067 4970/1352/2232 4964/1353/2227
f 4964/1353/2227 4970/1352/2232 4969/1354/2233 4963/1355/2228
f 4963/1355/2228 4969/1354/2233 4968/1356/2234 4962/1357/2229
f 4962/1358/2229 4968/1359/2234 4967/1360/2235 4961/1350/2230
f 4961/1350/2230 4967/1360/2235 4965/1361/2236 4959/1351/2231
f 4966/1077/2067 4972/1079/2069 4976/1362/2237 4970/1363/2232
f 4970/1363/2232 4976/1362/2237 4975/1364/2238 4969/1365/2233
f 4969/1365/2233 4975/1364/2238 4974/1366/2239 4968/1367/2234
f 4968/1368/2234 4974/1369/2239 4973/1370/2240 4967/1360/2235
f 4967/1360/2235 4973/1370/2240 4971/1371/2241 4965/1361/2236
f 4972/1079/2069 4978/1081/2071 4982/1372/2242 4976/1373/2237
f 4976/1373/2237 4982/1372/2242 4981/1374/2243 4975/1375/2238
f 4975/1375/2238 4981/1374/2243 4980/1376/2244 4974/1377/2239
f 4974/1378/2239 4980/1379/2244 4979/1380/2245 4973/1370/2240
f 4973/1370/2240 4979/1380/2245 4977/1381/2246 4971/1371/2241
f 4978/1082/2071 4984/1084/2073 4988/1382/2247 4982/1383/2242
f 4982/1383/2242 4988/1382/2247 4987/1384/2248 4981/1385/2243
f 4981/1385/2243 4987/1384/2248 4986/1386/2249 4980/1387/2244
f 4980/1388/2244 4986/1389/2249 4985/1390/2250 4979/1380/2245
f 4979/1380/2245 4985/1390/2250 4983/1391/2251 4977/1381/2246
f 4984/1084/2073 4990/1086/2075 4994/1392/2252 4988/1393/2247
f 4988/1393/2247 4994/1392/2252 4993/1394/2253 4987/1395/2248
f 4987/1395/2248 4993/1394/2253 4992/1396/2254 4986/1397/2249
f 4986/1398/2249 4992/1399/2254 4991/1400/2255 4985/1390/2250
f 4985/1390/2250 4991/1400/2255 4989/1401/2256 4983/1391/2251
f 4990/1086/2075 4996/1088/2077 5000/1402/2257 4994/1403/2252
f 4994/1403/2252 5000/1402/2257 4999/1404/2258 4993/1405/2253
f 4993/1405/2253 4999/1404/2258 4998/1406/2259 4992/1407/2254
f 4992/1408/2254 4998/1409/2259 4997/1410/2260 4991/1400/2255
f 4991/1400/2255 4997/1410/2260 4995/1411/2261 4989/1401/2256
f 4996/1088/2077 5002/1090/2079 5006/1412/2262 5000/1413/2257
f 5000/1413/2257 5006/1412/2262 5005/1414/2263 4999/1415/2258
f 4999/1415/2258 5005/1414/2263 5004/1416/2264 4998/1417/2259
f 4998/1418/2259 5004/1419/2264 5003/1420/2265 4997/1410/2260
f 4997/1410/2260 5003/1420/2265 5001/1421/2266 4995/1411/2261
f 5002/1090/2079 5008/1092/2081 5012/1422/2267 5006/1423/2262
f 5006/1423/2262 5012/1422/2267 5011/1424/2268 5005/1425/2263
f 5005/1425/2263 5011/1424/2268 5010/1426/2269 5004/1427/2264
f 5004/1428/2264 5010/1429/2269 5009/1430/2270 5003/1420/2265
f 5003/1420/2265 5009/1430/2270 5007/1431/2271 5001/1421/2266
f 5008/1092/2081 5014/1094/2083 5018/1432/2272 5012/1433/2267
f 5012/1433/2267 5018/1432/2272 5017/1434/2273 5011/1435/2268
f 5011/1435/2268 5017/1434/2273 5016/1436/2274 5010/1437/2269
f 5010/1438/2269 5016/1439/2274 5015/1440/2275 5009/1430/2270
f 5009/1430/2270 5015/1440/2275 5013/1441/2276 5007/1431/2271
f 5014/1095/2083 5020/1097/2085 5024/1442/2277 5018/1443/2272
f 5018/1443/2272 5024/1442/2277 5023/1444/2278 5017/1445/2273
f 5017/1445/2273 5023/1444/2278 5022/1446/2279 5016/1447/2274
f 5016/1448/2274 5022/1449/2279 5021/1450/2280 5015/1440/2275
f 5015/1440/2275 5021/1450/2280 5019/1451/2281 5013/1441/2276
f 5020/1097/2085 5026/1099/2087 5030/1452/2282 5024/1453/2277
f 5024/1453/2277 5030/1452/2282 5029/1454/2283 5023/1455/2278
f 5023/1455/2278 5029/1454/2283 5028/1456/2284 5022/1457/2279
f 5022/1458/2279 5028/1459/2284 5027/1460/2285 5021/1450/2280
f 5021/1450/2280 5027/1460/2285 5025/1461/2286 5019/1451/2281
f 5026/1099/2087 5032/1101/2089 5036/1462/2287 5030/1463/2282
f 5030/1463/2282 5036/1462/2287 5035/1464/2288 5029/1465/2283
f 5029/1465/2283 5035/1464/2288 5034/1466/2289 5028/1467/2284
f 5028/1468/2284 5034/1469/2289 5033/1470/2290 5027/1460/2285
f 5027/1460/2285 5033/1470/2290 5031/1471/2291 5025/1461/2286
f 5032/1102/2089 5038/1104/2091 5042/1472/2292 5036/1473/2287
f 5036/1473/2287 5042/1472/2292 5041/1474/2293 5035/1475/2288
f 5035/1475/2288 5041/1474/2293 5040/1476/2294 5034/1477/2289
f 5034/1478/2289 5040/1479/2294 5039/1480/2295 5033/1470/2290
f 5033/1470/2290 5039/1480/2295 5037/1481/2296 5031/1471/2291
f 5038/1104/2091 5044/1106/2093 5048/1482/2297 5042/1483/2292
f 5042/1483/2292 5048/1482/2297 5047/1484/2298 5041/1485/2293
f 5041/1485/2293 5047/1484/2298 5046/1486/2299 5040/1487/2294
f 5040/1488/2294 5046/1489/2299 5045/1490/2300 5039/1480/2295
f 5039/1480/2295 5045/1490/2300 5043/1491/2301 5037/1481/2296
f 5044/1106/2093 5050/1108/2095 5054/1492/2302 5048/1493/2297
f 5048/1493/2297 5054/1492/2302 5053/1494/2303 5047/1495/2298
f 5047/1495/2298 5053/1494/2303 5052/1496/2304 5046/1497/2299
f 5046/1498/2299 5052/1499/2304 5051/1500/2305 5045/1490/2300
f 5045/1490/2300 5051/1500/2305 5049/1501/2306 5043/1491/2301
f 5050/1109/2095 5056/1111/2097 5060/1502/2307 5054/1503/2302
f 5054/1503/2302 5060/1502/2307 5059/1504/2308 5053/1505/2303
f 5053/1505/2303 5059/1504/2308 5058/1506/2309 5052/1507/2304
f 5052/1508/2304 5058/1509/2309 5057/1510/2310 5051/1500/2305
f 5051/1500/2305 5057/1510/2310 5055/1511/2311 5049/1501/2306
f 5056/1111/2097 5062/1113/2099 5066/1512/2312 5060/1513/2307
f 5060/1513/2307 5066/1512/2312 5065/1514/2313 5059/1515/2308
f 5059/1515/2308 5065/1514/2313 5064/1516/2314 5058/1517/2309
f 5058/1518/2309 5064/1519/2314 5063/1520/2315 5057/1510/2310
f 5057/1510/2310 5063/1520/2315 5061/1521/2316 5055/1511/2311
f 5062/1113/2099 5068/1115/2101 5072/1522/2317 5066/1523/2312
f 5066/1523/2312 5072/1522/2317 5071/1524/2318 5065/1525/2313
f 5065/1525/2313 5071/1524/2318 5070/1526/2319 5064/1527/2314
f 5064/1528/2314 5070/1529/2319 5069/1530/2320 5063/1520/2315
f 5063/1520/2315 5069/1530/2320 5067/1531/2321 5061/1521/2316
f 5068/1116/2101 5074/1118/2103 5078/1532/2322 5072/1533/2317
f 5072/1533/2317 5078/1532/2322 5077/1534/2323 5071/1535/2318
f 5071/1535/2318 5077/1534/2323 5076/1536/2324 5070/1537/2319
f 5070/1538/2319 5076/1539/2324 5075/1540/2325 5069/1530/2320
f 5069/1530/2320 5075/1540/2325 5073/1541/2326 5067/1531/2321
f 5074/1118/2103 5080/1050/2042 5084/1542/2327 5078/1543/2322
f 5078/1543/2322 5084/1542/2327 5083/1544/2328 5077/1545/2323
f 5077/1545/2323 5083/1544/2328 5082/1546/2329 5076/1547/2324
f 5076/1548/2324 5082/1549/2329 5081/1550/2330 5075/1540/2325
f 5075/1540/2325 5081/1550/2330 5079/1551/2331 5073/1541/2326
f 5080/1050/2042 4894/1053/2045 4898/1552/2173 5084/1553/2327
f 5084/1553/2327 4898/1552/2173 4897/1554/2175 5083/1555/2328
f 5083/1555/2328 4897/1554/2175 4896/1556/2177 5082/1557/2329
f 5082/1558/2329 4896/1559/2177 4895/1249/2179 5081/1550/2330
f 5081/1550/2330 4895/1249/2179 4893/1251/2181 5079/1551/2331
f 4893/1251/2181 4899/1250/2180 4905/1261/2186 4911/1271/2191 4917/1281/2196 4923/1291/2201 4929/1301/2206 4935/1311/2211 4941/1321/2216 4947/1331/2221 4953/1341/2226 4959/1351/2231 4965/1361/2236 4971/1371/2241 4977/1381/2246 4983/1391/2251 4989/1401/2256 4995/1411/2261 5001/1421/2266 5007/1431/2271 5013/1441/2276 5019/1451/2281 5025/1461/2286 5031/1471/2291 5037/1481/2296 5043/1491/2301 5049/1501/2306 5055/1511/2311 5061/1521/2316 5067/1531/2321 5073/1541/2326 5079/1551/2331
f 5133/1560/2332 5141/1131/2149 5086/1131/2149 5085/1128/2152
f 5141/1131/2149 4759/1561/2333 5087/1133/2146 5086/1131/2149
f 5134/1562/2334 5131/1139/2169 5089/1139/2169 5088/1137/2141
f 5131/1139/2169 4761/1563/2335 5090/1141/2167 5089/1139/2169
f 5143/1564/2336 5140/1565/2161 5092/1147/2161 5091/1145/2163
f 5140/1565/2161 5135/1566/2337 5093/1149/2159 5092/1147/2161
f 4764/1567/2338 4765/1568/2153 5095/1124/2153 5094/1125/2155
f 4765/1568/2153 4766/1569/2339 5096/1155/2150 5095/1124/2153
f 5136/1570/2340 5142/1161/2143 5098/1161/2143 5097/1159/2144
f 5142/1161/2143 4768/1571/2341 5099/1163/2170 5098/1161/2143
f 5144/1572/2342 4770/1169/2164 5101/1169/2164 5100/1167/2166
f 4770/1169/2164 5145/1573/2343 5102/1171/2162 5101/1169/2164
f 5146/1574/2344 4772/1177/2156 5104/1177/2156 5103/1175/2158
f 4772/1177/2156 5147/1575/2345 5105/1179/2154 5104/1177/2156
f 4774/1576/2346 4775/1185/2145 5107/1185/2145 5106/1183/2148
f 4775/1185/2145 4758/1577/2347 5108/1187/2111 5107/1185/2145
f 4761/1563/2335 5148/1578/2335 5109/1141/2167 5090/1141/2167
f 5149/1572/2342 5144/1572/2342 5100/1167/2166 5110/1207/2166
f 5150/1579/2336 5143/1564/2336 5091/1145/2163 5111/1205/2163
f 5145/1573/2343 5137/1580/2343 5112/1204/2162 5102/1171/2162
f 5135/1566/2337 4780/1581/2337 5113/1149/2159 5093/1149/2159
f 4781/1582/2344 5146/1574/2344 5103/1175/2158 5114/1189/2158
f 5151/1567/2338 4764/1567/2338 5094/1125/2155 5115/1125/2155
f 4784/1560/2332 5133/1560/2332 5085/1128/2152 5116/1192/2152
f 5147/1575/2345 4785/1583/2345 5117/1193/2154 5105/1179/2154
f 4766/1569/2339 5152/1584/2339 5118/1155/2150 5096/1155/2150
f 5153/1585/2346 4774/1576/2346 5106/1183/2148 5119/1196/2148
f 4759/1561/2333 5138/1561/2333 5120/1133/2146 5087/1133/2146
f 5154/1586/2340 5136/1570/2340 5097/1159/2144 5121/1203/2144
f 4793/1587/2334 5134/1562/2334 5088/1137/2141 5122/1201/2141
f 4768/1571/2341 5155/1588/2341 5123/1199/2170 5099/1163/2170
f 4758/1577/2347 5156/1589/2347 5124/1195/2111 5108/1187/2111
f 5132/1200/2169 4793/1587/2334 5122/1201/2141 4794/1200/2169
f 5155/1588/2341 5130/1202/2143 4792/1202/2143 5123/1199/2170
f 5130/1202/2143 5154/1586/2340 5121/1203/2144 4792/1202/2143
f 5156/1589/2347 5125/1590/2145 4790/1185/2145 5124/1195/2111
f 5125/1590/2145 5153/1585/2346 5119/1196/2148 4790/1185/2145
f 5138/1561/2333 4788/1591/2149 5126/1131/2149 5120/1133/2146
f 4788/1591/2149 4784/1560/2332 5116/1192/2152 5126/1131/2149
f 5152/1584/2339 4786/1592/2153 5127/1194/2153 5118/1155/2150
f 4786/1592/2153 5151/1567/2338 5115/1125/2155 5127/1194/2153
f 4785/1583/2345 4783/1190/2156 5128/1190/2156 5117/1193/2154
f 4783/1190/2156 4781/1582/2344 5114/1189/2158 5128/1190/2156
f 4780/1581/2337 5129/1565/2161 4778/1147/2161 5113/1149/2159
f 5129/1565/2161 5150/1579/2336 5111/1205/2163 4778/1147/2161
f 5137/1580/2343 5139/1593/2164 4777/1169/2164 5112/1204/2162
f 5139/1593/2164 5149/1572/2342 5110/1207/2166 4777/1169/2164
f 5148/1578/2335 5132/1200/2169 4794/1200/2169 5109/1141/2167
f 5132/1200/2169 5148/1578/2335 4761/1563/2335 5131/1139/2169
f 5149/1572/2342 5139/1593/2164 4770/1169/2164 5144/1572/2342
f 5139/1593/2164 5137/1580/2343 5145/1573/2343 4770/1169/2164
f 5150/1579/2336 5129/1565/2161 5140/1565/2161 5143/1564/2336
f 5129/1565/2161 4780/1581/2337 5135/1566/2337 5140/1565/2161
f 4781/1582/2344 4783/1190/2156 4772/1177/2156 5146/1574/2344
f 4783/1190/2156 4785/1583/2345 5147/1575/2345 4772/1177/2156
f 5151/1567/2338 4786/1592/2153 4765/1568/2153 4764/1567/2338
f 4786/1592/2153 5152/1584/2339 4766/1569/2339 4765/1568/2153
f 4784/1560/2332 4788/1591/2149 5141/1131/2149 5133/1560/2332
f 4788/1591/2149 5138/1561/2333 4759/1561/2333 5141/1131/2149
f 5153/1585/2346 5125/1590/2145 4775/1185/2145 4774/1576/2346
f 5125/1590/2145 5156/1589/2347 4758/1577/2347 4775/1185/2145
f 5154/1586/2340 5130/1202/2143 5142/1161/2143 5136/1570/2340
f 5130/1202/2143 5155/1588/2341 4768/1571/2341 5142/1161/2143
f 4793/1587/2334 5132/1200/2169 5131/1139/2169 5134/1562/2334
f 5672/1050/2106 5486/1053/2045 5157/1052/2044 5188/1051/2107
f 5498/1054/2103 5504/1057/2101 5160/1056/2100 5159/1055/2102
f 5504/1057/2101 5510/1059/2099 5161/1058/2098 5160/1056/2100
f 5510/1059/2099 5516/1061/2097 5162/1060/2096 5161/1058/2098
f 5516/1061/2097 5522/1063/2095 5163/1062/2094 5162/1060/2096
f 5522/1063/2095 5528/1065/2093 5164/1064/2092 5163/1062/2094
f 5528/1065/2093 5534/1067/2348 5165/1066/2090 5164/1064/2092
f 5534/1068/2348 5540/1070/2349 5166/1069/2088 5165/1066/2090
f 5540/1070/2349 5546/1072/2087 5167/1071/2086 5166/1069/2088
f 5546/1072/2087 5552/1074/2085 5168/1073/2084 5167/1071/2086
f 5552/1075/2085 5558/1077/2083 5169/1076/2082 5168/1073/2084
f 5558/1077/2083 5564/1079/2081 5170/1078/2080 5169/1076/2082
f 5564/1079/2081 5570/1081/2079 5171/1080/2078 5170/1078/2080
f 5570/1082/2079 5576/1084/2077 5172/1083/2076 5171/1080/2078
f 5576/1084/2077 5582/1086/2075 5173/1085/2074 5172/1083/2076
f 5582/1086/2075 5588/1088/2073 5174/1087/2072 5173/1085/2074
f 5588/1088/2073 5594/1090/2071 5175/1089/2070 5174/1087/2072
f 5594/1090/2071 5600/1092/2069 5176/1091/2068 5175/1089/2070
f 5600/1092/2069 5606/1094/2067 5177/1093/2066 5176/1091/2068
f 5606/1095/2067 5612/1097/2065 5178/1096/2064 5177/1093/2066
f 5612/1097/2065 5618/1099/2063 5179/1098/2062 5178/1096/2064
f 5618/1099/2063 5624/1101/2061 5180/1100/2060 5179/1098/2062
f 5624/1102/2061 5630/1104/2059 5181/1103/2058 5180/1100/2060
f 5630/1104/2059 5636/1106/2057 5182/1105/2056 5181/1103/2058
f 5636/1106/2057 5642/1108/2055 5183/1107/2054 5182/1105/2056
f 5642/1109/2055 5648/1111/2053 5184/1110/2052 5183/1107/2054
f 5648/1111/2053 5654/1113/2051 5185/1112/2050 5184/1110/2052
f 5654/1113/2051 5660/1115/2049 5186/1114/2048 5185/1112/2050
f 5660/1116/2049 5666/1118/2046 5187/1117/2047 5186/1114/2048
f 5666/1118/2046 5672/1050/2106 5188/1051/2107 5187/1117/2047
f 5163/1062/2094 5195/1062/2131 5194/1060/2138 5162/1060/2096
f 5492/1119/2042 5498/1054/2103 5159/1055/2102 5158/1120/2043
f 5486/1121/2045 5492/1123/2042 5158/1120/2043 5157/1122/2044
f 5191/1055/2128 5223/1055/2146 5221/1120/2149 5189/1120/2135
f 5172/1083/2076 5204/1083/2130 5203/1080/2137 5171/1080/2078
f 5181/1103/2058 5213/1103/2129 5212/1100/2136 5180/1100/2060
f 5159/1055/2102 5191/1055/2128 5189/1120/2135 5158/1120/2043
f 5168/1073/2084 5200/1073/2127 5199/1071/2134 5167/1071/2086
f 5177/1093/2066 5209/1093/2126 5208/1091/2133 5176/1091/2068
f 5186/1114/2048 5218/1114/2125 5217/1112/2132 5185/1112/2050
f 5164/1064/2092 5196/1064/2124 5195/1062/2131 5163/1062/2094
f 5173/1085/2074 5205/1085/2123 5204/1083/2130 5172/1083/2076
f 5182/1105/2056 5214/1105/2122 5213/1103/2129 5181/1103/2058
f 5160/1056/2100 5192/1056/2121 5191/1055/2128 5159/1055/2102
f 5169/1076/2082 5201/1076/2119 5200/1073/2127 5168/1073/2084
f 5178/1096/2064 5210/1096/2117 5209/1093/2126 5177/1093/2066
f 5187/1117/2047 5219/1117/2108 5218/1114/2125 5186/1114/2048
f 5165/1066/2090 5197/1066/2115 5196/1064/2124 5164/1064/2092
f 5174/1087/2072 5206/1087/2113 5205/1085/2123 5173/1085/2074
f 5183/1107/2054 5215/1107/2105 5214/1105/2122 5182/1105/2056
f 5161/1058/2098 5193/1058/2120 5192/1056/2121 5160/1056/2100
f 5170/1078/2080 5202/1078/2118 5201/1076/2119 5169/1076/2082
f 5179/1098/2062 5211/1098/2116 5210/1096/2117 5178/1096/2064
f 5188/1051/2107 5220/1051/2109 5219/1117/2108 5187/1117/2047
f 5166/1069/2088 5198/1069/2114 5197/1066/2115 5165/1066/2090
f 5175/1089/2070 5207/1089/2112 5206/1087/2113 5174/1087/2072
f 5184/1110/2052 5216/1110/2104 5215/1107/2105 5183/1107/2054
f 5162/1060/2096 5194/1060/2138 5193/1058/2120 5161/1058/2098
f 5171/1080/2078 5203/1080/2137 5202/1078/2118 5170/1078/2080
f 5180/1100/2060 5212/1100/2136 5211/1098/2116 5179/1098/2062
f 5158/1120/2043 5189/1120/2135 5190/1122/2139 5157/1122/2044
f 5157/1052/2044 5190/1052/2139 5220/1051/2109 5188/1051/2107
f 5167/1071/2086 5199/1071/2134 5198/1069/2114 5166/1069/2088
f 5176/1091/2068 5208/1091/2133 5207/1089/2112 5175/1089/2070
f 5185/1112/2050 5217/1112/2132 5216/1110/2104 5184/1110/2052
f 5300/1124/2140 5687/1124/2140 5686/1125/2140 5299/1125/2140
f 5218/1114/2125 5250/1114/2145 5249/1112/2148 5217/1112/2132
f 5205/1085/2123 5237/1085/2144 5236/1083/2147 5204/1083/2130
f 5192/1056/2121 5224/1056/2142 5223/1055/2146 5191/1055/2128
f 5219/1117/2108 5251/1117/2111 5250/1114/2145 5218/1114/2125
f 5206/1087/2113 5238/1087/2143 5237/1085/2144 5205/1085/2123
f 5193/1058/2120 5225/1058/2141 5224/1056/2142 5192/1056/2121
f 5220/1051/2109 5252/1051/2110 5251/1117/2111 5219/1117/2108
f 5207/1089/2112 5239/1089/2170 5238/1087/2143 5206/1087/2113
f 5194/1060/2138 5226/1060/2169 5225/1058/2141 5193/1058/2120
f 5190/1052/2139 5222/1052/2152 5252/1051/2110 5220/1051/2109
f 5208/1091/2133 5240/1091/2168 5239/1089/2170 5207/1089/2112
f 5195/1062/2131 5227/1062/2167 5226/1060/2169 5194/1060/2138
f 5209/1093/2126 5241/1093/2166 5240/1091/2168 5208/1091/2133
f 5196/1064/2124 5228/1064/2165 5227/1062/2167 5195/1062/2131
f 5210/1096/2117 5242/1096/2164 5241/1093/2166 5209/1093/2126
f 5197/1066/2115 5229/1066/2163 5228/1064/2165 5196/1064/2124
f 5211/1098/2116 5243/1098/2162 5242/1096/2164 5210/1096/2117
f 5198/1069/2114 5230/1069/2161 5229/1066/2163 5197/1066/2115
f 5212/1100/2136 5244/1100/2160 5243/1098/2162 5211/1098/2116
f 5199/1071/2134 5231/1071/2159 5230/1069/2161 5198/1069/2114
f 5213/1103/2129 5245/1103/2158 5244/1100/2160 5212/1100/2136
f 5200/1073/2127 5232/1073/2157 5231/1071/2159 5199/1071/2134
f 5214/1105/2122 5246/1105/2156 5245/1103/2158 5213/1103/2129
f 5201/1076/2119 5233/1076/2155 5232/1073/2157 5200/1073/2127
f 5215/1107/2105 5247/1107/2154 5246/1105/2156 5214/1105/2122
f 5202/1078/2118 5234/1078/2153 5233/1076/2155 5201/1076/2119
f 5216/1110/2104 5248/1110/2151 5247/1107/2154 5215/1107/2105
f 5203/1080/2137 5235/1080/2150 5234/1078/2153 5202/1078/2118
f 5189/1120/2135 5221/1120/2149 5222/1122/2152 5190/1122/2139
f 5217/1112/2132 5249/1112/2148 5248/1110/2151 5216/1110/2104
f 5204/1083/2130 5236/1083/2147 5235/1080/2150 5203/1080/2137
f 5221/1126/2140 5253/1129/2140 5254/1128/2140 5222/1127/2140
f 5222/1127/2140 5254/1128/2140 5255/1131/2140 5252/1130/2140
f 5252/1130/2140 5255/1131/2140 5256/1133/2140 5251/1132/2140
f 5251/1132/2140 5256/1133/2140 5257/1135/2140 5250/1134/2140
f 5250/1134/2140 5257/1135/2140 5258/1137/2140 5249/1136/2140
f 5249/1136/2140 5258/1137/2140 5259/1139/2140 5248/1138/2140
f 5248/1138/2140 5259/1139/2140 5260/1141/2140 5247/1140/2140
f 5247/1140/2140 5260/1141/2140 5261/1143/2140 5246/1142/2140
f 5246/1142/2140 5261/1143/2140 5262/1145/2140 5245/1144/2140
f 5245/1144/2140 5262/1145/2140 5263/1147/2140 5244/1146/2140
f 5244/1146/2140 5263/1147/2140 5264/1149/2140 5243/1148/2140
f 5243/1148/2140 5264/1149/2140 5265/1151/2140 5242/1150/2140
f 5242/1150/2140 5265/1151/2140 5266/1125/2140 5241/1152/2140
f 5241/1152/2140 5266/1125/2140 5267/1124/2140 5240/1153/2140
f 5240/1153/2140 5267/1124/2140 5268/1155/2140 5239/1154/2140
f 5239/1154/2140 5268/1155/2140 5269/1157/2140 5238/1156/2140
f 5238/1156/2140 5269/1157/2140 5270/1159/2140 5237/1158/2140
f 5237/1158/2140 5270/1159/2140 5271/1161/2140 5236/1160/2140
f 5236/1160/2140 5271/1161/2140 5272/1163/2140 5235/1162/2140
f 5235/1162/2140 5272/1163/2140 5273/1165/2140 5234/1164/2140
f 5234/1164/2140 5273/1165/2140 5274/1167/2140 5233/1166/2140
f 5233/1166/2140 5274/1167/2140 5275/1169/2140 5232/1168/2140
f 5232/1168/2140 5275/1169/2140 5276/1171/2140 5231/1170/2140
f 5231/1170/2140 5276/1171/2140 5277/1173/2140 5230/1172/2140
f 5230/1172/2140 5277/1173/2140 5278/1175/2140 5229/1174/2140
f 5229/1174/2140 5278/1175/2140 5279/1177/2140 5228/1176/2140
f 5228/1176/2140 5279/1177/2140 5280/1179/2140 5227/1178/2140
f 5227/1178/2140 5280/1179/2140 5281/1181/2140 5226/1180/2140
f 5226/1180/2140 5281/1181/2140 5282/1183/2140 5225/1182/2140
f 5225/1182/2140 5282/1183/2140 5283/1185/2140 5224/1184/2140
f 5224/1184/2140 5283/1185/2140 5284/1187/2140 5223/1186/2140
f 5223/1186/2140 5284/1187/2140 5253/1129/2140 5221/1126/2140
f 5309/1171/2154 5445/1171/2154 5446/1173/2156 5310/1173/2156
f 5326/1188/2171 5371/1188/2171 5706/1189/2171 5328/1189/2171
f 5299/1125/2140 5686/1125/2140 5355/1151/2140 5298/1151/2140
f 5327/1149/2171 5705/1149/2171 5374/1151/2171 5329/1151/2171
f 5298/1151/2140 5355/1151/2140 5685/1149/2140 5297/1149/2140
f 5328/1189/2171 5706/1189/2171 5720/1190/2171 5330/1190/2171
f 5297/1149/2140 5685/1149/2140 5684/1147/2140 5296/1147/2140
f 5329/1151/2171 5374/1151/2171 5707/1125/2171 5331/1125/2171
f 5296/1147/2140 5684/1147/2140 5683/1145/2140 5295/1145/2140
f 5333/1191/2171 5388/1191/2171 5708/1192/2171 5332/1192/2171
f 5295/1145/2140 5683/1145/2140 5354/1143/2140 5294/1143/2140
f 5330/1190/2171 5720/1190/2171 5709/1193/2171 5334/1193/2171
f 5294/1143/2140 5354/1143/2140 5682/1141/2140 5293/1141/2140
f 5331/1125/2171 5707/1125/2171 5719/1194/2171 5335/1194/2171
f 5293/1141/2140 5682/1141/2140 5681/1139/2140 5292/1139/2140
f 5336/1195/2171 5716/1195/2171 5388/1191/2171 5333/1191/2171
f 5292/1139/2140 5681/1139/2140 5680/1137/2140 5291/1137/2140
f 5334/1193/2171 5709/1193/2171 5379/1181/2171 5337/1181/2171
f 5291/1137/2140 5680/1137/2140 5352/1135/2140 5290/1135/2140
f 5287/1187/2140 5700/1187/2140 5699/1185/2140 5316/1185/2140
f 5335/1194/2171 5719/1194/2171 5710/1155/2171 5338/1155/2171
f 5290/1135/2140 5352/1135/2140 5679/1133/2140 5289/1133/2140
f 5316/1185/2140 5699/1185/2140 5698/1183/2140 5315/1183/2140
f 5332/1192/2171 5708/1192/2171 5718/1131/2171 5339/1131/2171
f 5289/1133/2140 5679/1133/2140 5678/1131/2140 5288/1131/2140
f 5315/1183/2140 5698/1183/2140 5365/1181/2140 5314/1181/2140
f 5337/1181/2171 5379/1181/2171 5711/1196/2171 5340/1196/2171
f 5288/1131/2140 5678/1131/2140 5677/1128/2140 5286/1128/2140
f 5314/1181/2140 5365/1181/2140 5697/1179/2140 5313/1179/2140
f 5338/1155/2171 5710/1155/2171 5381/1197/2171 5341/1197/2171
f 5285/1129/2140 5349/1129/2140 5700/1187/2140 5287/1187/2140
f 5313/1179/2140 5697/1179/2140 5696/1177/2140 5312/1177/2140
f 5272/1163/2150 5348/1199/2150 5320/1198/2153 5273/1165/2153
f 5258/1137/2148 5347/1201/2148 5318/1200/2151 5259/1139/2151
f 5271/1161/2147 5346/1202/2147 5348/1199/2150 5272/1163/2150
f 5257/1135/2145 5345/1135/2145 5347/1201/2148 5258/1137/2148
f 5270/1159/2144 5344/1203/2144 5346/1202/2147 5271/1161/2147
f 5283/1185/2142 5343/1185/2142 5336/1195/2146 5284/1187/2146
f 5256/1133/2111 5342/1133/2111 5345/1135/2145 5257/1135/2145
f 5269/1157/2143 5341/1197/2143 5344/1203/2144 5270/1159/2144
f 5282/1183/2141 5340/1196/2141 5343/1185/2142 5283/1185/2142
f 5255/1131/2110 5339/1131/2110 5342/1133/2111 5256/1133/2111
f 5268/1155/2170 5338/1155/2170 5341/1197/2143 5269/1157/2143
f 5281/1181/2169 5337/1181/2169 5340/1196/2141 5282/1183/2141
f 5254/1128/2152 5332/1192/2152 5339/1131/2110 5255/1131/2110
f 5267/1124/2168 5335/1194/2168 5338/1155/2170 5268/1155/2170
f 5280/1179/2167 5334/1193/2167 5337/1181/2169 5281/1181/2169
f 5284/1187/2146 5336/1195/2146 5333/1191/2149 5253/1129/2149
f 5266/1125/2166 5331/1125/2166 5335/1194/2168 5267/1124/2168
f 5279/1177/2165 5330/1190/2165 5334/1193/2167 5280/1179/2167
f 5253/1129/2149 5333/1191/2149 5332/1192/2152 5254/1128/2152
f 5265/1151/2164 5329/1151/2164 5331/1125/2166 5266/1125/2166
f 5278/1175/2163 5328/1189/2163 5330/1190/2165 5279/1177/2165
f 5264/1149/2162 5327/1149/2162 5329/1151/2164 5265/1151/2164
f 5277/1173/2161 5326/1188/2161 5328/1189/2163 5278/1175/2163
f 5263/1147/2160 5325/1147/2160 5327/1149/2162 5264/1149/2162
f 5276/1171/2159 5324/1204/2159 5326/1188/2161 5277/1173/2161
f 5262/1145/2158 5323/1205/2158 5325/1147/2160 5263/1147/2160
f 5275/1169/2157 5322/1169/2157 5324/1204/2159 5276/1171/2159
f 5261/1143/2156 5321/1206/2156 5323/1205/2158 5262/1145/2158
f 5274/1167/2155 5319/1207/2155 5322/1169/2157 5275/1169/2157
f 5260/1141/2154 5317/1141/2154 5321/1206/2156 5261/1143/2156
f 5273/1165/2153 5320/1198/2153 5319/1207/2155 5274/1167/2155
f 5259/1139/2151 5318/1200/2151 5317/1141/2154 5260/1141/2154
f 5387/1198/2153 5361/1165/2153 5692/1167/2155 5702/1207/2155
f 5701/1141/2154 5682/1141/2154 5354/1143/2156 5368/1206/2156
f 5368/1206/2156 5354/1143/2156 5683/1145/2158 5703/1205/2158
f 5704/1204/2159 5694/1171/2159 5363/1173/2161 5371/1188/2161
f 5371/1188/2161 5363/1173/2161 5695/1175/2163 5706/1189/2163
f 5705/1149/2162 5685/1149/2162 5355/1151/2164 5374/1151/2164
f 5374/1151/2164 5355/1151/2164 5686/1125/2166 5707/1125/2166
f 5388/1191/2149 5349/1129/2149 5677/1128/2152 5708/1192/2152
f 5716/1195/2146 5700/1187/2146 5349/1129/2149 5388/1191/2149
f 5709/1193/2167 5697/1179/2167 5365/1181/2169 5379/1181/2169
f 5379/1181/2169 5365/1181/2169 5698/1183/2141 5711/1196/2141
f 5710/1155/2170 5688/1155/2170 5359/1157/2143 5381/1197/2143
f 5381/1197/2143 5359/1157/2143 5689/1159/2144 5713/1203/2144
f 5712/1133/2111 5679/1133/2111 5352/1135/2145 5383/1135/2145
f 5383/1135/2145 5352/1135/2145 5680/1137/2148 5714/1201/2148
f 5715/1199/2150 5691/1163/2150 5361/1165/2153 5387/1198/2153
f 5325/1147/2171 5370/1147/2171 5705/1149/2171 5327/1149/2171
f 5301/1155/2140 5688/1155/2140 5687/1124/2140 5300/1124/2140
f 5324/1204/2171 5704/1204/2171 5371/1188/2171 5326/1188/2171
f 5302/1157/2140 5359/1157/2140 5688/1155/2140 5301/1155/2140
f 5323/1205/2171 5703/1205/2171 5370/1147/2171 5325/1147/2171
f 5303/1159/2140 5689/1159/2140 5359/1157/2140 5302/1157/2140
f 5322/1169/2171 5369/1169/2171 5704/1204/2171 5324/1204/2171
f 5348/1199/2171 5715/1199/2171 5387/1198/2171 5320/1198/2171
f 5304/1161/2140 5690/1161/2140 5689/1159/2140 5303/1159/2140
f 5321/1206/2171 5368/1206/2171 5703/1205/2171 5323/1205/2171
f 5347/1201/2171 5714/1201/2171 5386/1200/2171 5318/1200/2171
f 5305/1163/2140 5691/1163/2140 5690/1161/2140 5304/1161/2140
f 5319/1207/2171 5702/1207/2171 5369/1169/2171 5322/1169/2171
f 5346/1202/2171 5384/1202/2171 5715/1199/2171 5348/1199/2171
f 5306/1165/2140 5361/1165/2140 5691/1163/2140 5305/1163/2140
f 5317/1141/2171 5701/1141/2171 5368/1206/2171 5321/1206/2171
f 5345/1135/2171 5383/1135/2171 5714/1201/2171 5347/1201/2171
f 5307/1167/2140 5692/1167/2140 5361/1165/2140 5306/1165/2140
f 5320/1198/2171 5387/1198/2171 5702/1207/2171 5319/1207/2171
f 5344/1203/2171 5713/1203/2171 5384/1202/2171 5346/1202/2171
f 5308/1169/2140 5693/1169/2140 5692/1167/2140 5307/1167/2140
f 5318/1200/2171 5386/1200/2171 5701/1141/2171 5317/1141/2171
f 5343/1185/2171 5382/1185/2171 5716/1195/2171 5336/1195/2171
f 5309/1171/2140 5694/1171/2140 5693/1169/2140 5308/1169/2140
f 5342/1133/2171 5712/1133/2171 5383/1135/2171 5345/1135/2171
f 5310/1173/2140 5363/1173/2140 5694/1171/2140 5309/1171/2140
f 5341/1197/2171 5381/1197/2171 5713/1203/2171 5344/1203/2171
f 5311/1175/2140 5695/1175/2140 5363/1173/2140 5310/1173/2140
f 5340/1196/2171 5711/1196/2171 5382/1185/2171 5343/1185/2171
f 5312/1177/2140 5696/1177/2140 5695/1175/2140 5311/1175/2140
f 5286/1128/2140 5677/1128/2140 5349/1129/2140 5285/1129/2140
f 5339/1131/2171 5718/1131/2171 5712/1133/2171 5342/1133/2171
f 5415/1208/2158 5479/1208/2158 5480/1209/2160 5416/1209/2160
f 5296/1147/2165 5432/1147/2165 5433/1149/2167 5297/1149/2167
f 5310/1173/2156 5446/1173/2156 5447/1175/2158 5311/1175/2158
f 5297/1149/2167 5433/1149/2167 5434/1151/2169 5298/1151/2169
f 5311/1175/2158 5447/1175/2158 5448/1177/2160 5312/1177/2160
f 5298/1151/2169 5434/1151/2169 5435/1125/2141 5299/1125/2141
f 5285/1129/2143 5421/1129/2143 5422/1128/2144 5286/1128/2144
f 5312/1177/2160 5448/1177/2160 5449/1179/2162 5313/1179/2162
f 5299/1125/2141 5435/1125/2141 5436/1124/2142 5300/1124/2142
f 5287/1187/2170 5423/1187/2170 5421/1129/2143 5285/1129/2143
f 5313/1179/2162 5449/1179/2162 5450/1181/2164 5314/1181/2164
f 5300/1124/2142 5436/1124/2142 5437/1155/2146 5301/1155/2146
f 5286/1128/2144 5422/1128/2144 5424/1131/2147 5288/1131/2147
f 5314/1181/2164 5450/1181/2164 5451/1183/2166 5315/1183/2166
f 5301/1155/2146 5437/1155/2146 5438/1157/2149 5302/1157/2149
f 5288/1131/2147 5424/1131/2147 5425/1133/2150 5289/1133/2150
f 5315/1183/2166 5451/1183/2166 5452/1185/2168 5316/1185/2168
f 5302/1157/2149 5438/1157/2149 5439/1159/2152 5303/1159/2152
f 5289/1133/2150 5425/1133/2150 5426/1135/2153 5290/1135/2153
f 5316/1185/2168 5452/1185/2168 5423/1187/2170 5287/1187/2170
f 5303/1159/2152 5439/1159/2152 5440/1161/2110 5304/1161/2110
f 5290/1135/2153 5426/1135/2153 5427/1137/2155 5291/1137/2155
f 5304/1161/2110 5440/1161/2110 5441/1163/2111 5305/1163/2111
f 5291/1137/2155 5427/1137/2155 5428/1139/2157 5292/1139/2157
f 5305/1163/2111 5441/1163/2111 5442/1165/2145 5306/1165/2145
f 5292/1139/2157 5428/1139/2157 5429/1141/2159 5293/1141/2159
f 5306/1165/2145 5442/1165/2145 5443/1167/2148 5307/1167/2148
f 5293/1141/2159 5429/1141/2159 5430/1143/2161 5294/1143/2161
f 5307/1167/2148 5443/1167/2148 5444/1169/2151 5308/1169/2151
f 5294/1143/2161 5430/1143/2161 5431/1145/2163 5295/1145/2163
f 5308/1169/2151 5444/1169/2151 5445/1171/2154 5309/1171/2154
f 5295/1145/2163 5431/1145/2163 5432/1147/2165 5296/1147/2165
f 5390/1210/2140 5422/1128/2140 5421/1129/2140 5389/1211/2140
f 5389/1211/2140 5421/1129/2140 5423/1187/2140 5391/1212/2140
f 5392/1213/2140 5424/1131/2140 5422/1128/2140 5390/1210/2140
f 5393/1214/2140 5425/1133/2140 5424/1131/2140 5392/1213/2140
f 5394/1215/2140 5426/1135/2140 5425/1133/2140 5393/1214/2140
f 5395/1216/2140 5427/1137/2140 5426/1135/2140 5394/1215/2140
f 5396/1217/2140 5428/1139/2140 5427/1137/2140 5395/1216/2140
f 5397/1218/2140 5429/1141/2140 5428/1139/2140 5396/1217/2140
f 5398/1219/2140 5430/1143/2140 5429/1141/2140 5397/1218/2140
f 5399/1220/2140 5431/1145/2140 5430/1143/2140 5398/1219/2140
f 5400/1221/2140 5432/1147/2140 5431/1145/2140 5399/1220/2140
f 5401/1222/2140 5433/1149/2140 5432/1147/2140 5400/1221/2140
f 5402/1223/2140 5434/1151/2140 5433/1149/2140 5401/1222/2140
f 5403/1224/2140 5435/1125/2140 5434/1151/2140 5402/1223/2140
f 5404/1225/2140 5436/1124/2140 5435/1125/2140 5403/1224/2140
f 5405/1226/2140 5437/1155/2140 5436/1124/2140 5404/1225/2140
f 5406/1227/2140 5438/1157/2140 5437/1155/2140 5405/1226/2140
f 5407/1228/2140 5439/1159/2140 5438/1157/2140 5406/1227/2140
f 5408/1229/2140 5440/1161/2140 5439/1159/2140 5407/1228/2140
f 5409/1230/2140 5441/1163/2140 5440/1161/2140 5408/1229/2140
f 5410/1231/2140 5442/1165/2140 5441/1163/2140 5409/1230/2140
f 5411/1232/2140 5443/1167/2140 5442/1165/2140 5410/1231/2140
f 5412/1233/2140 5444/1169/2140 5443/1167/2140 5411/1232/2140
f 5413/1234/2140 5445/1171/2140 5444/1169/2140 5412/1233/2140
f 5414/1235/2140 5446/1173/2140 5445/1171/2140 5413/1234/2140
f 5415/1208/2140 5447/1175/2140 5446/1173/2140 5414/1235/2140
f 5416/1209/2140 5448/1177/2140 5447/1175/2140 5415/1208/2140
f 5417/1236/2140 5449/1179/2140 5448/1177/2140 5416/1209/2140
f 5418/1237/2140 5450/1181/2140 5449/1179/2140 5417/1236/2140
f 5419/1238/2140 5451/1183/2140 5450/1181/2140 5418/1237/2140
f 5420/1239/2140 5452/1185/2140 5451/1183/2140 5419/1238/2140
f 5391/1212/2140 5423/1187/2140 5452/1185/2140 5420/1239/2140
f 5453/1211/2140 5455/1212/2140 5484/1239/2140 5483/1238/2140 5482/1237/2140 5481/1236/2140 5480/1209/2140 5479/1208/2140 5478/1235/2140 5477/1234/2140 5476/1233/2140 5475/1232/2140 5474/1231/2140 5473/1230/2140 5472/1229/2140 5471/1228/2140 5470/1227/2140 5469/1226/2140 5468/1225/2140 5467/1224/2140 5466/1223/2140 5465/1222/2140 5464/1221/2140 5463/1220/2140 5462/1219/2140 5461/1218/2140 5460/1217/2140 5459/1216/2140 5458/1215/2140 5457/1214/2140 5456/1213/2140 5454/1210/2140
f 5402/1223/2169 5466/1223/2169 5467/1224/2141 5403/1224/2141
f 5389/1211/2143 5453/1211/2143 5454/1210/2144 5390/1210/2144
f 5416/1209/2160 5480/1209/2160 5481/1236/2162 5417/1236/2162
f 5403/1224/2141 5467/1224/2141 5468/1225/2142 5404/1225/2142
f 5391/1212/2170 5455/1212/2170 5453/1211/2143 5389/1211/2143
f 5417/1236/2162 5481/1236/2162 5482/1237/2164 5418/1237/2164
f 5404/1225/2142 5468/1225/2142 5469/1226/2146 5405/1226/2146
f 5390/1210/2144 5454/1210/2144 5456/1213/2147 5392/1213/2147
f 5418/1237/2164 5482/1237/2164 5483/1238/2166 5419/1238/2166
f 5405/1226/2146 5469/1226/2146 5470/1227/2149 5406/1227/2149
f 5392/1213/2147 5456/1213/2147 5457/1214/2150 5393/1214/2150
f 5419/1238/2166 5483/1238/2166 5484/1239/2168 5420/1239/2168
f 5406/1227/2149 5470/1227/2149 5471/1228/2152 5407/1228/2152
f 5393/1214/2150 5457/1214/2150 5458/1215/2153 5394/1215/2153
f 5420/1239/2168 5484/1239/2168 5455/1212/2170 5391/1212/2170
f 5407/1228/2152 5471/1228/2152 5472/1229/2110 5408/1229/2110
f 5394/1215/2153 5458/1215/2153 5459/1216/2155 5395/1216/2155
f 5408/1229/2110 5472/1229/2110 5473/1230/2111 5409/1230/2111
f 5395/1216/2155 5459/1216/2155 5460/1217/2157 5396/1217/2157
f 5409/1230/2111 5473/1230/2111 5474/1231/2145 5410/1231/2145
f 5396/1217/2157 5460/1217/2157 5461/1218/2159 5397/1218/2159
f 5410/1231/2145 5474/1231/2145 5475/1232/2148 5411/1232/2148
f 5397/1218/2159 5461/1218/2159 5462/1219/2161 5398/1219/2161
f 5411/1232/2148 5475/1232/2148 5476/1233/2151 5412/1233/2151
f 5398/1219/2161 5462/1219/2161 5463/1220/2163 5399/1220/2163
f 5412/1233/2151 5476/1233/2151 5477/1234/2154 5413/1234/2154
f 5399/1220/2163 5463/1220/2163 5464/1221/2165 5400/1221/2165
f 5413/1234/2154 5477/1234/2154 5478/1235/2156 5414/1235/2156
f 5400/1221/2165 5464/1221/2165 5465/1222/2167 5401/1222/2167
f 5414/1235/2156 5478/1235/2156 5479/1208/2158 5415/1208/2158
f 5401/1222/2167 5465/1222/2167 5466/1223/2169 5402/1223/2169
f 5486/1121/2045 5490/1241/2173 5496/1240/2327 5492/1123/2042
f 5490/1241/2173 5489/1243/2175 5495/1242/2328 5496/1240/2327
f 5489/1243/2175 5488/1245/2177 5494/1244/2329 5495/1242/2328
f 5488/1246/2177 5487/1249/2179 5493/1248/2330 5494/1247/2329
f 5487/1249/2179 5485/1251/2181 5491/1250/2331 5493/1248/2330
f 5492/1119/2042 5496/1253/2327 5502/1252/2350 5498/1054/2103
f 5496/1253/2327 5495/1255/2328 5501/1254/2323 5502/1252/2350
f 5495/1255/2328 5494/1257/2329 5500/1256/2324 5501/1254/2323
f 5494/1258/2329 5493/1248/2330 5499/1260/2325 5500/1259/2324
f 5493/1248/2330 5491/1250/2331 5497/1261/2326 5499/1260/2325
f 5498/1054/2103 5502/1263/2350 5508/1262/2317 5504/1057/2101
f 5502/1263/2350 5501/1265/2323 5507/1264/2318 5508/1262/2317
f 5501/1265/2323 5500/1267/2324 5506/1266/2319 5507/1264/2318
f 5500/1268/2324 5499/1260/2325 5505/1270/2351 5506/1269/2319
f 5499/1260/2325 5497/1261/2326 5503/1271/2352 5505/1270/2351
f 5504/1057/2101 5508/1273/2317 5514/1272/2312 5510/1059/2099
f 5508/1273/2317 5507/1275/2318 5513/1274/2313 5514/1272/2312
f 5507/1275/2318 5506/1277/2319 5512/1276/2314 5513/1274/2313
f 5506/1278/2319 5505/1270/2351 5511/1280/2315 5512/1279/2314
f 5505/1270/2351 5503/1271/2352 5509/1281/2316 5511/1280/2315
f 5510/1059/2099 5514/1283/2312 5520/1282/2307 5516/1061/2097
f 5514/1283/2312 5513/1285/2313 5519/1284/2308 5520/1282/2307
f 5513/1285/2313 5512/1287/2314 5518/1286/2309 5519/1284/2308
f 5512/1288/2314 5511/1280/2315 5517/1290/2310 5518/1289/2309
f 5511/1280/2315 5509/1281/2316 5515/1291/2311 5517/1290/2310
f 5516/1061/2097 5520/1293/2307 5526/1292/2302 5522/1063/2095
f 5520/1293/2307 5519/1295/2308 5525/1294/2303 5526/1292/2302
f 5519/1295/2308 5518/1297/2309 5524/1296/2304 5525/1294/2303
f 5518/1298/2309 5517/1290/2310 5523/1300/2305 5524/1299/2304
f 5517/1290/2310 5515/1291/2311 5521/1301/2306 5523/1300/2305
f 5522/1063/2095 5526/1303/2302 5532/1302/2297 5528/1065/2093
f 5526/1303/2302 5525/1305/2303 5531/1304/2298 5532/1302/2297
f 5525/1305/2303 5524/1307/2304 5530/1306/2299 5531/1304/2298
f 5524/1308/2304 5523/1300/2305 5529/1310/2300 5530/1309/2299
f 5523/1300/2305 5521/1301/2306 5527/1311/2301 5529/1310/2300
f 5528/1065/2093 5532/1313/2297 5538/1312/2292 5534/1067/2348
f 5532/1313/2297 5531/1315/2298 5537/1314/2293 5538/1312/2292
f 5531/1315/2298 5530/1317/2299 5536/1316/2353 5537/1314/2293
f 5530/1318/2299 5529/1310/2300 5535/1320/2295 5536/1319/2353
f 5529/1310/2300 5527/1311/2301 5533/1321/2296 5535/1320/2295
f 5534/1068/2348 5538/1323/2292 5544/1322/2287 5540/1070/2349
f 5538/1323/2292 5537/1325/2293 5543/1324/2288 5544/1322/2287
f 5537/1325/2293 5536/1327/2353 5542/1326/2289 5543/1324/2288
f 5536/1328/2353 5535/1320/2295 5541/1330/2290 5542/1329/2289
f 5535/1320/2295 5533/1321/2296 5539/1331/2291 5541/1330/2290
f 5540/1070/2349 5544/1333/2287 5550/1332/2282 5546/1072/2087
f 5544/1333/2287 5543/1335/2288 5549/1334/2283 5550/1332/2282
f 5543/1335/2288 5542/1337/2289 5548/1336/2284 5549/1334/2283
f 5542/1338/2289 5541/1330/2290 5547/1340/2285 5548/1339/2284
f 5541/1330/2290 5539/1331/2291 5545/1341/2286 5547/1340/2285
f 5546/1072/2087 5550/1343/2282 5556/1342/2277 5552/1074/2085
f 5550/1343/2282 5549/1345/2283 5555/1344/2278 5556/1342/2277
f 5549/1345/2283 5548/1347/2284 5554/1346/2279 5555/1344/2278
f 5548/1348/2284 5547/1340/2285 5553/1350/2280 5554/1349/2279
f 5547/1340/2285 5545/1341/2286 5551/1351/2281 5553/1350/2280
f 5552/1075/2085 5556/1353/2277 5562/1352/2354 5558/1077/2083
f 5556/1353/2277 5555/1355/2278 5561/1354/2273 5562/1352/2354
f 5555/1355/2278 5554/1357/2279 5560/1356/2274 5561/1354/2273
f 5554/1358/2279 5553/1350/2280 5559/1360/2275 5560/1359/2274
f 5553/1350/2280 5551/1351/2281 5557/1361/2276 5559/1360/2275
f 5558/1077/2083 5562/1363/2354 5568/1362/2267 5564/1079/2081
f 5562/1363/2354 5561/1365/2273 5567/1364/2268 5568/1362/2267
f 5561/1365/2273 5560/1367/2274 5566/1366/2269 5567/1364/2268
f 5560/1368/2274 5559/1360/2275 5565/1370/2270 5566/1369/2269
f 5559/1360/2275 5557/1361/2276 5563/1371/2271 5565/1370/2270
f 5564/1079/2081 5568/1373/2267 5574/1372/2262 5570/1081/2079
f 5568/1373/2267 5567/1375/2268 5573/1374/2263 5574/1372/2262
f 5567/1375/2268 5566/1377/2269 5572/1376/2264 5573/1374/2263
f 5566/1378/2269 5565/1370/2270 5571/1380/2265 5572/1379/2264
f 5565/1370/2270 5563/1371/2271 5569/1381/2266 5571/1380/2265
f 5570/1082/2079 5574/1383/2262 5580/1382/2257 5576/1084/2077
f 5574/1383/2262 5573/1385/2263 5579/1384/2258 5580/1382/2257
f 5573/1385/2263 5572/1387/2264 5578/1386/2259 5579/1384/2258
f 5572/1388/2264 5571/1380/2265 5577/1390/2260 5578/1389/2259
f 5571/1380/2265 5569/1381/2266 5575/1391/2261 5577/1390/2260
f 5576/1084/2077 5580/1393/2257 5586/1392/2252 5582/1086/2075
f 5580/1393/2257 5579/1395/2258 5585/1394/2253 5586/1392/2252
f 5579/1395/2258 5578/1397/2259 5584/1396/2254 5585/1394/2253
f 5578/1398/2259 5577/1390/2260 5583/1400/2255 5584/1399/2254
f 5577/1390/2260 5575/1391/2261 5581/1401/2256 5583/1400/2255
f 5582/1086/2075 5586/1403/2252 5592/1402/2247 5588/1088/2073
f 5586/1403/2252 5585/1405/2253 5591/1404/2248 5592/1402/2247
f 5585/1405/2253 5584/1407/2254 5590/1406/2249 5591/1404/2248
f 5584/1408/2254 5583/1400/2255 5589/1410/2250 5590/1409/2249
f 5583/1400/2255 5581/1401/2256 5587/1411/2251 5589/1410/2250
f 5588/1088/2073 5592/1413/2247 5598/1412/2355 5594/1090/2071
f 5592/1413/2247 5591/1415/2248 5597/1414/2243 5598/1412/2355
f 5591/1415/2248 5590/1417/2249 5596/1416/2244 5597/1414/2243
f 5590/1418/2249 5589/1410/2250 5595/1420/2245 5596/1419/2244
f 5589/1410/2250 5587/1411/2251 5593/1421/2246 5595/1420/2245
f 5594/1090/2071 5598/1423/2355 5604/1422/2237 5600/1092/2069
f 5598/1423/2355 5597/1425/2243 5603/1424/2238 5604/1422/2237
f 5597/1425/2243 5596/1427/2244 5602/1426/2239 5603/1424/2238
f 5596/1428/2244 5595/1420/2245 5601/1430/2240 5602/1429/2239
f 5595/1420/2245 5593/1421/2246 5599/1431/2241 5601/1430/2240
f 5600/1092/2069 5604/1433/2237 5610/1432/2232 5606/1094/2067
f 5604/1433/2237 5603/1435/2238 5609/1434/2233 5610/1432/2232
f 5603/1435/2238 5602/1437/2239 5608/1436/2234 5609/1434/2233
f 5602/1438/2239 5601/1430/2240 5607/1440/2235 5608/1439/2234
f 5601/1430/2240 5599/1431/2241 5605/1441/2236 5607/1440/2235
f 5606/1095/2067 5610/1443/2232 5616/1442/2227 5612/1097/2065
f 5610/1443/2232 5609/1445/2233 5615/1444/2228 5616/1442/2227
f 5609/1445/2233 5608/1447/2234 5614/1446/2229 5615/1444/2228
f 5608/1448/2234 5607/1440/2235 5613/1450/2230 5614/1449/2229
f 5607/1440/2235 5605/1441/2236 5611/1451/2231 5613/1450/2230
f 5612/1097/2065 5616/1453/2227 5622/1452/2222 5618/1099/2063
f 5616/1453/2227 5615/1455/2228 5621/1454/2223 5622/1452/2222
f 5615/1455/2228 5614/1457/2229 5620/1456/2224 5621/1454/2223
f 5614/1458/2229 5613/1450/2230 5619/1460/2225 5620/1459/2224
f 5613/1450/2230 5611/1451/2231 5617/1461/2226 5619/1460/2225
f 5618/1099/2063 5622/1463/2222 5628/1462/2217 5624/1101/2061
f 5622/1463/2222 5621/1465/2223 5627/1464/2218 5628/1462/2217
f 5621/1465/2223 5620/1467/2224 5626/1466/2219 5627/1464/2218
f 5620/1468/2224 5619/1460/2225 5625/1470/2220 5626/1469/2219
f 5619/1460/2225 5617/1461/2226 5623/1471/2221 5625/1470/2220
f 5624/1102/2061 5628/1473/2217 5634/1472/2212 5630/1104/2059
f 5628/1473/2217 5627/1475/2218 5633/1474/2213 5634/1472/2212
f 5627/1475/2218 5626/1477/2219 5632/1476/2356 5633/1474/2213
f 5626/1478/2219 5625/1470/2220 5631/1480/2215 5632/1479/2356
f 5625/1470/2220 5623/1471/2221 5629/1481/2216 5631/1480/2215
f 5630/1104/2059 5634/1483/2212 5640/1482/2207 5636/1106/2057
f 5634/1483/2212 5633/1485/2213 5639/1484/2208 5640/1482/2207
f 5633/1485/2213 5632/1487/2356 5638/1486/2209 5639/1484/2208
f 5632/1488/2356 5631/1480/2215 5637/1490/2210 5638/1489/2209
f 5631/1480/2215 5629/1481/2216 5635/1491/2211 5637/1490/2210
f 5636/1106/2057 5640/1493/2207 5646/1492/2202 5642/1108/2055
f 5640/1493/2207 5639/1495/2208 5645/1494/2203 5646/1492/2202
f 5639/1495/2208 5638/1497/2209 5644/1496/2204 5645/1494/2203
f 5638/1498/2209 5637/1490/2210 5643/1500/2205 5644/1499/2204
f 5637/1490/2210 5635/1491/2211 5641/1501/2206 5643/1500/2205
f 5642/1109/2055 5646/1503/2202 5652/1502/2197 5648/1111/2053
f 5646/1503/2202 5645/1505/2203 5651/1504/2198 5652/1502/2197
f 5645/1505/2203 5644/1507/2204 5650/1506/2199 5651/1504/2198
f 5644/1508/2204 5643/1500/2205 5649/1510/2200 5650/1509/2199
f 5643/1500/2205 5641/1501/2206 5647/1511/2201 5649/1510/2200
f 5648/1111/2053 5652/1513/2197 5658/1512/2192 5654/1113/2051
f 5652/1513/2197 5651/1515/2198 5657/1514/2193 5658/1512/2192
f 5651/1515/2198 5650/1517/2199 5656/1516/2194 5657/1514/2193
f 5650/1518/2199 5649/1510/2200 5655/1520/2195 5656/1519/2194
f 5649/1510/2200 5647/1511/2201 5653/1521/2196 5655/1520/2195
f 5654/1113/2051 5658/1523/2192 5664/1522/2187 5660/1115/2049
f 5658/1523/2192 5657/1525/2193 5663/1524/2188 5664/1522/2187
f 5657/1525/2193 5656/1527/2194 5662/1526/2189 5663/1524/2188
f 5656/1528/2194 5655/1520/2195 5661/1530/2357 5662/1529/2189
f 5655/1520/2195 5653/1521/2196 5659/1531/2191 5661/1530/2357
f 5660/1116/2049 5664/1533/2187 5670/1532/2182 5666/1118/2046
f 5664/1533/2187 5663/1535/2188 5669/1534/2183 5670/1532/2182
f 5663/1535/2188 5662/1537/2189 5668/1536/2184 5669/1534/2183
f 5662/1538/2189 5661/1530/2357 5667/1540/2185 5668/1539/2184
f 5661/1530/2357 5659/1531/2191 5665/1541/2186 5667/1540/2185
f 5666/1118/2046 5670/1543/2182 5676/1542/2172 5672/1050/2106
f 5670/1543/2182 5669/1545/2183 5675/1544/2174 5676/1542/2172
f 5669/1545/2183 5668/1547/2184 5674/1546/2176 5675/1544/2174
f 5668/1548/2184 5667/1540/2185 5673/1550/2178 5674/1549/2176
f 5667/1540/2185 5665/1541/2186 5671/1551/2180 5673/1550/2178
f 5672/1050/2106 5676/1553/2172 5490/1552/2173 5486/1053/2045
f 5676/1553/2172 5675/1555/2174 5489/1554/2175 5490/1552/2173
f 5675/1555/2174 5674/1557/2176 5488/1556/2177 5489/1554/2175
f 5674/1558/2176 5673/1550/2178 5487/1249/2179 5488/1559/2177
f 5673/1550/2178 5671/1551/2180 5485/1251/2181 5487/1249/2179
f 5485/1251/2181 5671/1551/2180 5665/1541/2186 5659/1531/2191 5653/1521/2196 5647/1511/2201 5641/1501/2206 5635/1491/2211 5629/1481/2216 5623/1471/2221 5617/1461/2226 5611/1451/2231 5605/1441/2236 5599/1431/2241 5593/1421/2246 5587/1411/2251 5581/1401/2256 5575/1391/2261 5569/1381/2266 5563/1371/2271 5557/1361/2276 5551/1351/2281 5545/1341/2286 5539/1331/2291 5533/1321/2296 5527/1311/2301 5521/1301/2306 5515/1291/2311 5509/1281/2316 5503/1271/2352 5497/1261/2326 5491/1250/2331
f 5725/1560/2358 5677/1128/2152 5678/1131/2110 5733/1131/2110
f 5733/1131/2110 5678/1131/2110 5679/1133/2111 5351/1561/2359
f 5726/1562/2360 5680/1137/2148 5681/1139/2151 5723/1139/2151
f 5723/1139/2151 5681/1139/2151 5682/1141/2154 5353/1563/2361
f 5735/1564/2362 5683/1145/2158 5684/1147/2160 5732/1565/2160
f 5732/1565/2160 5684/1147/2160 5685/1149/2162 5727/1566/2363
f 5356/1567/2364 5686/1125/2166 5687/1124/2168 5357/1568/2168
f 5357/1568/2168 5687/1124/2168 5688/1155/2170 5358/1569/2365
f 5728/1570/2366 5689/1159/2144 5690/1161/2147 5734/1161/2147
f 5734/1161/2147 5690/1161/2147 5691/1163/2150 5360/1571/2367
f 5736/1572/2368 5692/1167/2155 5693/1169/2157 5362/1169/2157
f 5362/1169/2157 5693/1169/2157 5694/1171/2159 5737/1573/2369
f 5738/1574/2370 5695/1175/2163 5696/1177/2165 5364/1177/2165
f 5364/1177/2165 5696/1177/2165 5697/1179/2167 5739/1575/2371
f 5366/1576/2372 5698/1183/2141 5699/1185/2142 5367/1185/2142
f 5367/1185/2142 5699/1185/2142 5700/1187/2146 5350/1577/2373
f 5353/1563/2361 5682/1141/2154 5701/1141/2154 5740/1578/2361
f 5741/1572/2368 5702/1207/2155 5692/1167/2155 5736/1572/2368
f 5742/1579/2362 5703/1205/2158 5683/1145/2158 5735/1564/2362
f 5737/1573/2369 5694/1171/2159 5704/1204/2159 5729/1580/2369
f 5727/1566/2363 5685/1149/2162 5705/1149/2162 5372/1581/2363
f 5373/1582/2370 5706/1189/2163 5695/1175/2163 5738/1574/2370
f 5743/1567/2364 5707/1125/2166 5686/1125/2166 5356/1567/2364
f 5376/1560/2358 5708/1192/2152 5677/1128/2152 5725/1560/2358
f 5739/1575/2371 5697/1179/2167 5709/1193/2167 5377/1583/2371
f 5358/1569/2365 5688/1155/2170 5710/1155/2170 5744/1584/2365
f 5745/1585/2372 5711/1196/2141 5698/1183/2141 5366/1576/2372
f 5351/1561/2359 5679/1133/2111 5712/1133/2111 5730/1561/2359
f 5746/1586/2366 5713/1203/2144 5689/1159/2144 5728/1570/2366
f 5385/1587/2360 5714/1201/2148 5680/1137/2148 5726/1562/2360
f 5360/1571/2367 5691/1163/2150 5715/1199/2150 5747/1588/2367
f 5350/1577/2373 5700/1187/2146 5716/1195/2146 5748/1589/2373
f 5724/1200/2151 5386/1200/2151 5714/1201/2148 5385/1587/2360
f 5747/1588/2367 5715/1199/2150 5384/1202/2147 5722/1202/2147
f 5722/1202/2147 5384/1202/2147 5713/1203/2144 5746/1586/2366
f 5748/1589/2373 5716/1195/2146 5382/1185/2142 5717/1590/2142
f 5717/1590/2142 5382/1185/2142 5711/1196/2141 5745/1585/2372
f 5730/1561/2359 5712/1133/2111 5718/1131/2110 5380/1591/2110
f 5380/1591/2110 5718/1131/2110 5708/1192/2152 5376/1560/2358
f 5744/1584/2365 5710/1155/2170 5719/1194/2168 5378/1592/2168
f 5378/1592/2168 5719/1194/2168 5707/1125/2166 5743/1567/2364
f 5377/1583/2371 5709/1193/2167 5720/1190/2165 5375/1190/2165
f 5375/1190/2165 5720/1190/2165 5706/1189/2163 5373/1582/2370
f 5372/1581/2363 5705/1149/2162 5370/1147/2160 5721/1565/2160
f 5721/1565/2160 5370/1147/2160 5703/1205/2158 5742/1579/2362
f 5729/1580/2369 5704/1204/2159 5369/1169/2157 5731/1593/2157
f 5731/1593/2157 5369/1169/2157 5702/1207/2155 5741/1572/2368
f 5740/1578/2361 5701/1141/2154 5386/1200/2151 5724/1200/2151
f 5724/1200/2151 5723/1139/2151 5353/1563/2361 5740/1578/2361
f 5741/1572/2368 5736/1572/2368 5362/1169/2157 5731/1593/2157
f 5731/1593/2157 5362/1169/2157 5737/1573/2369 5729/1580/2369
f 5742/1579/2362 5735/1564/2362 5732/1565/2160 5721/1565/2160
f 5721/1565/2160 5732/1565/2160 5727/1566/2363 5372/1581/2363
f 5373/1582/2370 5738/1574/2370 5364/1177/2165 5375/1190/2165
f 5375/1190/2165 5364/1177/2165 5739/1575/2371 5377/1583/2371
f 5743/1567/2364 5356/1567/2364 5357/1568/2168 5378/1592/2168
f 5378/1592/2168 5357/1568/2168 5358/1569/2365 5744/1584/2365
f 5376/1560/2358 5725/1560/2358 5733/1131/2110 5380/1591/2110
f 5380/1591/2110 5733/1131/2110 5351/1561/2359 5730/1561/2359
f 5745/1585/2372 5366/1576/2372 5367/1185/2142 5717/1590/2142
f 5717/1590/2142 5367/1185/2142 5350/1577/2373 5748/1589/2373
f 5746/1586/2366 5728/1570/2366 5734/1161/2147 5722/1202/2147
f 5722/1202/2147 5734/1161/2147 5360/1571/2367 5747/1588/2367
f 5385/1587/2360 5726/1562/2360 5723/1139/2151 5724/1200/2151
o Cylinder.003
v 11.334018 0.582499 0.242202
v 11.414355 0.574586 0.242202
v 11.491605 0.551153 0.242202
v 11.562799 0.513099 0.242202
v 11.625200 0.461887 0.242202
v 11.676412 0.399486 0.242202
v 11.714465 0.328292 0.242202
v 11.737899 0.251042 0.242202
v 11.745812 0.170705 0.242202
v 11.737899 0.090369 0.242202
v 11.714465 0.013119 0.242202
v 11.676412 -0.058075 0.242202
v 11.625200 -0.120476 0.242202
v 11.562799 -0.171688 0.242202
v 11.491605 -0.209742 0.242202
v 11.414355 -0.233175 0.242202
v 11.334018 -0.241088 0.242202
v 11.253681 -0.233175 0.242202
v 11.176432 -0.209742 0.242202
v 11.105238 -0.171688 0.242202
v 11.042836 -0.120476 0.242202
v 10.991624 -0.058075 0.242202
v 10.953570 0.013119 0.242202
v 10.930137 0.090369 0.242202
v 10.922225 0.170705 0.242202
v 10.930137 0.251042 0.242202
v 10.953570 0.328292 0.242202
v 10.991624 0.399486 0.242202
v 11.042836 0.461887 0.242202
v 11.105238 0.513099 0.242202
v 11.176432 0.551153 0.242202
v 11.253681 0.574586 0.242202
v 11.397544 0.490074 0.507326
v 11.334018 0.496331 0.507326
v 11.458630 0.471544 0.507326
v 11.514926 0.441453 0.507326
v 11.564270 0.400957 0.507326
v 11.604766 0.351613 0.507326
v 11.634856 0.295317 0.507326
v 11.653386 0.234232 0.507326
v 11.659643 0.170705 0.507326
v 11.653386 0.107179 0.507326
v 11.634856 0.046094 0.507326
v 11.604766 -0.010202 0.507326
v 11.564270 -0.059546 0.507326
v 11.514926 -0.100042 0.507326
v 11.458630 -0.130133 0.507326
v 11.397544 -0.148663 0.507326
v 11.334018 -0.154920 0.507326
v 11.270492 -0.148663 0.507326
v 11.209407 -0.130133 0.507326
v 11.153111 -0.100042 0.507326
v 11.103766 -0.059546 0.507326
v 11.063271 -0.010202 0.507326
v 11.033179 0.046094 0.507326
v 11.014649 0.107179 0.507326
v 11.008393 0.170705 0.507326
v 11.014649 0.234232 0.507326
v 11.033179 0.295317 0.507326
v 11.063271 0.351613 0.507326
v 11.103766 0.400957 0.507326
v 11.153111 0.441453 0.507326
v 11.209407 0.471544 0.507326
v 11.270492 0.490074 0.507326
v 11.397544 0.490074 1.776366
v 11.334018 0.496331 1.776366
v 11.458630 0.471544 1.776366
v 11.514926 0.441453 1.776366
v 11.564270 0.400957 1.776366
v 11.604766 0.351613 1.776366
v 11.634856 0.295317 1.776366
v 11.653386 0.234232 1.776366
v 11.659643 0.170705 1.776366
v 11.653386 0.107179 1.776366
v 11.634856 0.046094 1.776366
v 11.604766 -0.010202 1.776366
v 11.564270 -0.059546 1.776366
v 11.514926 -0.100042 1.776366
v 11.458630 -0.130133 1.776366
v 11.397544 -0.148663 1.776366
v 11.334018 -0.154920 1.776366
v 11.270492 -0.148663 1.776366
v 11.209407 -0.130133 1.776366
v 11.153111 -0.100042 1.776366
v 11.103766 -0.059546 1.776366
v 11.063271 -0.010202 1.776366
v 11.033179 0.046094 1.776366
v 11.014649 0.107179 1.776366
v 11.008393 0.170705 1.776366
v 11.014649 0.234232 1.776366
v 11.033179 0.295317 1.776366
v 11.063271 0.351613 1.776366
v 11.103766 0.400957 1.776366
v 11.153111 0.441453 1.776366
v 11.209407 0.471544 1.776366
v 11.270492 0.490074 1.776366
v 11.368999 0.346562 1.776366
v 11.334018 0.350007 1.776366
v 11.299038 0.346562 1.776366
v 11.265403 0.336359 1.776366
v 11.234403 0.319789 1.776366
v 11.207232 0.297491 1.776366
v 11.184934 0.270320 1.776366
v 11.168365 0.239321 1.776366
v 11.158162 0.205685 1.776366
v 11.154716 0.170705 1.776366
v 11.158162 0.135725 1.776366
v 11.168365 0.102090 1.776366
v 11.184934 0.071091 1.776366
v 11.207232 0.043920 1.776366
v 11.234403 0.021621 1.776366
v 11.265403 0.005052 1.776366
v 11.299038 -0.005151 1.776366
v 11.334018 -0.008596 1.776366
v 11.368999 -0.005151 1.776366
v 11.402634 0.005052 1.776366
v 11.433633 0.021621 1.776366
v 11.460803 0.043920 1.776366
v 11.483102 0.071091 1.776366
v 11.499671 0.102090 1.776366
v 11.509875 0.135725 1.776366
v 11.513320 0.170705 1.776366
v 11.509875 0.205685 1.776366
v 11.499671 0.239321 1.776366
v 11.483102 0.270320 1.776366
v 11.460803 0.297491 1.776366
v 11.433633 0.319789 1.776366
v 11.402634 0.336359 1.776366
v 11.368998 0.346562 4.532008
v 11.334018 0.350007 4.532008
v 11.402633 0.336358 4.532008
v 11.299037 0.346562 4.532008
v 11.265401 0.336358 4.532008
v 11.234403 0.319789 4.532008
v 11.207232 0.297491 4.532008
v 11.184934 0.270320 4.532008
v 11.168365 0.239321 4.532008
v 11.158160 0.205685 4.532008
v 11.154716 0.170705 4.532008
v 11.158160 0.135725 4.532008
v 11.168365 0.102089 4.532008
v 11.184934 0.071091 4.532008
v 11.207232 0.043920 4.532008
v 11.234403 0.021621 4.532008
v 11.265401 0.005052 4.532008
v 11.299037 -0.005151 4.532008
v 11.334018 -0.008596 4.532008
v 11.368998 -0.005151 4.532008
v 11.402633 0.005052 4.532008
v 11.433632 0.021621 4.532008
v 11.460803 0.043920 4.532008
v 11.483102 0.071091 4.532008
v 11.499671 0.102089 4.532008
v 11.509873 0.135725 4.532008
v 11.513319 0.170705 4.532008
v 11.509873 0.205685 4.532008
v 11.499671 0.239321 4.532008
v 11.483102 0.270320 4.532008
v 11.460803 0.297491 4.532008
v 11.433632 0.319789 4.532008
v 11.168365 0.239321 4.049695
v 11.184934 0.270320 4.049695
v 11.460803 0.043920 4.049695
v 11.433633 0.021621 4.049695
v 11.158161 0.205685 4.049695
v 11.483102 0.071091 4.049695
v 11.154716 0.170705 4.049695
v 11.499671 0.102090 4.049695
v 11.158161 0.135725 4.049695
v 11.509873 0.135725 4.049695
v 11.168365 0.102089 4.049695
v 11.513319 0.170705 4.049695
v 11.184934 0.071091 4.049695
v 11.509873 0.205685 4.049695
v 11.207232 0.043920 4.049695
v 11.334018 0.350007 4.049695
v 11.368998 0.346562 4.049695
v 11.499671 0.239321 4.049695
v 11.234403 0.021621 4.049695
v 11.402633 0.336359 4.049695
v 11.483102 0.270320 4.049695
v 11.265402 0.005052 4.049695
v 11.299037 0.346562 4.049695
v 11.460803 0.297491 4.049695
v 11.299037 -0.005151 4.049695
v 11.265402 0.336359 4.049695
v 11.433633 0.319789 4.049695
v 11.334018 -0.008596 4.049695
v 11.234403 0.319789 4.049695
v 11.368998 -0.005151 4.049695
v 11.207232 0.297491 4.049695
v 11.402633 0.005052 4.049695
v 11.374813 0.375798 4.532008
v 11.334018 0.379816 4.532008
v 11.414041 0.363899 4.532008
v 11.293221 0.375798 4.532008
v 11.253994 0.363899 4.532008
v 11.217841 0.344575 4.532008
v 11.186153 0.318569 4.532008
v 11.160148 0.286881 4.532008
v 11.140824 0.250729 4.532008
v 11.128924 0.211501 4.532008
v 11.124906 0.170705 4.532008
v 11.128924 0.129910 4.532008
v 11.140824 0.090682 4.532008
v 11.160148 0.054529 4.532008
v 11.186153 0.022842 4.532008
v 11.217841 -0.003164 4.532008
v 11.253994 -0.022488 4.532008
v 11.293221 -0.034388 4.532008
v 11.334018 -0.038406 4.532008
v 11.374813 -0.034388 4.532008
v 11.414041 -0.022488 4.532008
v 11.450193 -0.003164 4.532008
v 11.481881 0.022842 4.532008
v 11.507887 0.054529 4.532008
v 11.527211 0.090682 4.532008
v 11.539111 0.129910 4.532008
v 11.543128 0.170705 4.532008
v 11.539111 0.211501 4.532008
v 11.527211 0.250729 4.532008
v 11.507887 0.286881 4.532008
v 11.481881 0.318569 4.532008
v 11.450193 0.344575 4.532008
v 11.140824 0.250729 4.049695
v 11.481881 0.022842 4.049695
v 11.128924 0.211501 4.049695
v 11.507887 0.054529 4.049695
v 11.124907 0.170705 4.049695
v 11.527211 0.090682 4.049695
v 11.128924 0.129910 4.049695
v 11.539111 0.129910 4.049695
v 11.140824 0.090682 4.049695
v 11.543128 0.170705 4.049695
v 11.160148 0.054529 4.049695
v 11.539111 0.211501 4.049695
v 11.186153 0.022842 4.049695
v 11.334018 0.379816 4.049695
v 11.527211 0.250729 4.049695
v 11.217841 -0.003164 4.049695
v 11.507887 0.286881 4.049695
v 11.253994 -0.022488 4.049695
v 11.293221 0.375798 4.049695
v 11.481881 0.318569 4.049695
v 11.293221 -0.034388 4.049695
v 11.253994 0.363899 4.049695
v 11.450193 0.344575 4.049695
v 11.334018 -0.038406 4.049695
v 11.217841 0.344575 4.049695
v 11.374813 -0.034388 4.049695
v 11.186153 0.318569 4.049695
v 11.414041 -0.022488 4.049695
v 11.160148 0.286881 4.049695
v 11.450193 -0.003164 4.049695
v 11.374813 0.375798 4.049695
v 11.414041 0.363899 4.049695
v 11.357224 0.287371 4.100792
v 11.334018 0.289657 4.100792
v 11.379539 0.280602 4.100792
v 11.310811 0.287371 4.100792
v 11.288497 0.280602 4.100792
v 11.267932 0.269610 4.100792
v 11.249906 0.254817 4.100792
v 11.235112 0.236791 4.100792
v 11.224120 0.216226 4.100792
v 11.217351 0.193911 4.100792
v 11.215066 0.170705 4.100792
v 11.217351 0.147499 4.100792
v 11.224120 0.125184 4.100792
v 11.235112 0.104619 4.100792
v 11.249906 0.086593 4.100792
v 11.267932 0.071800 4.100792
v 11.288497 0.060808 4.100792
v 11.310811 0.054039 4.100792
v 11.334018 0.051753 4.100792
v 11.357224 0.054039 4.100792
v 11.379539 0.060808 4.100792
v 11.400104 0.071800 4.100792
v 11.418129 0.086593 4.100792
v 11.432922 0.104619 4.100792
v 11.443914 0.125184 4.100792
v 11.450684 0.147499 4.100792
v 11.452970 0.170705 4.100792
v 11.450684 0.193911 4.100792
v 11.443914 0.216226 4.100792
v 11.432922 0.236791 4.100792
v 11.418129 0.254817 4.100792
v 11.400104 0.269610 4.100792
v 11.368998 0.346561 4.100792
v 11.334018 0.350007 4.100792
v 11.402633 0.336358 4.100792
v 11.299037 0.346561 4.100792
v 11.265401 0.336358 4.100792
v 11.234403 0.319789 4.100792
v 11.207232 0.297490 4.100792
v 11.184934 0.270320 4.100792
v 11.168365 0.239321 4.100792
v 11.158160 0.205685 4.100792
v 11.154716 0.170705 4.100792
v 11.158160 0.135725 4.100792
v 11.168365 0.102089 4.100792
v 11.184934 0.071090 4.100792
v 11.207232 0.043919 4.100792
v 11.234403 0.021621 4.100792
v 11.265401 0.005052 4.100792
v 11.299037 -0.005152 4.100792
v 11.334018 -0.008597 4.100792
v 11.368998 -0.005152 4.100792
v 11.402633 0.005052 4.100792
v 11.433632 0.021621 4.100792
v 11.460803 0.043919 4.100792
v 11.483102 0.071090 4.100792
v 11.499671 0.102089 4.100792
v 11.509873 0.135725 4.100792
v 11.513319 0.170705 4.100792
v 11.509873 0.205685 4.100792
v 11.499671 0.239321 4.100792
v 11.483102 0.270320 4.100792
v 11.460803 0.297490 4.100792
v 11.433632 0.319789 4.100792
v 11.357224 0.287359 -4.143148
v 11.334018 0.289645 -4.143148
v 11.379539 0.280590 -4.143148
v 11.310811 0.287359 -4.143148
v 11.288497 0.280590 -4.143148
v 11.267932 0.269598 -4.143148
v 11.249906 0.254805 -4.143148
v 11.235112 0.236779 -4.143148
v 11.224120 0.216214 -4.143148
v 11.217351 0.193899 -4.143148
v 11.215066 0.170693 -4.143148
v 11.217351 0.147487 -4.143148
v 11.224120 0.125172 -4.143148
v 11.235112 0.104607 -4.143148
v 11.249906 0.086581 -4.143148
v 11.267932 0.071788 -4.143148
v 11.288497 0.060796 -4.143148
v 11.310811 0.054027 -4.143148
v 11.334018 0.051741 -4.143148
v 11.357224 0.054027 -4.143148
v 11.379539 0.060796 -4.143148
v 11.400104 0.071788 -4.143148
v 11.418129 0.086581 -4.143148
v 11.432922 0.104607 -4.143148
v 11.443914 0.125172 -4.143148
v 11.450684 0.147487 -4.143148
v 11.452970 0.170693 -4.143148
v 11.450684 0.193899 -4.143148
v 11.443914 0.216214 -4.143148
v 11.432922 0.236779 -4.143148
v 11.418129 0.254805 -4.143148
v 11.400104 0.269598 -4.143148
v 11.334018 0.350244 -5.876241
v 11.334018 0.582499 -5.634038
v 11.334018 0.422015 -5.864387
v 11.334018 0.486760 -5.829985
v 11.334018 0.538142 -5.776401
v 11.334018 0.571132 -5.708883
v 11.369045 0.346794 -5.876241
v 11.414355 0.574586 -5.634038
v 11.383046 0.417186 -5.864387
v 11.395679 0.480687 -5.829985
v 11.405702 0.531082 -5.776401
v 11.412137 0.563437 -5.708883
v 11.402724 0.336577 -5.876241
v 11.491605 0.551153 -5.634038
v 11.430190 0.402885 -5.864387
v 11.454967 0.462702 -5.829985
v 11.474630 0.510173 -5.776401
v 11.487254 0.540651 -5.708883
v 11.433764 0.319987 -5.876241
v 11.562799 0.513099 -5.634038
v 11.473638 0.379662 -5.864387
v 11.509608 0.433495 -5.829985
v 11.538156 0.476218 -5.776401
v 11.556483 0.503648 -5.708883
v 11.460972 0.297658 -5.876241
v 11.625200 0.461887 -5.634038
v 11.511722 0.348407 -5.864387
v 11.557503 0.394189 -5.829985
v 11.593835 0.430522 -5.776401
v 11.617162 0.453849 -5.708883
v 11.483299 0.270452 -5.876241
v 11.676412 0.399486 -5.634038
v 11.542974 0.310325 -5.864387
v 11.596808 0.346296 -5.829985
v 11.639531 0.374842 -5.776401
v 11.666961 0.393170 -5.708883
v 11.499890 0.239412 -5.876241
v 11.714465 0.328292 -5.634038
v 11.566197 0.266878 -5.864387
v 11.626014 0.291655 -5.829985
v 11.673486 0.311318 -5.776401
v 11.703963 0.323942 -5.708883
v 11.510108 0.205730 -5.876241
v 11.737899 0.251042 -5.634038
v 11.580499 0.219732 -5.864387
v 11.644000 0.232364 -5.829985
v 11.694394 0.242389 -5.776401
v 11.726750 0.248825 -5.708883
v 11.513556 0.170705 -5.876241
v 11.745812 0.170705 -5.634038
v 11.585328 0.170705 -5.864387
v 11.650073 0.170705 -5.829985
v 11.701455 0.170705 -5.776401
v 11.734445 0.170705 -5.708883
v 11.510108 0.135681 -5.876241
v 11.737899 0.090369 -5.634038
v 11.580499 0.121679 -5.864387
v 11.644000 0.109047 -5.829985
v 11.694394 0.099022 -5.776401
v 11.726750 0.092586 -5.708883
v 11.499890 0.101999 -5.876241
v 11.714465 0.013119 -5.634038
v 11.566197 0.074533 -5.864387
v 11.626014 0.049756 -5.829985
v 11.673486 0.030093 -5.776401
v 11.703963 0.017469 -5.708883
v 11.483298 0.070959 -5.876241
v 11.676412 -0.058075 -5.634038
v 11.542974 0.031085 -5.864387
v 11.596808 -0.004885 -5.829985
v 11.639531 -0.033431 -5.776401
v 11.666961 -0.051759 -5.708883
v 11.460972 0.043753 -5.876241
v 11.625200 -0.120476 -5.634038
v 11.511722 -0.006996 -5.864387
v 11.557503 -0.052778 -5.829985
v 11.593835 -0.089111 -5.776401
v 11.617162 -0.112438 -5.708883
v 11.433764 0.021424 -5.876241
v 11.562799 -0.171688 -5.634038
v 11.473638 -0.038250 -5.864387
v 11.509608 -0.092084 -5.829985
v 11.538156 -0.134807 -5.776401
v 11.556483 -0.162236 -5.708883
v 11.402724 0.004834 -5.876241
v 11.491605 -0.209742 -5.634038
v 11.430190 -0.061474 -5.864387
v 11.454967 -0.121291 -5.829985
v 11.474630 -0.168762 -5.776401
v 11.487254 -0.199240 -5.708883
v 11.369044 -0.005383 -5.876241
v 11.414355 -0.233175 -5.634038
v 11.383046 -0.075775 -5.864387
v 11.395678 -0.139276 -5.829985
v 11.405702 -0.189671 -5.776401
v 11.412137 -0.222027 -5.708883
v 11.334018 -0.008833 -5.876241
v 11.334018 -0.241088 -5.634038
v 11.334018 -0.080604 -5.864387
v 11.334018 -0.145349 -5.829985
v 11.334018 -0.196731 -5.776401
v 11.334018 -0.229721 -5.708883
v 11.298992 -0.005383 -5.876241
v 11.253681 -0.233175 -5.634038
v 11.284990 -0.075775 -5.864387
v 11.272359 -0.139276 -5.829985
v 11.262335 -0.189671 -5.776401
v 11.255898 -0.222027 -5.708883
v 11.265311 0.004834 -5.876241
v 11.176432 -0.209742 -5.634038
v 11.237846 -0.061474 -5.864387
v 11.213069 -0.121291 -5.829985
v 11.193406 -0.168762 -5.776401
v 11.180781 -0.199240 -5.708883
v 11.234273 0.021424 -5.876241
v 11.105238 -0.171688 -5.634038
v 11.194399 -0.038250 -5.864387
v 11.158428 -0.092084 -5.829985
v 11.129882 -0.134807 -5.776401
v 11.111554 -0.162236 -5.708883
v 11.207065 0.043753 -5.876241
v 11.042836 -0.120476 -5.634038
v 11.156316 -0.006996 -5.864387
v 11.110534 -0.052778 -5.829985
v 11.074201 -0.089111 -5.776401
v 11.050874 -0.112438 -5.708883
v 11.184737 0.070959 -5.876241
v 10.991624 -0.058075 -5.634038
v 11.125062 0.031085 -5.864387
v 11.071229 -0.004885 -5.829985
v 11.028506 -0.033431 -5.776401
v 11.001076 -0.051759 -5.708883
v 11.168147 0.101999 -5.876241
v 10.953570 0.013119 -5.634038
v 11.101840 0.074533 -5.864387
v 11.042022 0.049756 -5.829985
v 10.994552 0.030093 -5.776401
v 10.964072 0.017469 -5.708883
v 11.157929 0.135681 -5.876241
v 10.930137 0.090369 -5.634038
v 11.087537 0.121679 -5.864387
v 11.024035 0.109047 -5.829985
v 10.973641 0.099022 -5.776401
v 10.941286 0.092586 -5.708883
v 11.154479 0.170705 -5.876241
v 10.922225 0.170705 -5.634038
v 11.082708 0.170705 -5.864387
v 11.017964 0.170705 -5.829985
v 10.966581 0.170705 -5.776401
v 10.933592 0.170705 -5.708883
v 11.157929 0.205730 -5.876241
v 10.930137 0.251042 -5.634038
v 11.087537 0.219732 -5.864387
v 11.024035 0.232364 -5.829985
v 10.973641 0.242389 -5.776401
v 10.941286 0.248825 -5.708883
v 11.168147 0.239412 -5.876241
v 10.953570 0.328292 -5.634038
v 11.101839 0.266878 -5.864387
v 11.042022 0.291655 -5.829985
v 10.994552 0.311318 -5.776401
v 10.964072 0.323942 -5.708883
v 11.184737 0.270452 -5.876241
v 10.991624 0.399486 -5.634038
v 11.125062 0.310325 -5.864387
v 11.071229 0.346296 -5.829985
v 11.028506 0.374842 -5.776401
v 11.001077 0.393170 -5.708883
v 11.207065 0.297658 -5.876241
v 11.042836 0.461887 -5.634038
v 11.156316 0.348407 -5.864387
v 11.110534 0.394189 -5.829985
v 11.074201 0.430522 -5.776401
v 11.050874 0.453849 -5.708883
v 11.234273 0.319987 -5.876241
v 11.105238 0.513099 -5.634038
v 11.194399 0.379662 -5.864387
v 11.158428 0.433495 -5.829985
v 11.129882 0.476218 -5.776401
v 11.111554 0.503648 -5.708883
v 11.265311 0.336577 -5.876241
v 11.176432 0.551153 -5.634038
v 11.237845 0.402885 -5.864387
v 11.213069 0.462702 -5.829985
v 11.193406 0.510173 -5.776401
v 11.180781 0.540651 -5.708883
v 11.298991 0.346794 -5.876241
v 11.253681 0.574586 -5.634038
v 11.284989 0.417186 -5.864387
v 11.272359 0.480687 -5.829985
v 11.262335 0.531082 -5.776401
v 11.255898 0.563437 -5.708883
v -11.350690 0.582499 0.242202
v -11.431027 0.574586 0.242202
v -11.508277 0.551153 0.242202
v -11.579471 0.513099 0.242202
v -11.641872 0.461887 0.242202
v -11.693084 0.399486 0.242202
v -11.731137 0.328292 0.242202
v -11.754571 0.251042 0.242202
v -11.762485 0.170705 0.242202
v -11.754571 0.090369 0.242202
v -11.731137 0.013119 0.242202
v -11.693084 -0.058075 0.242202
v -11.641872 -0.120476 0.242202
v -11.579471 -0.171688 0.242202
v -11.508277 -0.209742 0.242202
v -11.431027 -0.233175 0.242202
v -11.350690 -0.241088 0.242202
v -11.270353 -0.233175 0.242202
v -11.193104 -0.209742 0.242202
v -11.121910 -0.171688 0.242202
v -11.059508 -0.120476 0.242202
v -11.008296 -0.058075 0.242202
v -10.970243 0.013119 0.242202
v -10.946809 0.090369 0.242202
v -10.938897 0.170705 0.242202
v -10.946809 0.251042 0.242202
v -10.970243 0.328292 0.242202
v -11.008296 0.399486 0.242202
v -11.059508 0.461887 0.242202
v -11.121910 0.513099 0.242202
v -11.193104 0.551153 0.242202
v -11.270353 0.574586 0.242202
v -11.414216 0.490074 0.507326
v -11.350690 0.496331 0.507326
v -11.475302 0.471544 0.507326
v -11.531598 0.441453 0.507326
v -11.580942 0.400957 0.507326
v -11.621438 0.351613 0.507326
v -11.651528 0.295317 0.507326
v -11.670058 0.234232 0.507326
v -11.676315 0.170705 0.507326
v -11.670058 0.107179 0.507326
v -11.651528 0.046094 0.507326
v -11.621438 -0.010202 0.507326
v -11.580942 -0.059546 0.507326
v -11.531598 -0.100042 0.507326
v -11.475302 -0.130133 0.507326
v -11.414216 -0.148663 0.507326
v -11.350690 -0.154920 0.507326
v -11.287164 -0.148663 0.507326
v -11.226079 -0.130133 0.507326
v -11.169783 -0.100042 0.507326
v -11.120439 -0.059546 0.507326
v -11.079943 -0.010202 0.507326
v -11.049851 0.046094 0.507326
v -11.031322 0.107179 0.507326
v -11.025065 0.170705 0.507326
v -11.031322 0.234232 0.507326
v -11.049851 0.295317 0.507326
v -11.079943 0.351613 0.507326
v -11.120439 0.400957 0.507326
v -11.169783 0.441453 0.507326
v -11.226079 0.471544 0.507326
v -11.287164 0.490074 0.507326
v -11.414216 0.490074 1.776366
v -11.350690 0.496331 1.776366
v -11.475302 0.471544 1.776366
v -11.531598 0.441453 1.776366
v -11.580942 0.400957 1.776366
v -11.621438 0.351613 1.776366
v -11.651528 0.295317 1.776366
v -11.670058 0.234232 1.776366
v -11.676315 0.170705 1.776366
v -11.670058 0.107179 1.776366
v -11.651528 0.046094 1.776366
v -11.621438 -0.010202 1.776366
v -11.580942 -0.059546 1.776366
v -11.531598 -0.100042 1.776366
v -11.475302 -0.130133 1.776366
v -11.414216 -0.148663 1.776366
v -11.350690 -0.154920 1.776366
v -11.287164 -0.148663 1.776366
v -11.226079 -0.130133 1.776366
v -11.169783 -0.100042 1.776366
v -11.120439 -0.059546 1.776366
v -11.079943 -0.010202 1.776366
v -11.049851 0.046094 1.776366
v -11.031322 0.107179 1.776366
v -11.025065 0.170705 1.776366
v -11.031322 0.234232 1.776366
v -11.049851 0.295317 1.776366
v -11.079943 0.351613 1.776366
v -11.120439 0.400957 1.776366
v -11.169783 0.441453 1.776366
v -11.226079 0.471544 1.776366
v -11.287164 0.490074 1.776366
v -11.385671 0.346562 1.776366
v -11.350690 0.350007 1.776366
v -11.315710 0.346562 1.776366
v -11.282075 0.336359 1.776366
v -11.251075 0.319789 1.776366
v -11.223905 0.297491 1.776366
v -11.201606 0.270320 1.776366
v -11.185037 0.239321 1.776366
v -11.174834 0.205685 1.776366
v -11.171389 0.170705 1.776366
v -11.174834 0.135725 1.776366
v -11.185037 0.102090 1.776366
v -11.201606 0.071091 1.776366
v -11.223905 0.043920 1.776366
v -11.251075 0.021621 1.776366
v -11.282075 0.005052 1.776366
v -11.315710 -0.005151 1.776366
v -11.350690 -0.008596 1.776366
v -11.385671 -0.005151 1.776366
v -11.419306 0.005052 1.776366
v -11.450305 0.021621 1.776366
v -11.477475 0.043920 1.776366
v -11.499774 0.071091 1.776366
v -11.516343 0.102090 1.776366
v -11.526547 0.135725 1.776366
v -11.529992 0.170705 1.776366
v -11.526547 0.205685 1.776366
v -11.516343 0.239321 1.776366
v -11.499774 0.270320 1.776366
v -11.477475 0.297491 1.776366
v -11.450305 0.319789 1.776366
v -11.419306 0.336359 1.776366
v -11.385670 0.346562 4.532008
v -11.350690 0.350007 4.532008
v -11.419305 0.336358 4.532008
v -11.315709 0.346562 4.532008
v -11.282073 0.336358 4.532008
v -11.251075 0.319789 4.532008
v -11.223905 0.297491 4.532008
v -11.201606 0.270320 4.532008
v -11.185037 0.239321 4.532008
v -11.174832 0.205685 4.532008
v -11.171388 0.170705 4.532008
v -11.174832 0.135725 4.532008
v -11.185037 0.102089 4.532008
v -11.201606 0.071091 4.532008
v -11.223905 0.043920 4.532008
v -11.251075 0.021621 4.532008
v -11.282073 0.005052 4.532008
v -11.315709 -0.005151 4.532008
v -11.350690 -0.008596 4.532008
v -11.385670 -0.005151 4.532008
v -11.419305 0.005052 4.532008
v -11.450304 0.021621 4.532008
v -11.477475 0.043920 4.532008
v -11.499774 0.071091 4.532008
v -11.516343 0.102089 4.532008
v -11.526546 0.135725 4.532008
v -11.529991 0.170705 4.532008
v -11.526546 0.205685 4.532008
v -11.516343 0.239321 4.532008
v -11.499774 0.270320 4.532008
v -11.477475 0.297491 4.532008
v -11.450304 0.319789 4.532008
v -11.185037 0.239321 4.049695
v -11.201606 0.270320 4.049695
v -11.477475 0.043920 4.049695
v -11.450305 0.021621 4.049695
v -11.174833 0.205685 4.049695
v -11.499774 0.071091 4.049695
v -11.171388 0.170705 4.049695
v -11.516343 0.102090 4.049695
v -11.174833 0.135725 4.049695
v -11.526546 0.135725 4.049695
v -11.185037 0.102089 4.049695
v -11.529991 0.170705 4.049695
v -11.201606 0.071091 4.049695
v -11.526546 0.205685 4.049695
v -11.223905 0.043920 4.049695
v -11.350690 0.350007 4.049695
v -11.385670 0.346562 4.049695
v -11.516343 0.239321 4.049695
v -11.251075 0.021621 4.049695
v -11.419305 0.336359 4.049695
v -11.499774 0.270320 4.049695
v -11.282074 0.005052 4.049695
v -11.315709 0.346562 4.049695
v -11.477475 0.297491 4.049695
v -11.315709 -0.005151 4.049695
v -11.282074 0.336359 4.049695
v -11.450305 0.319789 4.049695
v -11.350690 -0.008596 4.049695
v -11.251075 0.319789 4.049695
v -11.385670 -0.005151 4.049695
v -11.223905 0.297491 4.049695
v -11.419305 0.005052 4.049695
v -11.391485 0.375798 4.532008
v -11.350690 0.379816 4.532008
v -11.430713 0.363899 4.532008
v -11.309894 0.375798 4.532008
v -11.270666 0.363899 4.532008
v -11.234513 0.344575 4.532008
v -11.202826 0.318569 4.532008
v -11.176820 0.286881 4.532008
v -11.157496 0.250729 4.532008
v -11.145597 0.211501 4.532008
v -11.141578 0.170705 4.532008
v -11.145597 0.129910 4.532008
v -11.157496 0.090682 4.532008
v -11.176820 0.054529 4.532008
v -11.202826 0.022842 4.532008
v -11.234513 -0.003164 4.532008
v -11.270666 -0.022488 4.532008
v -11.309894 -0.034388 4.532008
v -11.350690 -0.038406 4.532008
v -11.391485 -0.034388 4.532008
v -11.430713 -0.022488 4.532008
v -11.466866 -0.003164 4.532008
v -11.498553 0.022842 4.532008
v -11.524559 0.054529 4.532008
v -11.543883 0.090682 4.532008
v -11.555783 0.129910 4.532008
v -11.559800 0.170705 4.532008
v -11.555783 0.211501 4.532008
v -11.543883 0.250729 4.532008
v -11.524559 0.286881 4.532008
v -11.498553 0.318569 4.532008
v -11.466866 0.344575 4.532008
v -11.157496 0.250729 4.049695
v -11.498553 0.022842 4.049695
v -11.145597 0.211501 4.049695
v -11.524559 0.054529 4.049695
v -11.141579 0.170705 4.049695
v -11.543883 0.090682 4.049695
v -11.145597 0.129910 4.049695
v -11.555783 0.129910 4.049695
v -11.157496 0.090682 4.049695
v -11.559800 0.170705 4.049695
v -11.176820 0.054529 4.049695
v -11.555783 0.211501 4.049695
v -11.202826 0.022842 4.049695
v -11.350690 0.379816 4.049695
v -11.543883 0.250729 4.049695
v -11.234513 -0.003164 4.049695
v -11.524559 0.286881 4.049695
v -11.270666 -0.022488 4.049695
v -11.309894 0.375798 4.049695
v -11.498553 0.318569 4.049695
v -11.309894 -0.034388 4.049695
v -11.270666 0.363899 4.049695
v -11.466866 0.344575 4.049695
v -11.350690 -0.038406 4.049695
v -11.234513 0.344575 4.049695
v -11.391485 -0.034388 4.049695
v -11.202826 0.318569 4.049695
v -11.430713 -0.022488 4.049695
v -11.176820 0.286881 4.049695
v -11.466866 -0.003164 4.049695
v -11.391485 0.375798 4.049695
v -11.430713 0.363899 4.049695
v -11.373896 0.287371 4.100792
v -11.350690 0.289657 4.100792
v -11.396211 0.280602 4.100792
v -11.327483 0.287371 4.100792
v -11.305169 0.280602 4.100792
v -11.284604 0.269610 4.100792
v -11.266578 0.254817 4.100792
v -11.251784 0.236791 4.100792
v -11.240792 0.216226 4.100792
v -11.234023 0.193911 4.100792
v -11.231738 0.170705 4.100792
v -11.234023 0.147499 4.100792
v -11.240792 0.125184 4.100792
v -11.251784 0.104619 4.100792
v -11.266578 0.086593 4.100792
v -11.284604 0.071800 4.100792
v -11.305169 0.060808 4.100792
v -11.327483 0.054039 4.100792
v -11.350690 0.051753 4.100792
v -11.373896 0.054039 4.100792
v -11.396211 0.060808 4.100792
v -11.416776 0.071800 4.100792
v -11.434801 0.086593 4.100792
v -11.449594 0.104619 4.100792
v -11.460587 0.125184 4.100792
v -11.467356 0.147499 4.100792
v -11.469642 0.170705 4.100792
v -11.467356 0.193911 4.100792
v -11.460587 0.216226 4.100792
v -11.449594 0.236791 4.100792
v -11.434801 0.254817 4.100792
v -11.416776 0.269610 4.100792
v -11.385670 0.346561 4.100792
v -11.350690 0.350007 4.100792
v -11.419305 0.336358 4.100792
v -11.315709 0.346561 4.100792
v -11.282073 0.336358 4.100792
v -11.251075 0.319789 4.100792
v -11.223905 0.297490 4.100792
v -11.201606 0.270320 4.100792
v -11.185037 0.239321 4.100792
v -11.174832 0.205685 4.100792
v -11.171388 0.170705 4.100792
v -11.174832 0.135725 4.100792
v -11.185037 0.102089 4.100792
v -11.201606 0.071090 4.100792
v -11.223905 0.043919 4.100792
v -11.251075 0.021621 4.100792
v -11.282073 0.005052 4.100792
v -11.315709 -0.005152 4.100792
v -11.350690 -0.008597 4.100792
v -11.385670 -0.005152 4.100792
v -11.419305 0.005052 4.100792
v -11.450304 0.021621 4.100792
v -11.477475 0.043919 4.100792
v -11.499774 0.071090 4.100792
v -11.516343 0.102089 4.100792
v -11.526546 0.135725 4.100792
v -11.529991 0.170705 4.100792
v -11.526546 0.205685 4.100792
v -11.516343 0.239321 4.100792
v -11.499774 0.270320 4.100792
v -11.477475 0.297490 4.100792
v -11.450304 0.319789 4.100792
v -11.373896 0.287359 -4.143148
v -11.350690 0.289645 -4.143148
v -11.396211 0.280590 -4.143148
v -11.327483 0.287359 -4.143148
v -11.305169 0.280590 -4.143148
v -11.284604 0.269598 -4.143148
v -11.266578 0.254805 -4.143148
v -11.251784 0.236779 -4.143148
v -11.240792 0.216214 -4.143148
v -11.234023 0.193899 -4.143148
v -11.231738 0.170693 -4.143148
v -11.234023 0.147487 -4.143148
v -11.240792 0.125172 -4.143148
v -11.251784 0.104607 -4.143148
v -11.266578 0.086581 -4.143148
v -11.284604 0.071788 -4.143148
v -11.305169 0.060796 -4.143148
v -11.327483 0.054027 -4.143148
v -11.350690 0.051741 -4.143148
v -11.373896 0.054027 -4.143148
v -11.396211 0.060796 -4.143148
v -11.416776 0.071788 -4.143148
v -11.434801 0.086581 -4.143148
v -11.449594 0.104607 -4.143148
v -11.460587 0.125172 -4.143148
v -11.467356 0.147487 -4.143148
v -11.469642 0.170693 -4.143148
v -11.467356 0.193899 -4.143148
v -11.460587 0.216214 -4.143148
v -11.449594 0.236779 -4.143148
v -11.434801 0.254805 -4.143148
v -11.416776 0.269598 -4.143148
v -11.350690 0.350244 -5.876241
v -11.350690 0.582499 -5.634038
v -11.350690 0.422015 -5.864387
v -11.350690 0.486760 -5.829985
v -11.350690 0.538142 -5.776401
v -11.350690 0.571132 -5.708883
v -11.385717 0.346794 -5.876241
v -11.431027 0.574586 -5.634038
v -11.399718 0.417186 -5.864387
v -11.412351 0.480687 -5.829985
v -11.422374 0.531082 -5.776401
v -11.428809 0.563437 -5.708883
v -11.419396 0.336577 -5.876241
v -11.508277 0.551153 -5.634038
v -11.446862 0.402885 -5.864387
v -11.471639 0.462702 -5.829985
v -11.491302 0.510173 -5.776401
v -11.503926 0.540651 -5.708883
v -11.450436 0.319987 -5.876241
v -11.579471 0.513099 -5.634038
v -11.490310 0.379662 -5.864387
v -11.526280 0.433495 -5.829985
v -11.554828 0.476218 -5.776401
v -11.573155 0.503648 -5.708883
v -11.477644 0.297658 -5.876241
v -11.641872 0.461887 -5.634038
v -11.528394 0.348407 -5.864387
v -11.574175 0.394189 -5.829985
v -11.610507 0.430522 -5.776401
v -11.633834 0.453849 -5.708883
v -11.499971 0.270452 -5.876241
v -11.693084 0.399486 -5.634038
v -11.559646 0.310325 -5.864387
v -11.613481 0.346296 -5.829985
v -11.656203 0.374842 -5.776401
v -11.683633 0.393170 -5.708883
v -11.516562 0.239412 -5.876241
v -11.731137 0.328292 -5.634038
v -11.582870 0.266878 -5.864387
v -11.642686 0.291655 -5.829985
v -11.690158 0.311318 -5.776401
v -11.720635 0.323942 -5.708883
v -11.526780 0.205730 -5.876241
v -11.754571 0.251042 -5.634038
v -11.597171 0.219732 -5.864387
v -11.660672 0.232364 -5.829985
v -11.711066 0.242389 -5.776401
v -11.743423 0.248825 -5.708883
v -11.530229 0.170705 -5.876241
v -11.762485 0.170705 -5.634038
v -11.602000 0.170705 -5.864387
v -11.666745 0.170705 -5.829985
v -11.718127 0.170705 -5.776401
v -11.751117 0.170705 -5.708883
v -11.526780 0.135681 -5.876241
v -11.754571 0.090369 -5.634038
v -11.597171 0.121679 -5.864387
v -11.660672 0.109047 -5.829985
v -11.711066 0.099022 -5.776401
v -11.743423 0.092586 -5.708883
v -11.516562 0.101999 -5.876241
v -11.731137 0.013119 -5.634038
v -11.582870 0.074533 -5.864387
v -11.642686 0.049756 -5.829985
v -11.690158 0.030093 -5.776401
v -11.720635 0.017469 -5.708883
v -11.499970 0.070959 -5.876241
v -11.693084 -0.058075 -5.634038
v -11.559646 0.031085 -5.864387
v -11.613481 -0.004885 -5.829985
v -11.656203 -0.033431 -5.776401
v -11.683633 -0.051759 -5.708883
v -11.477644 0.043753 -5.876241
v -11.641872 -0.120476 -5.634038
v -11.528394 -0.006996 -5.864387
v -11.574175 -0.052778 -5.829985
v -11.610507 -0.089111 -5.776401
v -11.633834 -0.112438 -5.708883
v -11.450437 0.021424 -5.876241
v -11.579471 -0.171688 -5.634038
v -11.490310 -0.038250 -5.864387
v -11.526280 -0.092084 -5.829985
v -11.554828 -0.134807 -5.776401
v -11.573155 -0.162236 -5.708883
v -11.419396 0.004834 -5.876241
v -11.508277 -0.209742 -5.634038
v -11.446862 -0.061474 -5.864387
v -11.471639 -0.121291 -5.829985
v -11.491302 -0.168762 -5.776401
v -11.503926 -0.199240 -5.708883
v -11.385716 -0.005383 -5.876241
v -11.431027 -0.233175 -5.634038
v -11.399718 -0.075775 -5.864387
v -11.412350 -0.139276 -5.829985
v -11.422374 -0.189671 -5.776401
v -11.428809 -0.222027 -5.708883
v -11.350690 -0.008833 -5.876241
v -11.350690 -0.241088 -5.634038
v -11.350690 -0.080604 -5.864387
v -11.350690 -0.145349 -5.829985
v -11.350690 -0.196731 -5.776401
v -11.350690 -0.229721 -5.708883
v -11.315664 -0.005383 -5.876241
v -11.270353 -0.233175 -5.634038
v -11.301662 -0.075775 -5.864387
v -11.289031 -0.139276 -5.829985
v -11.279007 -0.189671 -5.776401
v -11.272571 -0.222027 -5.708883
v -11.281983 0.004834 -5.876241
v -11.193104 -0.209742 -5.634038
v -11.254519 -0.061474 -5.864387
v -11.229741 -0.121291 -5.829985
v -11.210078 -0.168762 -5.776401
v -11.197453 -0.199240 -5.708883
v -11.250945 0.021424 -5.876241
v -11.121910 -0.171688 -5.634038
v -11.211071 -0.038250 -5.864387
v -11.175100 -0.092084 -5.829985
v -11.146554 -0.134807 -5.776401
v -11.128226 -0.162236 -5.708883
v -11.223737 0.043753 -5.876241
v -11.059508 -0.120476 -5.634038
v -11.172988 -0.006996 -5.864387
v -11.127206 -0.052778 -5.829985
v -11.090873 -0.089111 -5.776401
v -11.067546 -0.112438 -5.708883
v -11.201409 0.070959 -5.876241
v -11.008296 -0.058075 -5.634038
v -11.141734 0.031085 -5.864387
v -11.087901 -0.004885 -5.829985
v -11.045178 -0.033431 -5.776401
v -11.017748 -0.051759 -5.708883
v -11.184819 0.101999 -5.876241
v -10.970243 0.013119 -5.634038
v -11.118512 0.074533 -5.864387
v -11.058694 0.049756 -5.829985
v -11.011224 0.030093 -5.776401
v -10.980744 0.017469 -5.708883
v -11.174602 0.135681 -5.876241
v -10.946809 0.090369 -5.634038
v -11.104209 0.121679 -5.864387
v -11.040708 0.109047 -5.829985
v -10.990314 0.099022 -5.776401
v -10.957958 0.092586 -5.708883
v -11.171151 0.170705 -5.876241
v -10.938897 0.170705 -5.634038
v -11.099380 0.170705 -5.864387
v -11.034636 0.170705 -5.829985
v -10.983253 0.170705 -5.776401
v -10.950264 0.170705 -5.708883
v -11.174602 0.205730 -5.876241
v -10.946809 0.251042 -5.634038
v -11.104209 0.219732 -5.864387
v -11.040708 0.232364 -5.829985
v -10.990314 0.242389 -5.776401
v -10.957958 0.248825 -5.708883
v -11.184819 0.239412 -5.876241
v -10.970243 0.328292 -5.634038
v -11.118511 0.266878 -5.864387
v -11.058694 0.291655 -5.829985
v -11.011224 0.311318 -5.776401
v -10.980744 0.323942 -5.708883
v -11.201409 0.270452 -5.876241
v -11.008296 0.399486 -5.634038
v -11.141734 0.310325 -5.864387
v -11.087901 0.346296 -5.829985
v -11.045178 0.374842 -5.776401
v -11.017749 0.393170 -5.708883
v -11.223737 0.297658 -5.876241
v -11.059508 0.461887 -5.634038
v -11.172988 0.348407 -5.864387
v -11.127206 0.394189 -5.829985
v -11.090873 0.430522 -5.776401
v -11.067546 0.453849 -5.708883
v -11.250945 0.319987 -5.876241
v -11.121910 0.513099 -5.634038
v -11.211071 0.379662 -5.864387
v -11.175100 0.433495 -5.829985
v -11.146554 0.476218 -5.776401
v -11.128226 0.503648 -5.708883
v -11.281983 0.336577 -5.876241
v -11.193104 0.551153 -5.634038
v -11.254518 0.402885 -5.864387
v -11.229741 0.462702 -5.829985
v -11.210078 0.510173 -5.776401
v -11.197453 0.540651 -5.708883
v -11.315663 0.346794 -5.876241
v -11.270353 0.574586 -5.634038
v -11.301661 0.417186 -5.864387
v -11.289031 0.480687 -5.829985
v -11.279007 0.531082 -5.776401
v -11.272571 0.563437 -5.708883
vn -0.1945 0.9780 -0.0749
vn -0.1927 0.9690 0.1546
vn -0.0000 0.9880 0.1546
vn -0.0000 0.9972 -0.0749
vn 0.3816 0.9213 -0.0749
vn 0.3781 0.9128 0.1546
vn 0.5489 0.8215 0.1546
vn 0.5540 0.8291 -0.0749
vn 0.6986 0.6986 0.1546
vn 0.7051 0.7051 -0.0749
vn 0.8215 0.5489 0.1546
vn 0.8291 0.5540 -0.0749
vn 0.9128 0.3781 0.1546
vn 0.9213 0.3816 -0.0749
vn 0.9690 0.1928 0.1546
vn 0.9780 0.1945 -0.0749
vn 0.9880 -0.0000 0.1546
vn 0.9972 -0.0000 -0.0749
vn 0.9690 -0.1928 0.1546
vn 0.9780 -0.1945 -0.0749
vn 0.9128 -0.3781 0.1546
vn 0.9213 -0.3816 -0.0749
vn 0.8215 -0.5489 0.1546
vn 0.8291 -0.5540 -0.0749
vn 0.6986 -0.6986 0.1546
vn 0.7051 -0.7051 -0.0749
vn 0.5489 -0.8215 0.1546
vn 0.5540 -0.8291 -0.0749
vn 0.3781 -0.9128 0.1546
vn 0.3816 -0.9213 -0.0749
vn 0.1927 -0.9690 0.1546
vn 0.1945 -0.9780 -0.0749
vn -0.0000 -0.9880 0.1546
vn -0.0000 -0.9972 -0.0749
vn -0.1927 -0.9690 0.1546
vn -0.1945 -0.9780 -0.0749
vn -0.3781 -0.9128 0.1546
vn -0.3816 -0.9213 -0.0749
vn -0.5489 -0.8215 0.1546
vn -0.5540 -0.8291 -0.0749
vn -0.6986 -0.6986 0.1546
vn -0.7051 -0.7051 -0.0749
vn -0.8215 -0.5489 0.1546
vn -0.8291 -0.5540 -0.0749
vn -0.9128 -0.3781 0.1546
vn -0.9213 -0.3816 -0.0749
vn -0.9690 -0.1927 0.1546
vn -0.9780 -0.1945 -0.0749
vn -0.9880 -0.0000 0.1546
vn -0.9972 -0.0000 -0.0749
vn -0.9690 0.1927 0.1546
vn -0.9780 0.1945 -0.0749
vn -0.9128 0.3781 0.1546
vn -0.9213 0.3816 -0.0749
vn -0.8215 0.5489 0.1546
vn -0.8291 0.5540 -0.0749
vn -0.6986 0.6986 0.1546
vn -0.7051 0.7051 -0.0749
vn -0.5489 0.8215 0.1546
vn -0.5540 0.8291 -0.0749
vn -0.3781 0.9128 0.1546
vn -0.3816 0.9213 -0.0749
vn 0.8211 0.5486 0.1577
vn 0.9123 0.3779 0.1577
vn 0.1945 0.9780 -0.0749
vn 0.1927 0.9690 0.1546
vn 0.3779 0.9123 0.1577
vn 0.1926 0.9685 0.1577
vn 0.1951 0.9808 -0.0000
vn 0.3827 0.9239 -0.0000
vn 0.3779 -0.9123 0.1577
vn 0.1926 -0.9685 0.1577
vn -0.9685 -0.1926 0.1577
vn -0.9875 -0.0000 0.1577
vn 0.9123 -0.3779 0.1577
vn 0.8211 -0.5486 0.1577
vn -0.5486 -0.8211 0.1577
vn -0.6983 -0.6983 0.1577
vn -0.6983 0.6983 0.1577
vn -0.5486 0.8211 0.1577
vn 0.9685 0.1927 0.1577
vn -0.0000 -0.9875 0.1577
vn -0.9685 0.1926 0.1577
vn 0.5486 0.8211 0.1577
vn 0.6983 -0.6983 0.1577
vn -0.8211 -0.5486 0.1577
vn -0.3779 0.9123 0.1577
vn 0.9875 -0.0000 0.1577
vn -0.1926 -0.9685 0.1577
vn -0.9123 0.3779 0.1577
vn 0.6983 0.6983 0.1577
vn 0.5486 -0.8211 0.1577
vn -0.9123 -0.3779 0.1577
vn -0.1926 0.9685 0.1577
vn 0.9685 -0.1927 0.1577
vn -0.3779 -0.9123 0.1577
vn -0.8211 0.5486 0.1577
vn -0.0000 0.9875 0.1577
vn -0.0000 -0.0000 1.0000
vn -0.7071 0.7071 -0.0000
vn -0.5556 0.8315 -0.0000
vn 0.1951 -0.9808 -0.0000
vn -0.0000 -1.0000 -0.0000
vn 0.5556 0.8315 -0.0000
vn -0.3827 0.9239 -0.0000
vn -0.1951 -0.9808 -0.0000
vn 0.7071 0.7071 -0.0000
vn -0.1951 0.9808 -0.0000
vn -0.3827 -0.9239 -0.0000
vn 0.8315 0.5556 -0.0000
vn -0.0000 1.0000 -0.0000
vn -0.5556 -0.8315 -0.0000
vn 0.9239 0.3827 -0.0000
vn -0.7071 -0.7071 -0.0000
vn 0.9808 0.1951 -0.0000
vn -0.8315 -0.5556 -0.0000
vn 1.0000 -0.0000 -0.0000
vn -0.9239 -0.3827 -0.0000
vn 0.9808 -0.1951 -0.0000
vn -0.9808 -0.1951 -0.0000
vn 0.9239 -0.3827 -0.0000
vn -1.0000 -0.0000 -0.0000
vn 0.8315 -0.5556 -0.0000
vn -0.9808 0.1951 -0.0000
vn 0.7071 -0.7071 -0.0000
vn -0.9239 0.3827 -0.0000
vn 0.5556 -0.8315 -0.0000
vn -0.8315 0.5556 -0.0000
vn 0.3827 -0.9239 -0.0000
vn -0.0000 -0.0000 -1.0000
vn 0.1864 0.9372 -0.2947
vn -0.0000 0.9556 -0.2947
vn 0.1607 0.8079 -0.5669
vn -0.0000 0.8238 -0.5669
vn 0.1191 0.5986 -0.7922
vn -0.0000 0.6103 -0.7922
vn 0.0644 0.3237 -0.9440
vn -0.0000 0.3300 -0.9440
vn 0.0169 0.0852 -0.9962
vn -0.0000 0.0869 -0.9962
vn 0.3657 0.8829 -0.2946
vn 0.3152 0.7611 -0.5669
vn 0.2336 0.5638 -0.7922
vn 0.1263 0.3049 -0.9440
vn 0.0332 0.0803 -0.9962
vn 0.5309 0.7946 -0.2946
vn 0.4577 0.6849 -0.5669
vn 0.3391 0.5074 -0.7922
vn 0.1834 0.2744 -0.9440
vn 0.0483 0.0722 -0.9962
vn 0.6757 0.6757 -0.2946
vn 0.5825 0.5825 -0.5669
vn 0.4315 0.4315 -0.7922
vn 0.2334 0.2334 -0.9440
vn 0.0614 0.0614 -0.9962
vn 0.7946 0.5309 -0.2946
vn 0.6849 0.4577 -0.5669
vn 0.5074 0.3391 -0.7922
vn 0.2744 0.1834 -0.9440
vn 0.0722 0.0483 -0.9962
vn 0.8829 0.3657 -0.2946
vn 0.7611 0.3152 -0.5669
vn 0.5638 0.2336 -0.7922
vn 0.3049 0.1263 -0.9440
vn 0.0803 0.0332 -0.9962
vn 0.9372 0.1864 -0.2946
vn 0.8079 0.1607 -0.5669
vn 0.5986 0.1191 -0.7922
vn 0.3237 0.0644 -0.9440
vn 0.0852 0.0169 -0.9962
vn 0.9556 -0.0000 -0.2946
vn 0.8238 -0.0000 -0.5669
vn 0.6103 -0.0000 -0.7922
vn 0.3300 -0.0000 -0.9440
vn 0.0869 -0.0000 -0.9962
vn 0.9372 -0.1864 -0.2946
vn 0.8079 -0.1607 -0.5669
vn 0.5986 -0.1191 -0.7922
vn 0.3237 -0.0644 -0.9440
vn 0.0852 -0.0169 -0.9962
vn 0.8829 -0.3657 -0.2946
vn 0.7611 -0.3152 -0.5669
vn 0.5638 -0.2335 -0.7922
vn 0.3049 -0.1263 -0.9440
vn 0.0803 -0.0332 -0.9962
vn 0.7946 -0.5309 -0.2946
vn 0.6849 -0.4577 -0.5669
vn 0.5074 -0.3391 -0.7922
vn 0.2744 -0.1834 -0.9440
vn 0.0722 -0.0483 -0.9962
vn 0.6757 -0.6757 -0.2946
vn 0.5825 -0.5825 -0.5669
vn 0.4315 -0.4316 -0.7922
vn 0.2334 -0.2334 -0.9440
vn 0.0614 -0.0614 -0.9962
vn 0.5309 -0.7946 -0.2947
vn 0.4577 -0.6849 -0.5669
vn 0.3391 -0.5074 -0.7922
vn 0.1834 -0.2744 -0.9440
vn 0.0483 -0.0722 -0.9962
vn 0.3657 -0.8829 -0.2947
vn 0.3152 -0.7611 -0.5669
vn 0.2336 -0.5638 -0.7922
vn 0.1263 -0.3049 -0.9440
vn 0.0332 -0.0803 -0.9962
vn 0.1864 -0.9372 -0.2947
vn 0.1607 -0.8079 -0.5669
vn 0.1191 -0.5986 -0.7922
vn 0.0644 -0.3237 -0.9440
vn 0.0169 -0.0852 -0.9962
vn -0.0000 -0.9556 -0.2947
vn -0.0000 -0.8238 -0.5669
vn -0.0000 -0.6103 -0.7922
vn -0.0000 -0.3300 -0.9440
vn -0.0000 -0.0869 -0.9962
vn -0.1864 -0.9372 -0.2946
vn -0.1607 -0.8079 -0.5669
vn -0.1191 -0.5986 -0.7922
vn -0.0644 -0.3237 -0.9440
vn -0.0169 -0.0852 -0.9962
vn -0.3657 -0.8829 -0.2946
vn -0.3152 -0.7611 -0.5669
vn -0.2336 -0.5638 -0.7922
vn -0.1263 -0.3049 -0.9440
vn -0.0332 -0.0803 -0.9962
vn -0.5309 -0.7946 -0.2947
vn -0.4577 -0.6849 -0.5669
vn -0.3391 -0.5074 -0.7922
vn -0.1834 -0.2744 -0.9440
vn -0.0483 -0.0722 -0.9962
vn -0.6757 -0.6757 -0.2947
vn -0.5825 -0.5825 -0.5669
vn -0.4315 -0.4316 -0.7922
vn -0.2334 -0.2334 -0.9440
vn -0.0614 -0.0614 -0.9962
vn -0.7946 -0.5309 -0.2947
vn -0.6849 -0.4577 -0.5669
vn -0.5074 -0.3391 -0.7922
vn -0.2744 -0.1834 -0.9440
vn -0.0722 -0.0483 -0.9962
vn -0.8829 -0.3657 -0.2947
vn -0.7611 -0.3152 -0.5669
vn -0.5638 -0.2336 -0.7922
vn -0.3049 -0.1263 -0.9440
vn -0.0803 -0.0332 -0.9962
vn -0.9372 -0.1864 -0.2947
vn -0.8079 -0.1607 -0.5669
vn -0.5986 -0.1191 -0.7922
vn -0.3237 -0.0644 -0.9440
vn -0.0852 -0.0170 -0.9962
vn -0.9556 -0.0000 -0.2946
vn -0.8238 -0.0000 -0.5669
vn -0.6103 -0.0000 -0.7922
vn -0.3300 -0.0000 -0.9440
vn -0.0869 -0.0000 -0.9962
vn -0.9372 0.1864 -0.2947
vn -0.8079 0.1607 -0.5669
vn -0.5986 0.1191 -0.7922
vn -0.3237 0.0644 -0.9440
vn -0.0852 0.0170 -0.9962
vn -0.8829 0.3657 -0.2947
vn -0.7611 0.3152 -0.5669
vn -0.5638 0.2336 -0.7922
vn -0.3049 0.1263 -0.9440
vn -0.0803 0.0332 -0.9962
vn -0.7946 0.5309 -0.2947
vn -0.6849 0.4577 -0.5669
vn -0.5074 0.3391 -0.7922
vn -0.2744 0.1834 -0.9440
vn -0.0722 0.0483 -0.9962
vn -0.6757 0.6757 -0.2947
vn -0.5825 0.5825 -0.5669
vn -0.4315 0.4315 -0.7922
vn -0.2334 0.2334 -0.9440
vn -0.0614 0.0614 -0.9962
vn -0.5309 0.7946 -0.2947
vn -0.4577 0.6849 -0.5669
vn -0.3391 0.5074 -0.7922
vn -0.1834 0.2744 -0.9440
vn -0.0483 0.0722 -0.9962
vn -0.3657 0.8829 -0.2946
vn -0.3152 0.7611 -0.5669
vn -0.2336 0.5638 -0.7922
vn -0.1263 0.3049 -0.9440
vn -0.0332 0.0803 -0.9962
vn -0.1864 0.9372 -0.2946
vn -0.1607 0.8079 -0.5669
vn -0.1191 0.5986 -0.7922
vn -0.0644 0.3237 -0.9440
vn -0.0169 0.0852 -0.9962
vn -0.9690 0.1928 0.1546
vn -0.9690 -0.1928 0.1546
vn 0.9690 -0.1927 0.1546
vn 0.9690 0.1927 0.1546
vn 0.9685 -0.1926 0.1577
vn -0.9685 0.1927 0.1577
vn 0.9685 0.1926 0.1577
vn -0.9685 -0.1927 0.1577
vn -0.1864 0.9372 -0.2947
vn -0.5309 0.7946 -0.2946
vn -0.6757 0.6757 -0.2946
vn -0.7946 0.5309 -0.2946
vn -0.8829 0.3657 -0.2946
vn -0.9372 0.1864 -0.2946
vn -0.0852 0.0169 -0.9962
vn -0.9556 -0.0000 -0.2947
vn -0.9372 -0.1864 -0.2946
vn -0.0852 -0.0169 -0.9962
vn -0.8829 -0.3657 -0.2946
vn -0.7946 -0.5309 -0.2946
vn -0.6757 -0.6757 -0.2946
vn -0.5309 -0.7946 -0.2946
vn -0.3657 -0.8829 -0.2947
vn -0.1864 -0.9372 -0.2947
vn 0.1864 -0.9372 -0.2946
vn 0.3657 -0.8829 -0.2946
vn 0.6757 -0.6757 -0.2947
vn 0.4315 -0.4315 -0.7922
vn 0.7946 -0.5309 -0.2947
vn 0.8829 -0.3657 -0.2947
vn 0.5638 -0.2336 -0.7922
vn 0.9372 -0.1864 -0.2947
vn 0.0852 -0.0170 -0.9962
vn 0.9372 0.1864 -0.2947
vn 0.0852 0.0170 -0.9962
vn 0.8829 0.3657 -0.2947
vn 0.7946 0.5309 -0.2947
vn 0.6757 0.6757 -0.2947
vn 0.5309 0.7946 -0.2947
vn 0.3657 0.8829 -0.2947
vn 0.1864 0.9372 -0.2946
vt 0.031250 0.519793
vt 0.031250 1.000000
vt 0.000000 1.000000
vt 0.000000 0.519793
vt 0.937500 0.519793
vt 0.937500 1.000000
vt 0.906250 1.000000
vt 0.906250 0.519793
vt 0.875000 1.000000
vt 0.875000 0.519793
vt 0.843750 1.000000
vt 0.843750 0.519793
vt 0.812500 1.000000
vt 0.812500 0.519793
vt 0.781250 1.000000
vt 0.781250 0.519793
vt 0.750000 1.000000
vt 0.750000 0.519793
vt 0.750000 0.519793
vt 0.718750 1.000000
vt 0.718750 0.519793
vt 0.687500 1.000000
vt 0.687500 0.519793
vt 0.656250 1.000000
vt 0.656250 0.519793
vt 0.656250 0.519793
vt 0.625000 1.000000
vt 0.625000 0.519793
vt 0.593750 1.000000
vt 0.593750 0.519793
vt 0.562500 1.000000
vt 0.562500 0.519793
vt 0.562500 0.519793
vt 0.531250 1.000000
vt 0.531250 0.519793
vt 0.500000 1.000000
vt 0.500000 0.519793
vt 0.468750 1.000000
vt 0.468750 0.519793
vt 0.437500 1.000000
vt 0.437500 0.519793
vt 0.406250 1.000000
vt 0.406250 0.519793
vt 0.375000 1.000000
vt 0.375000 0.519793
vt 0.375000 0.519793
vt 0.343750 1.000000
vt 0.343750 0.519793
vt 0.312500 1.000000
vt 0.312500 0.519793
vt 0.281250 1.000000
vt 0.281250 0.519793
vt 0.281250 0.519793
vt 0.250000 1.000000
vt 0.250000 0.519793
vt 0.218750 1.000000
vt 0.218750 0.519793
vt 0.187500 1.000000
vt 0.187500 0.519793
vt 0.187500 0.519793
vt 0.156250 1.000000
vt 0.156250 0.519793
vt 0.125000 1.000000
vt 0.125000 0.519793
vt 0.093750 1.000000
vt 0.093750 0.519793
vt 0.093750 0.519793
vt 0.062500 1.000000
vt 0.062500 0.519793
vt 0.968750 0.519793
vt 0.968750 1.000000
vt 1.000000 0.519793
vt 1.000000 1.000000
vt 0.968750 0.519793
vt 0.176580 0.140119
vt 0.156554 0.156554
vt 0.296822 0.485388
vt 0.250000 0.490000
vt 0.250000 0.382153
vt 0.275782 0.379614
vt 0.203178 0.485388
vt 0.224218 0.379614
vt 0.158156 0.471731
vt 0.199427 0.372094
vt 0.116663 0.449553
vt 0.176580 0.359881
vt 0.080294 0.419706
vt 0.156554 0.343446
vt 0.050447 0.383337
vt 0.140119 0.323420
vt 0.028269 0.341844
vt 0.127906 0.300573
vt 0.014612 0.296822
vt 0.120386 0.275782
vt 0.010000 0.250000
vt 0.117847 0.250000
vt 0.014612 0.203178
vt 0.120386 0.224218
vt 0.028269 0.158156
vt 0.127906 0.199427
vt 0.050447 0.116663
vt 0.140119 0.176580
vt 0.080294 0.080294
vt 0.116663 0.050447
vt 0.158156 0.028269
vt 0.199427 0.127906
vt 0.203178 0.014612
vt 0.224218 0.120386
vt 0.250000 0.010000
vt 0.250000 0.117847
vt 0.296822 0.014612
vt 0.275782 0.120386
vt 0.341844 0.028269
vt 0.300573 0.127906
vt 0.383337 0.050447
vt 0.323420 0.140119
vt 0.419706 0.080294
vt 0.343446 0.156554
vt 0.449553 0.116663
vt 0.359881 0.176580
vt 0.471731 0.158156
vt 0.372094 0.199427
vt 0.485388 0.203178
vt 0.379614 0.224218
vt 0.490000 0.250000
vt 0.382153 0.250000
vt 0.485388 0.296822
vt 0.379614 0.275782
vt 0.471731 0.341844
vt 0.372094 0.300573
vt 0.449553 0.383337
vt 0.359881 0.323420
vt 0.419706 0.419706
vt 0.343446 0.343446
vt 0.383337 0.449553
vt 0.323420 0.359881
vt 0.341844 0.471731
vt 0.300573 0.372094
vt 0.379614 0.224218
vt 0.382153 0.250000
vt 0.379614 0.275782
vt 0.275782 0.379614
vt 0.250000 0.382153
vt 0.372094 0.300573
vt 0.176580 0.140119
vt 0.300573 0.372094
vt 0.343446 0.343446
vt 0.224218 0.120386
vt 0.323420 0.140119
vt 0.300573 0.127906
vt 0.140119 0.323420
vt 0.156554 0.343446
vt 0.275782 0.120386
vt 0.250000 0.117847
vt 0.372094 0.199427
vt 0.117847 0.250000
vt 0.120386 0.275782
vt 0.343446 0.156554
vt 0.337673 0.250000
vt 0.335988 0.267104
vt 0.250000 0.337673
vt 0.267104 0.335988
vt 0.283551 0.330999
vt 0.232896 0.335988
vt 0.216449 0.330999
vt 0.201292 0.322897
vt 0.188006 0.311994
vt 0.177103 0.298708
vt 0.169001 0.283551
vt 0.164012 0.267104
vt 0.162327 0.250000
vt 0.164012 0.232896
vt 0.169001 0.216449
vt 0.177103 0.201292
vt 0.188006 0.188006
vt 0.201292 0.177103
vt 0.216449 0.169001
vt 0.232896 0.164012
vt 0.250000 0.162327
vt 0.267104 0.164012
vt 0.283551 0.169001
vt 0.298708 0.177103
vt 0.311994 0.188006
vt 0.322897 0.201292
vt 0.330999 0.216449
vt 0.335988 0.232896
vt 0.330999 0.283551
vt 0.322897 0.298708
vt 0.311994 0.311994
vt 0.298708 0.322897
vt 0.969181 0.513676
vt 0.999569 0.513676
vt 0.970433 0.508159
vt 0.998317 0.508159
vt 0.972383 0.500000
vt 0.996367 0.500000
vt 0.755443 0.489464
vt 0.791379 0.485924
vt 0.778574 0.393653
vt 0.750000 0.396467
vt 0.770414 0.352627
vt 0.750000 0.354638
vt 0.937931 0.513676
vt 0.968319 0.513676
vt 0.939183 0.508159
vt 0.967067 0.508159
vt 0.941133 0.500000
vt 0.965117 0.500000
vt 0.802055 0.483801
vt 0.836610 0.473319
vt 0.806051 0.385318
vt 0.790043 0.346673
vt 0.906681 0.513676
vt 0.937069 0.513676
vt 0.907933 0.508159
vt 0.935817 0.508159
vt 0.909883 0.500000
vt 0.933867 0.500000
vt 0.846667 0.469153
vt 0.878513 0.452131
vt 0.831372 0.371783
vt 0.808133 0.337004
vt 0.875431 0.513676
vt 0.905819 0.513676
vt 0.876683 0.508159
vt 0.904567 0.508159
vt 0.878633 0.500000
vt 0.902617 0.500000
vt 0.887564 0.446083
vt 0.915478 0.423175
vt 0.853568 0.353568
vt 0.823990 0.323990
vt 0.844181 0.513676
vt 0.874569 0.513676
vt 0.845433 0.508159
vt 0.873317 0.508159
vt 0.847383 0.500000
vt 0.871367 0.500000
vt 0.923175 0.415478
vt 0.946083 0.387565
vt 0.871783 0.331373
vt 0.837003 0.308134
vt 0.812931 0.513677
vt 0.843319 0.513676
vt 0.814183 0.508159
vt 0.842067 0.508159
vt 0.816133 0.500000
vt 0.840117 0.500000
vt 0.952131 0.378513
vt 0.969153 0.346667
vt 0.885318 0.306051
vt 0.846673 0.290044
vt 0.781681 0.513676
vt 0.812069 0.513676
vt 0.782933 0.508159
vt 0.810817 0.508159
vt 0.784882 0.500000
vt 0.808868 0.500000
vt 0.973319 0.336611
vt 0.983801 0.302055
vt 0.893653 0.278574
vt 0.852628 0.270413
vt 0.750431 0.513676
vt 0.780819 0.513676
vt 0.751683 0.508159
vt 0.779567 0.508159
vt 0.753633 0.500000
vt 0.777617 0.500000
vt 0.985925 0.291379
vt 0.989464 0.255443
vt 0.896468 0.250000
vt 0.854638 0.250000
vt 0.719181 0.513677
vt 0.749569 0.513676
vt 0.720433 0.508159
vt 0.748317 0.508159
vt 0.722383 0.500000
vt 0.746367 0.500000
vt 0.989464 0.244557
vt 0.985925 0.208622
vt 0.893653 0.221426
vt 0.852628 0.229587
vt 0.687931 0.513677
vt 0.718319 0.513676
vt 0.689183 0.508159
vt 0.717067 0.508159
vt 0.691132 0.500000
vt 0.715118 0.500000
vt 0.983801 0.197945
vt 0.973319 0.163389
vt 0.885317 0.193949
vt 0.846673 0.209957
vt 0.656681 0.513676
vt 0.687069 0.513677
vt 0.657933 0.508159
vt 0.685817 0.508159
vt 0.659883 0.500000
vt 0.683867 0.500000
vt 0.969153 0.153333
vt 0.952131 0.121487
vt 0.871783 0.168627
vt 0.837003 0.191866
vt 0.625431 0.513676
vt 0.655819 0.513677
vt 0.626683 0.508159
vt 0.654567 0.508159
vt 0.628633 0.500000
vt 0.652617 0.500000
vt 0.946083 0.112435
vt 0.923175 0.084522
vt 0.853568 0.146432
vt 0.823991 0.176010
vt 0.594181 0.513676
vt 0.624569 0.513676
vt 0.595433 0.508159
vt 0.623317 0.508159
vt 0.597383 0.500000
vt 0.621367 0.500000
vt 0.915478 0.076825
vt 0.887564 0.053917
vt 0.831372 0.128217
vt 0.808133 0.162997
vt 0.562931 0.513677
vt 0.593319 0.513676
vt 0.564183 0.508159
vt 0.592067 0.508159
vt 0.566133 0.500000
vt 0.590117 0.500000
vt 0.878513 0.047869
vt 0.846667 0.030847
vt 0.806051 0.114682
vt 0.790043 0.153327
vt 0.531681 0.513677
vt 0.562069 0.513676
vt 0.532933 0.508159
vt 0.560817 0.508159
vt 0.534883 0.500000
vt 0.558867 0.500000
vt 0.836610 0.026681
vt 0.802055 0.016199
vt 0.778574 0.106347
vt 0.770414 0.147373
vt 0.500431 0.513677
vt 0.530819 0.513677
vt 0.501683 0.508159
vt 0.529567 0.508159
vt 0.503633 0.500000
vt 0.527617 0.500000
vt 0.791379 0.014075
vt 0.755443 0.010536
vt 0.750000 0.103533
vt 0.750000 0.145362
vt 0.469182 0.513677
vt 0.499569 0.513677
vt 0.470433 0.508159
vt 0.498317 0.508159
vt 0.472383 0.500000
vt 0.496367 0.500000
vt 0.744557 0.010536
vt 0.708621 0.014075
vt 0.721426 0.106347
vt 0.729586 0.147373
vt 0.437932 0.513677
vt 0.468319 0.513677
vt 0.439183 0.508159
vt 0.467067 0.508159
vt 0.441133 0.500000
vt 0.465117 0.500000
vt 0.697945 0.016199
vt 0.663390 0.026681
vt 0.693949 0.114682
vt 0.709957 0.153327
vt 0.406681 0.513677
vt 0.437069 0.513676
vt 0.407933 0.508159
vt 0.435817 0.508159
vt 0.409883 0.500000
vt 0.433867 0.500000
vt 0.653333 0.030847
vt 0.621487 0.047869
vt 0.668628 0.128217
vt 0.691867 0.162997
vt 0.375431 0.513677
vt 0.405818 0.513677
vt 0.376683 0.508159
vt 0.404567 0.508159
vt 0.378633 0.500000
vt 0.402617 0.500000
vt 0.612436 0.053917
vt 0.584522 0.076825
vt 0.646432 0.146432
vt 0.676009 0.176010
vt 0.344181 0.513676
vt 0.374569 0.513676
vt 0.345433 0.508159
vt 0.373317 0.508159
vt 0.347383 0.500000
vt 0.371367 0.500000
vt 0.576825 0.084522
vt 0.553917 0.112435
vt 0.628217 0.168627
vt 0.662997 0.191866
vt 0.312931 0.513676
vt 0.343319 0.513676
vt 0.314183 0.508159
vt 0.342067 0.508159
vt 0.316133 0.500000
vt 0.340117 0.500000
vt 0.547869 0.121487
vt 0.530847 0.153333
vt 0.614682 0.193949
vt 0.653327 0.209957
vt 0.281681 0.513676
vt 0.312069 0.513676
vt 0.282933 0.508159
vt 0.310817 0.508159
vt 0.284882 0.500000
vt 0.308867 0.500000
vt 0.526681 0.163389
vt 0.516199 0.197945
vt 0.606347 0.221426
vt 0.647372 0.229587
vt 0.250431 0.513676
vt 0.280819 0.513676
vt 0.251683 0.508159
vt 0.279567 0.508159
vt 0.253633 0.500000
vt 0.277617 0.500000
vt 0.514075 0.208622
vt 0.510536 0.244557
vt 0.603533 0.250000
vt 0.645362 0.250000
vt 0.219181 0.513677
vt 0.249569 0.513676
vt 0.220433 0.508159
vt 0.248317 0.508159
vt 0.222383 0.500000
vt 0.246367 0.500000
vt 0.510536 0.255443
vt 0.514075 0.291378
vt 0.606347 0.278574
vt 0.647372 0.270413
vt 0.187931 0.513676
vt 0.218319 0.513676
vt 0.189183 0.508159
vt 0.217067 0.508159
vt 0.191133 0.500000
vt 0.215117 0.500000
vt 0.516199 0.302055
vt 0.526681 0.336611
vt 0.614682 0.306051
vt 0.653327 0.290044
vt 0.156681 0.513676
vt 0.187069 0.513677
vt 0.157933 0.508159
vt 0.185817 0.508159
vt 0.159883 0.500000
vt 0.183867 0.500000
vt 0.530847 0.346667
vt 0.547869 0.378513
vt 0.628217 0.331373
vt 0.662997 0.308134
vt 0.125431 0.513676
vt 0.155819 0.513676
vt 0.126683 0.508159
vt 0.154567 0.508159
vt 0.128633 0.500000
vt 0.152617 0.500000
vt 0.553917 0.387565
vt 0.576825 0.415478
vt 0.646432 0.353568
vt 0.676009 0.323990
vt 0.094181 0.513676
vt 0.124569 0.513676
vt 0.095433 0.508159
vt 0.123317 0.508159
vt 0.097382 0.500000
vt 0.121367 0.500000
vt 0.584522 0.423175
vt 0.612436 0.446083
vt 0.668628 0.371783
vt 0.691867 0.337004
vt 0.062931 0.513677
vt 0.093319 0.513676
vt 0.064183 0.508159
vt 0.092067 0.508159
vt 0.066133 0.500000
vt 0.090117 0.500000
vt 0.621487 0.452131
vt 0.653333 0.469153
vt 0.693949 0.385318
vt 0.709957 0.346673
vt 0.031681 0.513676
vt 0.062069 0.513676
vt 0.032933 0.508159
vt 0.060817 0.508159
vt 0.034883 0.500000
vt 0.058867 0.500000
vt 0.663390 0.473319
vt 0.697944 0.483801
vt 0.721425 0.393653
vt 0.729586 0.352627
vt 0.000431 0.513677
vt 0.030819 0.513676
vt 0.001683 0.508159
vt 0.029567 0.508159
vt 0.003633 0.500000
vt 0.027617 0.500000
vt 0.708621 0.485924
vt 0.744557 0.489464
s 1
f 6288/1594/2374 5780/1595/2375 5749/1596/2376 6102/1597/2377
f 6114/1598/2378 5751/1599/2379 5752/1600/2380 6120/1601/2381
f 6120/1601/2381 5752/1600/2380 5753/1602/2382 6126/1603/2383
f 6126/1603/2383 5753/1602/2382 5754/1604/2384 6132/1605/2385
f 6132/1605/2385 5754/1604/2384 5755/1606/2386 6138/1607/2387
f 6138/1607/2387 5755/1606/2386 5756/1608/2388 6144/1609/2389
f 6144/1609/2389 5756/1608/2388 5757/1610/2390 6150/1611/2391
f 6150/1612/2391 5757/1610/2390 5758/1613/2392 6156/1614/2393
f 6156/1614/2393 5758/1613/2392 5759/1615/2394 6162/1616/2395
f 6162/1616/2395 5759/1615/2394 5760/1617/2396 6168/1618/2397
f 6168/1619/2397 5760/1617/2396 5761/1620/2398 6174/1621/2399
f 6174/1621/2399 5761/1620/2398 5762/1622/2400 6180/1623/2401
f 6180/1623/2401 5762/1622/2400 5763/1624/2402 6186/1625/2403
f 6186/1626/2403 5763/1624/2402 5764/1627/2404 6192/1628/2405
f 6192/1628/2405 5764/1627/2404 5765/1629/2406 6198/1630/2407
f 6198/1630/2407 5765/1629/2406 5766/1631/2408 6204/1632/2409
f 6204/1632/2409 5766/1631/2408 5767/1633/2410 6210/1634/2411
f 6210/1634/2411 5767/1633/2410 5768/1635/2412 6216/1636/2413
f 6216/1636/2413 5768/1635/2412 5769/1637/2414 6222/1638/2415
f 6222/1639/2415 5769/1637/2414 5770/1640/2416 6228/1641/2417
f 6228/1641/2417 5770/1640/2416 5771/1642/2418 6234/1643/2419
f 6234/1643/2419 5771/1642/2418 5772/1644/2420 6240/1645/2421
f 6240/1646/2421 5772/1644/2420 5773/1647/2422 6246/1648/2423
f 6246/1648/2423 5773/1647/2422 5774/1649/2424 6252/1650/2425
f 6252/1650/2425 5774/1649/2424 5775/1651/2426 6258/1652/2427
f 6258/1653/2427 5775/1651/2426 5776/1654/2428 6264/1655/2429
f 6264/1655/2429 5776/1654/2428 5777/1656/2430 6270/1657/2431
f 6270/1657/2431 5777/1656/2430 5778/1658/2432 6276/1659/2433
f 6276/1660/2433 5778/1658/2432 5779/1661/2434 6282/1662/2435
f 6282/1662/2435 5779/1661/2434 5780/1595/2375 6288/1594/2374
f 5755/1606/2386 5754/1604/2384 5786/1604/2436 5787/1606/2437
f 6108/1663/2438 5750/1664/2439 5751/1599/2379 6114/1598/2378
f 6102/1665/2377 5749/1666/2376 5750/1664/2439 6108/1667/2438
f 5783/1599/2440 5781/1664/2441 5813/1664/2442 5815/1599/2443
f 5764/1627/2404 5763/1624/2402 5795/1624/2444 5796/1627/2445
f 5773/1647/2422 5772/1644/2420 5804/1644/2446 5805/1647/2447
f 5751/1599/2379 5750/1664/2439 5781/1664/2441 5783/1599/2440
f 5760/1617/2396 5759/1615/2394 5791/1615/2448 5792/1617/2449
f 5769/1637/2414 5768/1635/2412 5800/1635/2450 5801/1637/2451
f 5778/1658/2432 5777/1656/2430 5809/1656/2452 5810/1658/2453
f 5756/1608/2388 5755/1606/2386 5787/1606/2437 5788/1608/2454
f 5765/1629/2406 5764/1627/2404 5796/1627/2445 5797/1629/2455
f 5774/1649/2424 5773/1647/2422 5805/1647/2447 5806/1649/2456
f 5752/1600/2380 5751/1599/2379 5783/1599/2440 5784/1600/2457
f 5761/1620/2398 5760/1617/2396 5792/1617/2449 5793/1620/2458
f 5770/1640/2416 5769/1637/2414 5801/1637/2451 5802/1640/2459
f 5779/1661/2434 5778/1658/2432 5810/1658/2453 5811/1661/2460
f 5757/1610/2390 5756/1608/2388 5788/1608/2454 5789/1610/2461
f 5766/1631/2408 5765/1629/2406 5797/1629/2455 5798/1631/2462
f 5775/1651/2426 5774/1649/2424 5806/1649/2456 5807/1651/2463
f 5753/1602/2382 5752/1600/2380 5784/1600/2457 5785/1602/2464
f 5762/1622/2400 5761/1620/2398 5793/1620/2458 5794/1622/2465
f 5771/1642/2418 5770/1640/2416 5802/1640/2459 5803/1642/2466
f 5780/1595/2375 5779/1661/2434 5811/1661/2460 5812/1595/2467
f 5758/1613/2392 5757/1610/2390 5789/1610/2461 5790/1613/2468
f 5767/1633/2410 5766/1631/2408 5798/1631/2462 5799/1633/2469
f 5776/1654/2428 5775/1651/2426 5807/1651/2463 5808/1654/2470
f 5754/1604/2384 5753/1602/2382 5785/1602/2464 5786/1604/2436
f 5763/1624/2402 5762/1622/2400 5794/1622/2465 5795/1624/2444
f 5772/1644/2420 5771/1642/2418 5803/1642/2466 5804/1644/2446
f 5750/1664/2439 5749/1666/2376 5782/1666/2471 5781/1664/2441
f 5749/1596/2376 5780/1595/2375 5812/1595/2467 5782/1596/2471
f 5759/1615/2394 5758/1613/2392 5790/1613/2468 5791/1615/2448
f 5768/1635/2412 5767/1633/2410 5799/1633/2469 5800/1635/2450
f 5777/1656/2430 5776/1654/2428 5808/1654/2470 5809/1656/2452
f 5892/1668/2472 5891/1669/2472 5955/1669/2472 5956/1668/2472
f 5810/1658/2453 5809/1656/2452 5841/1656/2473 5842/1658/2474
f 5797/1629/2455 5796/1627/2445 5828/1627/2475 5829/1629/2476
f 5784/1600/2457 5783/1599/2440 5815/1599/2443 5816/1600/2477
f 5811/1661/2460 5810/1658/2453 5842/1658/2474 5843/1661/2478
f 5798/1631/2462 5797/1629/2455 5829/1629/2476 5830/1631/2479
f 5785/1602/2464 5784/1600/2457 5816/1600/2477 5817/1602/2480
f 5812/1595/2467 5811/1661/2460 5843/1661/2478 5844/1595/2481
f 5799/1633/2469 5798/1631/2462 5830/1631/2479 5831/1633/2482
f 5786/1604/2436 5785/1602/2464 5817/1602/2480 5818/1604/2483
f 5782/1596/2471 5812/1595/2467 5844/1595/2481 5814/1596/2484
f 5800/1635/2450 5799/1633/2469 5831/1633/2482 5832/1635/2485
f 5787/1606/2437 5786/1604/2436 5818/1604/2483 5819/1606/2486
f 5801/1637/2451 5800/1635/2450 5832/1635/2485 5833/1637/2487
f 5788/1608/2454 5787/1606/2437 5819/1606/2486 5820/1608/2488
f 5802/1640/2459 5801/1637/2451 5833/1637/2487 5834/1640/2489
f 5789/1610/2461 5788/1608/2454 5820/1608/2488 5821/1610/2490
f 5803/1642/2466 5802/1640/2459 5834/1640/2489 5835/1642/2491
f 5790/1613/2468 5789/1610/2461 5821/1610/2490 5822/1613/2492
f 5804/1644/2446 5803/1642/2466 5835/1642/2491 5836/1644/2493
f 5791/1615/2448 5790/1613/2468 5822/1613/2492 5823/1615/2494
f 5805/1647/2447 5804/1644/2446 5836/1644/2493 5837/1647/2495
f 5792/1617/2449 5791/1615/2448 5823/1615/2494 5824/1617/2496
f 5806/1649/2456 5805/1647/2447 5837/1647/2495 5838/1649/2497
f 5793/1620/2458 5792/1617/2449 5824/1617/2496 5825/1620/2498
f 5807/1651/2463 5806/1649/2456 5838/1649/2497 5839/1651/2499
f 5794/1622/2465 5793/1620/2458 5825/1620/2498 5826/1622/2500
f 5808/1654/2470 5807/1651/2463 5839/1651/2499 5840/1654/2501
f 5795/1624/2444 5794/1622/2465 5826/1622/2500 5827/1624/2502
f 5781/1664/2441 5782/1666/2471 5814/1666/2484 5813/1664/2442
f 5809/1656/2452 5808/1654/2470 5840/1654/2501 5841/1656/2473
f 5796/1627/2445 5795/1624/2444 5827/1624/2502 5828/1627/2475
f 5813/1670/2472 5814/1671/2472 5846/1672/2472 5845/1673/2472
f 5814/1671/2472 5844/1674/2472 5847/1675/2472 5846/1672/2472
f 5844/1674/2472 5843/1676/2472 5848/1677/2472 5847/1675/2472
f 5843/1676/2472 5842/1678/2472 5849/1679/2472 5848/1677/2472
f 5842/1678/2472 5841/1680/2472 5850/1681/2472 5849/1679/2472
f 5841/1680/2472 5840/1682/2472 5851/1683/2472 5850/1681/2472
f 5840/1682/2472 5839/1684/2472 5852/1685/2472 5851/1683/2472
f 5839/1684/2472 5838/1686/2472 5853/1687/2472 5852/1685/2472
f 5838/1686/2472 5837/1688/2472 5854/1689/2472 5853/1687/2472
f 5837/1688/2472 5836/1690/2472 5855/1691/2472 5854/1689/2472
f 5836/1690/2472 5835/1692/2472 5856/1693/2472 5855/1691/2472
f 5835/1692/2472 5834/1694/2472 5857/1695/2472 5856/1693/2472
f 5834/1694/2472 5833/1696/2472 5858/1669/2472 5857/1695/2472
f 5833/1696/2472 5832/1697/2472 5859/1668/2472 5858/1669/2472
f 5832/1697/2472 5831/1698/2472 5860/1699/2472 5859/1668/2472
f 5831/1698/2472 5830/1700/2472 5861/1701/2472 5860/1699/2472
f 5830/1700/2472 5829/1702/2472 5862/1703/2472 5861/1701/2472
f 5829/1702/2472 5828/1704/2472 5863/1705/2472 5862/1703/2472
f 5828/1704/2472 5827/1706/2472 5864/1707/2472 5863/1705/2472
f 5827/1706/2472 5826/1708/2472 5865/1709/2472 5864/1707/2472
f 5826/1708/2472 5825/1710/2472 5866/1711/2472 5865/1709/2472
f 5825/1710/2472 5824/1712/2472 5867/1713/2472 5866/1711/2472
f 5824/1712/2472 5823/1714/2472 5868/1715/2472 5867/1713/2472
f 5823/1714/2472 5822/1716/2472 5869/1717/2472 5868/1715/2472
f 5822/1716/2472 5821/1718/2472 5870/1719/2472 5869/1717/2472
f 5821/1718/2472 5820/1720/2472 5871/1721/2472 5870/1719/2472
f 5820/1720/2472 5819/1722/2472 5872/1723/2472 5871/1721/2472
f 5819/1722/2472 5818/1724/2472 5873/1725/2472 5872/1723/2472
f 5818/1724/2472 5817/1726/2472 5874/1727/2472 5873/1725/2472
f 5817/1726/2472 5816/1728/2472 5875/1729/2472 5874/1727/2472
f 5816/1728/2472 5815/1730/2472 5876/1731/2472 5875/1729/2472
f 5815/1730/2472 5813/1670/2472 5845/1673/2472 5876/1731/2472
f 5901/1715/2499 5902/1717/2497 6062/1717/2497 6061/1715/2499
f 5918/1732/2503 5920/1733/2503 5982/1733/2503 5980/1732/2503
f 5891/1669/2472 5890/1695/2472 5954/1695/2472 5955/1669/2472
f 5919/1693/2503 5921/1695/2503 5983/1695/2503 5981/1693/2503
f 5890/1695/2472 5889/1693/2472 5953/1693/2472 5954/1695/2472
f 5920/1733/2503 5922/1734/2503 5984/1734/2503 5982/1733/2503
f 5889/1693/2472 5888/1691/2472 5952/1691/2472 5953/1693/2472
f 5921/1695/2503 5923/1669/2503 5985/1669/2503 5983/1695/2503
f 5888/1691/2472 5887/1689/2472 5951/1689/2472 5952/1691/2472
f 5925/1735/2503 5924/1736/2503 5986/1736/2503 6003/1735/2503
f 5887/1689/2472 5886/1687/2472 5950/1687/2472 5951/1689/2472
f 5922/1734/2503 5926/1737/2503 5987/1737/2503 5984/1734/2503
f 5886/1687/2472 5885/1685/2472 5949/1685/2472 5950/1687/2472
f 5923/1669/2503 5927/1738/2503 5988/1738/2503 5985/1669/2503
f 5885/1685/2472 5884/1683/2472 5948/1683/2472 5949/1685/2472
f 5928/1739/2503 5925/1735/2503 6003/1735/2503 6004/1739/2503
f 5884/1683/2472 5883/1681/2472 5947/1681/2472 5948/1683/2472
f 5926/1737/2503 5929/1725/2503 5989/1725/2503 5987/1737/2503
f 5883/1681/2472 5882/1679/2472 5946/1679/2472 5947/1681/2472
f 5879/1731/2472 5908/1729/2472 5972/1729/2472 5943/1731/2472
f 5927/1738/2503 5930/1699/2503 5990/1699/2503 5988/1738/2503
f 5882/1679/2472 5881/1677/2472 5945/1677/2472 5946/1679/2472
f 5908/1729/2472 5907/1727/2472 5971/1727/2472 5972/1729/2472
f 5924/1736/2503 5931/1675/2503 5991/1675/2503 5986/1736/2503
f 5881/1677/2472 5880/1675/2472 5944/1675/2472 5945/1677/2472
f 5907/1727/2472 5906/1725/2472 5970/1725/2472 5971/1727/2472
f 5929/1725/2503 5932/1740/2503 5992/1740/2503 5989/1725/2503
f 5880/1675/2472 5878/1672/2472 5942/1672/2472 5944/1675/2472
f 5906/1725/2472 5905/1723/2472 5969/1723/2472 5970/1725/2472
f 5930/1699/2503 5933/1741/2503 5993/1741/2503 5990/1699/2503
f 5877/1673/2472 5879/1731/2472 5943/1731/2472 5941/1673/2472
f 5905/1723/2472 5904/1721/2472 5968/1721/2472 5969/1723/2472
f 5864/1707/2502 5865/1709/2500 5912/1742/2500 5940/1743/2502
f 5850/1681/2473 5851/1683/2501 5910/1744/2501 5939/1745/2473
f 5863/1705/2475 5864/1707/2502 5940/1743/2502 5938/1746/2475
f 5849/1679/2474 5850/1681/2473 5939/1745/2473 5937/1679/2474
f 5862/1703/2476 5863/1705/2475 5938/1746/2475 5936/1747/2476
f 5875/1729/2477 5876/1731/2443 5928/1739/2443 5935/1729/2477
f 5848/1677/2478 5849/1679/2474 5937/1679/2474 5934/1677/2478
f 5861/1701/2479 5862/1703/2476 5936/1747/2476 5933/1741/2479
f 5874/1727/2480 5875/1729/2477 5935/1729/2477 5932/1740/2480
f 5847/1675/2481 5848/1677/2478 5934/1677/2478 5931/1675/2481
f 5860/1699/2482 5861/1701/2479 5933/1741/2479 5930/1699/2482
f 5873/1725/2483 5874/1727/2480 5932/1740/2480 5929/1725/2483
f 5846/1672/2484 5847/1675/2481 5931/1675/2481 5924/1736/2484
f 5859/1668/2485 5860/1699/2482 5930/1699/2482 5927/1738/2485
f 5872/1723/2486 5873/1725/2483 5929/1725/2483 5926/1737/2486
f 5876/1731/2443 5845/1673/2442 5925/1735/2442 5928/1739/2443
f 5858/1669/2487 5859/1668/2485 5927/1738/2485 5923/1669/2487
f 5871/1721/2488 5872/1723/2486 5926/1737/2486 5922/1734/2488
f 5845/1673/2442 5846/1672/2484 5924/1736/2484 5925/1735/2442
f 5857/1695/2489 5858/1669/2487 5923/1669/2487 5921/1695/2489
f 5870/1719/2490 5871/1721/2488 5922/1734/2488 5920/1733/2490
f 5856/1693/2491 5857/1695/2489 5921/1695/2489 5919/1693/2491
f 5869/1717/2492 5870/1719/2490 5920/1733/2490 5918/1732/2492
f 5855/1691/2493 5856/1693/2491 5919/1693/2491 5917/1691/2493
f 5868/1715/2494 5869/1717/2492 5918/1732/2492 5916/1748/2494
f 5854/1689/2495 5855/1691/2493 5917/1691/2493 5915/1749/2495
f 5867/1713/2496 5868/1715/2494 5916/1748/2494 5914/1713/2496
f 5853/1687/2497 5854/1689/2495 5915/1749/2495 5913/1750/2497
f 5866/1711/2498 5867/1713/2496 5914/1713/2496 5911/1751/2498
f 5852/1685/2499 5853/1687/2497 5913/1750/2497 5909/1685/2499
f 5865/1709/2500 5866/1711/2498 5911/1751/2498 5912/1742/2500
f 5851/1683/2501 5852/1685/2499 5909/1685/2499 5910/1744/2501
f 6001/1744/2501 5973/1685/2499 5949/1685/2499 5948/1683/2501
f 6002/1742/2500 5974/1751/2498 5963/1711/2498 5962/1709/2500
f 5973/1685/2499 5975/1750/2497 5950/1687/2497 5949/1685/2499
f 5974/1751/2498 5976/1713/2496 5964/1713/2496 5963/1711/2498
f 5975/1750/2497 5977/1749/2495 5951/1689/2495 5950/1687/2497
f 5976/1713/2496 5978/1748/2494 5965/1715/2494 5964/1713/2496
f 5977/1749/2495 5979/1691/2493 5952/1691/2493 5951/1689/2495
f 5978/1748/2494 5980/1732/2492 5966/1717/2492 5965/1715/2494
f 5979/1691/2493 5981/1693/2491 5953/1693/2491 5952/1691/2493
f 5980/1732/2492 5982/1733/2490 5967/1719/2490 5966/1717/2492
f 5981/1693/2491 5983/1695/2489 5954/1695/2489 5953/1693/2491
f 5982/1733/2490 5984/1734/2488 5968/1721/2488 5967/1719/2490
f 5983/1695/2489 5985/1669/2487 5955/1669/2487 5954/1695/2489
f 6003/1735/2442 5986/1736/2484 5942/1672/2484 5941/1673/2442
f 5984/1734/2488 5987/1737/2486 5969/1723/2486 5968/1721/2488
f 5985/1669/2487 5988/1738/2485 5956/1668/2485 5955/1669/2487
f 6004/1739/2443 6003/1735/2442 5941/1673/2442 5943/1731/2443
f 5987/1737/2486 5989/1725/2483 5970/1725/2483 5969/1723/2486
f 5988/1738/2485 5990/1699/2482 5957/1699/2482 5956/1668/2485
f 5986/1736/2484 5991/1675/2481 5944/1675/2481 5942/1672/2484
f 5989/1725/2483 5992/1740/2480 5971/1727/2480 5970/1725/2483
f 5990/1699/2482 5993/1741/2479 5958/1701/2479 5957/1699/2482
f 5991/1675/2481 5994/1677/2478 5945/1677/2478 5944/1675/2481
f 5992/1740/2480 5995/1729/2477 5972/1729/2477 5971/1727/2480
f 5993/1741/2479 5996/1747/2476 5959/1703/2476 5958/1701/2479
f 5994/1677/2478 5997/1679/2474 5946/1679/2474 5945/1677/2478
f 5995/1729/2477 6004/1739/2443 5943/1731/2443 5972/1729/2477
f 5996/1747/2476 5998/1746/2475 5960/1705/2475 5959/1703/2476
f 5997/1679/2474 5999/1745/2473 5947/1681/2473 5946/1679/2474
f 5998/1746/2475 6000/1743/2502 5961/1707/2502 5960/1705/2475
f 5999/1745/2473 6001/1744/2501 5948/1683/2501 5947/1681/2473
f 6000/1743/2502 6002/1742/2500 5962/1709/2500 5961/1707/2502
f 5917/1691/2503 5919/1693/2503 5981/1693/2503 5979/1691/2503
f 5893/1699/2472 5892/1668/2472 5956/1668/2472 5957/1699/2472
f 5916/1748/2503 5918/1732/2503 5980/1732/2503 5978/1748/2503
f 5894/1701/2472 5893/1699/2472 5957/1699/2472 5958/1701/2472
f 5915/1749/2503 5917/1691/2503 5979/1691/2503 5977/1749/2503
f 5895/1703/2472 5894/1701/2472 5958/1701/2472 5959/1703/2472
f 5914/1713/2503 5916/1748/2503 5978/1748/2503 5976/1713/2503
f 5940/1743/2503 5912/1742/2503 6002/1742/2503 6000/1743/2503
f 5896/1705/2472 5895/1703/2472 5959/1703/2472 5960/1705/2472
f 5913/1750/2503 5915/1749/2503 5977/1749/2503 5975/1750/2503
f 5939/1745/2503 5910/1744/2503 6001/1744/2503 5999/1745/2503
f 5897/1707/2472 5896/1705/2472 5960/1705/2472 5961/1707/2472
f 5911/1751/2503 5914/1713/2503 5976/1713/2503 5974/1751/2503
f 5938/1746/2503 5940/1743/2503 6000/1743/2503 5998/1746/2503
f 5898/1709/2472 5897/1707/2472 5961/1707/2472 5962/1709/2472
f 5909/1685/2503 5913/1750/2503 5975/1750/2503 5973/1685/2503
f 5937/1679/2503 5939/1745/2503 5999/1745/2503 5997/1679/2503
f 5899/1711/2472 5898/1709/2472 5962/1709/2472 5963/1711/2472
f 5912/1742/2503 5911/1751/2503 5974/1751/2503 6002/1742/2503
f 5936/1747/2503 5938/1746/2503 5998/1746/2503 5996/1747/2503
f 5900/1713/2472 5899/1711/2472 5963/1711/2472 5964/1713/2472
f 5910/1744/2503 5909/1685/2503 5973/1685/2503 6001/1744/2503
f 5935/1729/2503 5928/1739/2503 6004/1739/2503 5995/1729/2503
f 5901/1715/2472 5900/1713/2472 5964/1713/2472 5965/1715/2472
f 5934/1677/2503 5937/1679/2503 5997/1679/2503 5994/1677/2503
f 5902/1717/2472 5901/1715/2472 5965/1715/2472 5966/1717/2472
f 5933/1741/2503 5936/1747/2503 5996/1747/2503 5993/1741/2503
f 5903/1719/2472 5902/1717/2472 5966/1717/2472 5967/1719/2472
f 5932/1740/2503 5935/1729/2503 5995/1729/2503 5992/1740/2503
f 5904/1721/2472 5903/1719/2472 5967/1719/2472 5968/1721/2472
f 5878/1672/2472 5877/1673/2472 5941/1673/2472 5942/1672/2472
f 5931/1675/2503 5934/1677/2503 5994/1677/2503 5991/1675/2503
f 6031/1752/2495 6032/1753/2493 6096/1753/2493 6095/1752/2495
f 5888/1691/2488 5889/1693/2486 6049/1693/2486 6048/1691/2488
f 5902/1717/2497 5903/1719/2495 6063/1719/2495 6062/1717/2497
f 5889/1693/2486 5890/1695/2483 6050/1695/2483 6049/1693/2486
f 5903/1719/2495 5904/1721/2493 6064/1721/2493 6063/1719/2495
f 5890/1695/2483 5891/1669/2480 6051/1669/2480 6050/1695/2483
f 5877/1673/2479 5878/1672/2476 6038/1672/2476 6037/1673/2479
f 5904/1721/2493 5905/1723/2491 6065/1723/2491 6064/1721/2493
f 5891/1669/2480 5892/1668/2477 6052/1668/2477 6051/1669/2480
f 5879/1731/2482 5877/1673/2479 6037/1673/2479 6039/1731/2482
f 5905/1723/2491 5906/1725/2489 6066/1725/2489 6065/1723/2491
f 5892/1668/2477 5893/1699/2443 6053/1699/2443 6052/1668/2477
f 5878/1672/2476 5880/1675/2475 6040/1675/2475 6038/1672/2476
f 5906/1725/2489 5907/1727/2487 6067/1727/2487 6066/1725/2489
f 5893/1699/2443 5894/1701/2442 6054/1701/2442 6053/1699/2443
f 5880/1675/2475 5881/1677/2502 6041/1677/2502 6040/1675/2475
f 5907/1727/2487 5908/1729/2485 6068/1729/2485 6067/1727/2487
f 5894/1701/2442 5895/1703/2484 6055/1703/2484 6054/1701/2442
f 5881/1677/2502 5882/1679/2500 6042/1679/2500 6041/1677/2502
f 5908/1729/2485 5879/1731/2482 6039/1731/2482 6068/1729/2485
f 5895/1703/2484 5896/1705/2481 6056/1705/2481 6055/1703/2484
f 5882/1679/2500 5883/1681/2498 6043/1681/2498 6042/1679/2500
f 5896/1705/2481 5897/1707/2478 6057/1707/2478 6056/1705/2481
f 5883/1681/2498 5884/1683/2496 6044/1683/2496 6043/1681/2498
f 5897/1707/2478 5898/1709/2474 6058/1709/2474 6057/1707/2478
f 5884/1683/2496 5885/1685/2494 6045/1685/2494 6044/1683/2496
f 5898/1709/2474 5899/1711/2473 6059/1711/2473 6058/1709/2474
f 5885/1685/2494 5886/1687/2492 6046/1687/2492 6045/1685/2494
f 5899/1711/2473 5900/1713/2501 6060/1713/2501 6059/1711/2473
f 5886/1687/2492 5887/1689/2490 6047/1689/2490 6046/1687/2492
f 5900/1713/2501 5901/1715/2499 6061/1715/2499 6060/1713/2501
f 5887/1689/2490 5888/1691/2488 6048/1691/2488 6047/1689/2490
f 6006/1754/2472 6005/1755/2472 6037/1673/2472 6038/1672/2472
f 6005/1755/2472 6007/1756/2472 6039/1731/2472 6037/1673/2472
f 6008/1757/2472 6006/1754/2472 6038/1672/2472 6040/1675/2472
f 6009/1758/2472 6008/1757/2472 6040/1675/2472 6041/1677/2472
f 6010/1759/2472 6009/1758/2472 6041/1677/2472 6042/1679/2472
f 6011/1760/2472 6010/1759/2472 6042/1679/2472 6043/1681/2472
f 6012/1761/2472 6011/1760/2472 6043/1681/2472 6044/1683/2472
f 6013/1762/2472 6012/1761/2472 6044/1683/2472 6045/1685/2472
f 6014/1763/2472 6013/1762/2472 6045/1685/2472 6046/1687/2472
f 6015/1764/2472 6014/1763/2472 6046/1687/2472 6047/1689/2472
f 6016/1765/2472 6015/1764/2472 6047/1689/2472 6048/1691/2472
f 6017/1766/2472 6016/1765/2472 6048/1691/2472 6049/1693/2472
f 6018/1767/2472 6017/1766/2472 6049/1693/2472 6050/1695/2472
f 6019/1768/2472 6018/1767/2472 6050/1695/2472 6051/1669/2472
f 6020/1769/2472 6019/1768/2472 6051/1669/2472 6052/1668/2472
f 6021/1770/2472 6020/1769/2472 6052/1668/2472 6053/1699/2472
f 6022/1771/2472 6021/1770/2472 6053/1699/2472 6054/1701/2472
f 6023/1772/2472 6022/1771/2472 6054/1701/2472 6055/1703/2472
f 6024/1773/2472 6023/1772/2472 6055/1703/2472 6056/1705/2472
f 6025/1774/2472 6024/1773/2472 6056/1705/2472 6057/1707/2472
f 6026/1775/2472 6025/1774/2472 6057/1707/2472 6058/1709/2472
f 6027/1776/2472 6026/1775/2472 6058/1709/2472 6059/1711/2472
f 6028/1777/2472 6027/1776/2472 6059/1711/2472 6060/1713/2472
f 6029/1778/2472 6028/1777/2472 6060/1713/2472 6061/1715/2472
f 6030/1779/2472 6029/1778/2472 6061/1715/2472 6062/1717/2472
f 6031/1752/2472 6030/1779/2472 6062/1717/2472 6063/1719/2472
f 6032/1753/2472 6031/1752/2472 6063/1719/2472 6064/1721/2472
f 6033/1780/2472 6032/1753/2472 6064/1721/2472 6065/1723/2472
f 6034/1781/2472 6033/1780/2472 6065/1723/2472 6066/1725/2472
f 6035/1782/2472 6034/1781/2472 6066/1725/2472 6067/1727/2472
f 6036/1783/2472 6035/1782/2472 6067/1727/2472 6068/1729/2472
f 6007/1756/2472 6036/1783/2472 6068/1729/2472 6039/1731/2472
f 6069/1755/2472 6070/1754/2472 6072/1757/2472 6073/1758/2472 6074/1759/2472 6075/1760/2472 6076/1761/2472 6077/1762/2472 6078/1763/2472 6079/1764/2472 6080/1765/2472 6081/1766/2472 6082/1767/2472 6083/1768/2472 6084/1769/2472 6085/1770/2472 6086/1771/2472 6087/1772/2472 6088/1773/2472 6089/1774/2472 6090/1775/2472 6091/1776/2472 6092/1777/2472 6093/1778/2472 6094/1779/2472 6095/1752/2472 6096/1753/2472 6097/1780/2472 6098/1781/2472 6099/1782/2472 6100/1783/2472 6071/1756/2472
f 6018/1767/2483 6019/1768/2480 6083/1768/2480 6082/1767/2483
f 6005/1755/2479 6006/1754/2476 6070/1754/2476 6069/1755/2479
f 6032/1753/2493 6033/1780/2491 6097/1780/2491 6096/1753/2493
f 6019/1768/2480 6020/1769/2477 6084/1769/2477 6083/1768/2480
f 6007/1756/2482 6005/1755/2479 6069/1755/2479 6071/1756/2482
f 6033/1780/2491 6034/1781/2489 6098/1781/2489 6097/1780/2491
f 6020/1769/2477 6021/1770/2443 6085/1770/2443 6084/1769/2477
f 6006/1754/2476 6008/1757/2475 6072/1757/2475 6070/1754/2476
f 6034/1781/2489 6035/1782/2487 6099/1782/2487 6098/1781/2489
f 6021/1770/2443 6022/1771/2442 6086/1771/2442 6085/1770/2443
f 6008/1757/2475 6009/1758/2502 6073/1758/2502 6072/1757/2475
f 6035/1782/2487 6036/1783/2485 6100/1783/2485 6099/1782/2487
f 6022/1771/2442 6023/1772/2484 6087/1772/2484 6086/1771/2442
f 6009/1758/2502 6010/1759/2500 6074/1759/2500 6073/1758/2502
f 6036/1783/2485 6007/1756/2482 6071/1756/2482 6100/1783/2485
f 6023/1772/2484 6024/1773/2481 6088/1773/2481 6087/1772/2484
f 6010/1759/2500 6011/1760/2498 6075/1760/2498 6074/1759/2500
f 6024/1773/2481 6025/1774/2478 6089/1774/2478 6088/1773/2481
f 6011/1760/2498 6012/1761/2496 6076/1761/2496 6075/1760/2498
f 6025/1774/2478 6026/1775/2474 6090/1775/2474 6089/1774/2478
f 6012/1761/2496 6013/1762/2494 6077/1762/2494 6076/1761/2496
f 6026/1775/2474 6027/1776/2473 6091/1776/2473 6090/1775/2474
f 6013/1762/2494 6014/1763/2492 6078/1763/2492 6077/1762/2494
f 6027/1776/2473 6028/1777/2501 6092/1777/2501 6091/1776/2473
f 6014/1763/2492 6015/1764/2490 6079/1764/2490 6078/1763/2492
f 6028/1777/2501 6029/1778/2499 6093/1778/2499 6092/1777/2501
f 6015/1764/2490 6016/1765/2488 6080/1765/2488 6079/1764/2490
f 6029/1778/2499 6030/1779/2497 6094/1779/2497 6093/1778/2499
f 6016/1765/2488 6017/1766/2486 6081/1766/2486 6080/1765/2488
f 6030/1779/2497 6031/1752/2495 6095/1752/2495 6094/1779/2497
f 6017/1766/2486 6018/1767/2483 6082/1767/2483 6081/1766/2486
f 6102/1665/2377 6108/1667/2438 6112/1784/2504 6106/1785/2505
f 6106/1785/2505 6112/1784/2504 6111/1786/2506 6105/1787/2507
f 6105/1787/2507 6111/1786/2506 6110/1788/2508 6104/1789/2509
f 6104/1790/2509 6110/1791/2508 6109/1792/2510 6103/1793/2511
f 6103/1793/2511 6109/1792/2510 6107/1794/2512 6101/1795/2513
f 6108/1663/2438 6114/1598/2378 6118/1796/2514 6112/1797/2504
f 6112/1797/2504 6118/1796/2514 6117/1798/2515 6111/1799/2506
f 6111/1799/2506 6117/1798/2515 6116/1800/2516 6110/1801/2508
f 6110/1802/2508 6116/1803/2516 6115/1804/2517 6109/1792/2510
f 6109/1792/2510 6115/1804/2517 6113/1805/2518 6107/1794/2512
f 6114/1598/2378 6120/1601/2381 6124/1806/2519 6118/1807/2514
f 6118/1807/2514 6124/1806/2519 6123/1808/2520 6117/1809/2515
f 6117/1809/2515 6123/1808/2520 6122/1810/2521 6116/1811/2516
f 6116/1812/2516 6122/1813/2521 6121/1814/2522 6115/1804/2517
f 6115/1804/2517 6121/1814/2522 6119/1815/2523 6113/1805/2518
f 6120/1601/2381 6126/1603/2383 6130/1816/2524 6124/1817/2519
f 6124/1817/2519 6130/1816/2524 6129/1818/2525 6123/1819/2520
f 6123/1819/2520 6129/1818/2525 6128/1820/2526 6122/1821/2521
f 6122/1822/2521 6128/1823/2526 6127/1824/2527 6121/1814/2522
f 6121/1814/2522 6127/1824/2527 6125/1825/2528 6119/1815/2523
f 6126/1603/2383 6132/1605/2385 6136/1826/2529 6130/1827/2524
f 6130/1827/2524 6136/1826/2529 6135/1828/2530 6129/1829/2525
f 6129/1829/2525 6135/1828/2530 6134/1830/2531 6128/1831/2526
f 6128/1832/2526 6134/1833/2531 6133/1834/2532 6127/1824/2527
f 6127/1824/2527 6133/1834/2532 6131/1835/2533 6125/1825/2528
f 6132/1605/2385 6138/1607/2387 6142/1836/2534 6136/1837/2529
f 6136/1837/2529 6142/1836/2534 6141/1838/2535 6135/1839/2530
f 6135/1839/2530 6141/1838/2535 6140/1840/2536 6134/1841/2531
f 6134/1842/2531 6140/1843/2536 6139/1844/2537 6133/1834/2532
f 6133/1834/2532 6139/1844/2537 6137/1845/2538 6131/1835/2533
f 6138/1607/2387 6144/1609/2389 6148/1846/2539 6142/1847/2534
f 6142/1847/2534 6148/1846/2539 6147/1848/2540 6141/1849/2535
f 6141/1849/2535 6147/1848/2540 6146/1850/2541 6140/1851/2536
f 6140/1852/2536 6146/1853/2541 6145/1854/2542 6139/1844/2537
f 6139/1844/2537 6145/1854/2542 6143/1855/2543 6137/1845/2538
f 6144/1609/2389 6150/1611/2391 6154/1856/2544 6148/1857/2539
f 6148/1857/2539 6154/1856/2544 6153/1858/2545 6147/1859/2540
f 6147/1859/2540 6153/1858/2545 6152/1860/2546 6146/1861/2541
f 6146/1862/2541 6152/1863/2546 6151/1864/2547 6145/1854/2542
f 6145/1854/2542 6151/1864/2547 6149/1865/2548 6143/1855/2543
f 6150/1612/2391 6156/1614/2393 6160/1866/2549 6154/1867/2544
f 6154/1867/2544 6160/1866/2549 6159/1868/2550 6153/1869/2545
f 6153/1869/2545 6159/1868/2550 6158/1870/2551 6152/1871/2546
f 6152/1872/2546 6158/1873/2551 6157/1874/2552 6151/1864/2547
f 6151/1864/2547 6157/1874/2552 6155/1875/2553 6149/1865/2548
f 6156/1614/2393 6162/1616/2395 6166/1876/2554 6160/1877/2549
f 6160/1877/2549 6166/1876/2554 6165/1878/2555 6159/1879/2550
f 6159/1879/2550 6165/1878/2555 6164/1880/2556 6158/1881/2551
f 6158/1882/2551 6164/1883/2556 6163/1884/2557 6157/1874/2552
f 6157/1874/2552 6163/1884/2557 6161/1885/2558 6155/1875/2553
f 6162/1616/2395 6168/1618/2397 6172/1886/2559 6166/1887/2554
f 6166/1887/2554 6172/1886/2559 6171/1888/2560 6165/1889/2555
f 6165/1889/2555 6171/1888/2560 6170/1890/2561 6164/1891/2556
f 6164/1892/2556 6170/1893/2561 6169/1894/2562 6163/1884/2557
f 6163/1884/2557 6169/1894/2562 6167/1895/2563 6161/1885/2558
f 6168/1619/2397 6174/1621/2399 6178/1896/2564 6172/1897/2559
f 6172/1897/2559 6178/1896/2564 6177/1898/2565 6171/1899/2560
f 6171/1899/2560 6177/1898/2565 6176/1900/2566 6170/1901/2561
f 6170/1902/2561 6176/1903/2566 6175/1904/2567 6169/1894/2562
f 6169/1894/2562 6175/1904/2567 6173/1905/2568 6167/1895/2563
f 6174/1621/2399 6180/1623/2401 6184/1906/2569 6178/1907/2564
f 6178/1907/2564 6184/1906/2569 6183/1908/2570 6177/1909/2565
f 6177/1909/2565 6183/1908/2570 6182/1910/2571 6176/1911/2566
f 6176/1912/2566 6182/1913/2571 6181/1914/2572 6175/1904/2567
f 6175/1904/2567 6181/1914/2572 6179/1915/2573 6173/1905/2568
f 6180/1623/2401 6186/1625/2403 6190/1916/2574 6184/1917/2569
f 6184/1917/2569 6190/1916/2574 6189/1918/2575 6183/1919/2570
f 6183/1919/2570 6189/1918/2575 6188/1920/2576 6182/1921/2571
f 6182/1922/2571 6188/1923/2576 6187/1924/2577 6181/1914/2572
f 6181/1914/2572 6187/1924/2577 6185/1925/2578 6179/1915/2573
f 6186/1626/2403 6192/1628/2405 6196/1926/2579 6190/1927/2574
f 6190/1927/2574 6196/1926/2579 6195/1928/2580 6189/1929/2575
f 6189/1929/2575 6195/1928/2580 6194/1930/2581 6188/1931/2576
f 6188/1932/2576 6194/1933/2581 6193/1934/2582 6187/1924/2577
f 6187/1924/2577 6193/1934/2582 6191/1935/2583 6185/1925/2578
f 6192/1628/2405 6198/1630/2407 6202/1936/2584 6196/1937/2579
f 6196/1937/2579 6202/1936/2584 6201/1938/2585 6195/1939/2580
f 6195/1939/2580 6201/1938/2585 6200/1940/2586 6194/1941/2581
f 6194/1942/2581 6200/1943/2586 6199/1944/2587 6193/1934/2582
f 6193/1934/2582 6199/1944/2587 6197/1945/2588 6191/1935/2583
f 6198/1630/2407 6204/1632/2409 6208/1946/2589 6202/1947/2584
f 6202/1947/2584 6208/1946/2589 6207/1948/2590 6201/1949/2585
f 6201/1949/2585 6207/1948/2590 6206/1950/2591 6200/1951/2586
f 6200/1952/2586 6206/1953/2591 6205/1954/2592 6199/1944/2587
f 6199/1944/2587 6205/1954/2592 6203/1955/2593 6197/1945/2588
f 6204/1632/2409 6210/1634/2411 6214/1956/2594 6208/1957/2589
f 6208/1957/2589 6214/1956/2594 6213/1958/2595 6207/1959/2590
f 6207/1959/2590 6213/1958/2595 6212/1960/2596 6206/1961/2591
f 6206/1962/2591 6212/1963/2596 6211/1964/2597 6205/1954/2592
f 6205/1954/2592 6211/1964/2597 6209/1965/2598 6203/1955/2593
f 6210/1634/2411 6216/1636/2413 6220/1966/2599 6214/1967/2594
f 6214/1967/2594 6220/1966/2599 6219/1968/2600 6213/1969/2595
f 6213/1969/2595 6219/1968/2600 6218/1970/2601 6212/1971/2596
f 6212/1972/2596 6218/1973/2601 6217/1974/2602 6211/1964/2597
f 6211/1964/2597 6217/1974/2602 6215/1975/2603 6209/1965/2598
f 6216/1636/2413 6222/1638/2415 6226/1976/2604 6220/1977/2599
f 6220/1977/2599 6226/1976/2604 6225/1978/2605 6219/1979/2600
f 6219/1979/2600 6225/1978/2605 6224/1980/2606 6218/1981/2601
f 6218/1982/2601 6224/1983/2606 6223/1984/2607 6217/1974/2602
f 6217/1974/2602 6223/1984/2607 6221/1985/2608 6215/1975/2603
f 6222/1639/2415 6228/1641/2417 6232/1986/2609 6226/1987/2604
f 6226/1987/2604 6232/1986/2609 6231/1988/2610 6225/1989/2605
f 6225/1989/2605 6231/1988/2610 6230/1990/2611 6224/1991/2606
f 6224/1992/2606 6230/1993/2611 6229/1994/2612 6223/1984/2607
f 6223/1984/2607 6229/1994/2612 6227/1995/2613 6221/1985/2608
f 6228/1641/2417 6234/1643/2419 6238/1996/2614 6232/1997/2609
f 6232/1997/2609 6238/1996/2614 6237/1998/2615 6231/1999/2610
f 6231/1999/2610 6237/1998/2615 6236/2000/2616 6230/2001/2611
f 6230/2002/2611 6236/2003/2616 6235/2004/2617 6229/1994/2612
f 6229/1994/2612 6235/2004/2617 6233/2005/2618 6227/1995/2613
f 6234/1643/2419 6240/1645/2421 6244/2006/2619 6238/2007/2614
f 6238/2007/2614 6244/2006/2619 6243/2008/2620 6237/2009/2615
f 6237/2009/2615 6243/2008/2620 6242/2010/2621 6236/2011/2616
f 6236/2012/2616 6242/2013/2621 6241/2014/2622 6235/2004/2617
f 6235/2004/2617 6241/2014/2622 6239/2015/2623 6233/2005/2618
f 6240/1646/2421 6246/1648/2423 6250/2016/2624 6244/2017/2619
f 6244/2017/2619 6250/2016/2624 6249/2018/2625 6243/2019/2620
f 6243/2019/2620 6249/2018/2625 6248/2020/2626 6242/2021/2621
f 6242/2022/2621 6248/2023/2626 6247/2024/2627 6241/2014/2622
f 6241/2014/2622 6247/2024/2627 6245/2025/2628 6239/2015/2623
f 6246/1648/2423 6252/1650/2425 6256/2026/2629 6250/2027/2624
f 6250/2027/2624 6256/2026/2629 6255/2028/2630 6249/2029/2625
f 6249/2029/2625 6255/2028/2630 6254/2030/2631 6248/2031/2626
f 6248/2032/2626 6254/2033/2631 6253/2034/2632 6247/2024/2627
f 6247/2024/2627 6253/2034/2632 6251/2035/2633 6245/2025/2628
f 6252/1650/2425 6258/1652/2427 6262/2036/2634 6256/2037/2629
f 6256/2037/2629 6262/2036/2634 6261/2038/2635 6255/2039/2630
f 6255/2039/2630 6261/2038/2635 6260/2040/2636 6254/2041/2631
f 6254/2042/2631 6260/2043/2636 6259/2044/2637 6253/2034/2632
f 6253/2034/2632 6259/2044/2637 6257/2045/2638 6251/2035/2633
f 6258/1653/2427 6264/1655/2429 6268/2046/2639 6262/2047/2634
f 6262/2047/2634 6268/2046/2639 6267/2048/2640 6261/2049/2635
f 6261/2049/2635 6267/2048/2640 6266/2050/2641 6260/2051/2636
f 6260/2052/2636 6266/2053/2641 6265/2054/2642 6259/2044/2637
f 6259/2044/2637 6265/2054/2642 6263/2055/2643 6257/2045/2638
f 6264/1655/2429 6270/1657/2431 6274/2056/2644 6268/2057/2639
f 6268/2057/2639 6274/2056/2644 6273/2058/2645 6267/2059/2640
f 6267/2059/2640 6273/2058/2645 6272/2060/2646 6266/2061/2641
f 6266/2062/2641 6272/2063/2646 6271/2064/2647 6265/2054/2642
f 6265/2054/2642 6271/2064/2647 6269/2065/2648 6263/2055/2643
f 6270/1657/2431 6276/1659/2433 6280/2066/2649 6274/2067/2644
f 6274/2067/2644 6280/2066/2649 6279/2068/2650 6273/2069/2645
f 6273/2069/2645 6279/2068/2650 6278/2070/2651 6272/2071/2646
f 6272/2072/2646 6278/2073/2651 6277/2074/2652 6271/2064/2647
f 6271/2064/2647 6277/2074/2652 6275/2075/2653 6269/2065/2648
f 6276/1660/2433 6282/1662/2435 6286/2076/2654 6280/2077/2649
f 6280/2077/2649 6286/2076/2654 6285/2078/2655 6279/2079/2650
f 6279/2079/2650 6285/2078/2655 6284/2080/2656 6278/2081/2651
f 6278/2082/2651 6284/2083/2656 6283/2084/2657 6277/2074/2652
f 6277/2074/2652 6283/2084/2657 6281/2085/2658 6275/2075/2653
f 6282/1662/2435 6288/1594/2374 6292/2086/2659 6286/2087/2654
f 6286/2087/2654 6292/2086/2659 6291/2088/2660 6285/2089/2655
f 6285/2089/2655 6291/2088/2660 6290/2090/2661 6284/2091/2656
f 6284/2092/2656 6290/2093/2661 6289/2094/2662 6283/2084/2657
f 6283/2084/2657 6289/2094/2662 6287/2095/2663 6281/2085/2658
f 6288/1594/2374 6102/1597/2377 6106/2096/2505 6292/2097/2659
f 6292/2097/2659 6106/2096/2505 6105/2098/2507 6291/2099/2660
f 6291/2099/2660 6105/2098/2507 6104/2100/2509 6290/2101/2661
f 6290/2102/2661 6104/2103/2509 6103/1793/2511 6289/2094/2662
f 6289/2094/2662 6103/1793/2511 6101/1795/2513 6287/2095/2663
f 6101/1795/2513 6107/1794/2512 6113/1805/2518 6119/1815/2523 6125/1825/2528 6131/1835/2533 6137/1845/2538 6143/1855/2543 6149/1865/2548 6155/1875/2553 6161/1885/2558 6167/1895/2563 6173/1905/2568 6179/1915/2573 6185/1925/2578 6191/1935/2583 6197/1945/2588 6203/1955/2593 6209/1965/2598 6215/1975/2603 6221/1985/2608 6227/1995/2613 6233/2005/2618 6239/2015/2623 6245/2025/2628 6251/2035/2633 6257/2045/2638 6263/2055/2643 6269/2065/2648 6275/2075/2653 6281/2085/2658 6287/2095/2663
f 6832/1594/2438 6646/1597/2377 6293/1596/2376 6324/1595/2439
f 6658/1598/2435 6664/1601/2433 6296/1600/2432 6295/1599/2434
f 6664/1601/2433 6670/1603/2431 6297/1602/2430 6296/1600/2432
f 6670/1603/2431 6676/1605/2429 6298/1604/2428 6297/1602/2430
f 6676/1605/2429 6682/1607/2427 6299/1606/2426 6298/1604/2428
f 6682/1607/2427 6688/1609/2425 6300/1608/2664 6299/1606/2426
f 6688/1609/2425 6694/1611/2423 6301/1610/2422 6300/1608/2664
f 6694/1612/2423 6700/1614/2421 6302/1613/2665 6301/1610/2422
f 6700/1614/2421 6706/1616/2419 6303/1615/2418 6302/1613/2665
f 6706/1616/2419 6712/1618/2417 6304/1617/2416 6303/1615/2418
f 6712/1619/2417 6718/1621/2415 6305/1620/2414 6304/1617/2416
f 6718/1621/2415 6724/1623/2413 6306/1622/2412 6305/1620/2414
f 6724/1623/2413 6730/1625/2411 6307/1624/2410 6306/1622/2412
f 6730/1626/2411 6736/1628/2409 6308/1627/2408 6307/1624/2410
f 6736/1628/2409 6742/1630/2407 6309/1629/2406 6308/1627/2408
f 6742/1630/2407 6748/1632/2405 6310/1631/2404 6309/1629/2406
f 6748/1632/2405 6754/1634/2403 6311/1633/2402 6310/1631/2404
f 6754/1634/2403 6760/1636/2401 6312/1635/2400 6311/1633/2402
f 6760/1636/2401 6766/1638/2399 6313/1637/2398 6312/1635/2400
f 6766/1639/2399 6772/1641/2397 6314/1640/2396 6313/1637/2398
f 6772/1641/2397 6778/1643/2395 6315/1642/2394 6314/1640/2396
f 6778/1643/2395 6784/1645/2393 6316/1644/2666 6315/1642/2394
f 6784/1646/2393 6790/1648/2391 6317/1647/2390 6316/1644/2666
f 6790/1648/2391 6796/1650/2389 6318/1649/2667 6317/1647/2390
f 6796/1650/2389 6802/1652/2387 6319/1651/2386 6318/1649/2667
f 6802/1653/2387 6808/1655/2385 6320/1654/2384 6319/1651/2386
f 6808/1655/2385 6814/1657/2383 6321/1656/2382 6320/1654/2384
f 6814/1657/2383 6820/1659/2381 6322/1658/2380 6321/1656/2382
f 6820/1660/2381 6826/1662/2378 6323/1661/2379 6322/1658/2380
f 6826/1662/2378 6832/1594/2438 6324/1595/2439 6323/1661/2379
f 6299/1606/2426 6331/1606/2463 6330/1604/2470 6298/1604/2428
f 6652/1663/2374 6658/1598/2435 6295/1599/2434 6294/1664/2375
f 6646/1665/2377 6652/1667/2374 6294/1664/2375 6293/1666/2376
f 6327/1599/2460 6359/1599/2478 6357/1664/2481 6325/1664/2467
f 6308/1627/2408 6340/1627/2462 6339/1624/2469 6307/1624/2410
f 6317/1647/2390 6349/1647/2461 6348/1644/2668 6316/1644/2666
f 6295/1599/2434 6327/1599/2460 6325/1664/2467 6294/1664/2375
f 6304/1617/2416 6336/1617/2459 6335/1615/2466 6303/1615/2418
f 6313/1637/2398 6345/1637/2458 6344/1635/2465 6312/1635/2400
f 6322/1658/2380 6354/1658/2457 6353/1656/2464 6321/1656/2382
f 6300/1608/2664 6332/1608/2669 6331/1606/2463 6299/1606/2426
f 6309/1629/2406 6341/1629/2455 6340/1627/2462 6308/1627/2408
f 6318/1649/2667 6350/1649/2670 6349/1647/2461 6317/1647/2390
f 6296/1600/2432 6328/1600/2453 6327/1599/2460 6295/1599/2434
f 6305/1620/2414 6337/1620/2451 6336/1617/2459 6304/1617/2416
f 6314/1640/2396 6346/1640/2449 6345/1637/2458 6313/1637/2398
f 6323/1661/2379 6355/1661/2440 6354/1658/2457 6322/1658/2380
f 6301/1610/2422 6333/1610/2447 6332/1608/2669 6300/1608/2664
f 6310/1631/2404 6342/1631/2445 6341/1629/2455 6309/1629/2406
f 6319/1651/2386 6351/1651/2437 6350/1649/2670 6318/1649/2667
f 6297/1602/2430 6329/1602/2452 6328/1600/2453 6296/1600/2432
f 6306/1622/2412 6338/1622/2450 6337/1620/2451 6305/1620/2414
f 6315/1642/2394 6347/1642/2448 6346/1640/2449 6314/1640/2396
f 6324/1595/2439 6356/1595/2441 6355/1661/2440 6323/1661/2379
f 6302/1613/2665 6334/1613/2671 6333/1610/2447 6301/1610/2422
f 6311/1633/2402 6343/1633/2444 6342/1631/2445 6310/1631/2404
f 6320/1654/2384 6352/1654/2436 6351/1651/2437 6319/1651/2386
f 6298/1604/2428 6330/1604/2470 6329/1602/2452 6297/1602/2430
f 6307/1624/2410 6339/1624/2469 6338/1622/2450 6306/1622/2412
f 6316/1644/2666 6348/1644/2668 6347/1642/2448 6315/1642/2394
f 6294/1664/2375 6325/1664/2467 6326/1666/2471 6293/1666/2376
f 6293/1596/2376 6326/1596/2471 6356/1595/2441 6324/1595/2439
f 6303/1615/2418 6335/1615/2466 6334/1613/2671 6302/1613/2665
f 6312/1635/2400 6344/1635/2465 6343/1633/2444 6311/1633/2402
f 6321/1656/2382 6353/1656/2464 6352/1654/2436 6320/1654/2384
f 6436/1668/2472 6500/1668/2472 6499/1669/2472 6435/1669/2472
f 6354/1658/2457 6386/1658/2477 6385/1656/2480 6353/1656/2464
f 6341/1629/2455 6373/1629/2476 6372/1627/2479 6340/1627/2462
f 6328/1600/2453 6360/1600/2474 6359/1599/2478 6327/1599/2460
f 6355/1661/2440 6387/1661/2443 6386/1658/2477 6354/1658/2457
f 6342/1631/2445 6374/1631/2475 6373/1629/2476 6341/1629/2455
f 6329/1602/2452 6361/1602/2473 6360/1600/2474 6328/1600/2453
f 6356/1595/2441 6388/1595/2442 6387/1661/2443 6355/1661/2440
f 6343/1633/2444 6375/1633/2502 6374/1631/2475 6342/1631/2445
f 6330/1604/2470 6362/1604/2501 6361/1602/2473 6329/1602/2452
f 6326/1596/2471 6358/1596/2484 6388/1595/2442 6356/1595/2441
f 6344/1635/2465 6376/1635/2500 6375/1633/2502 6343/1633/2444
f 6331/1606/2463 6363/1606/2499 6362/1604/2501 6330/1604/2470
f 6345/1637/2458 6377/1637/2498 6376/1635/2500 6344/1635/2465
f 6332/1608/2669 6364/1608/2497 6363/1606/2499 6331/1606/2463
f 6346/1640/2449 6378/1640/2496 6377/1637/2498 6345/1637/2458
f 6333/1610/2447 6365/1610/2495 6364/1608/2497 6332/1608/2669
f 6347/1642/2448 6379/1642/2494 6378/1640/2496 6346/1640/2449
f 6334/1613/2671 6366/1613/2493 6365/1610/2495 6333/1610/2447
f 6348/1644/2668 6380/1644/2492 6379/1642/2494 6347/1642/2448
f 6335/1615/2466 6367/1615/2491 6366/1613/2493 6334/1613/2671
f 6349/1647/2461 6381/1647/2490 6380/1644/2492 6348/1644/2668
f 6336/1617/2459 6368/1617/2489 6367/1615/2491 6335/1615/2466
f 6350/1649/2670 6382/1649/2488 6381/1647/2490 6349/1647/2461
f 6337/1620/2451 6369/1620/2487 6368/1617/2489 6336/1617/2459
f 6351/1651/2437 6383/1651/2486 6382/1649/2488 6350/1649/2670
f 6338/1622/2450 6370/1622/2485 6369/1620/2487 6337/1620/2451
f 6352/1654/2436 6384/1654/2483 6383/1651/2486 6351/1651/2437
f 6339/1624/2469 6371/1624/2482 6370/1622/2485 6338/1622/2450
f 6325/1664/2467 6357/1664/2481 6358/1666/2484 6326/1666/2471
f 6353/1656/2464 6385/1656/2480 6384/1654/2483 6352/1654/2436
f 6340/1627/2462 6372/1627/2479 6371/1624/2482 6339/1624/2469
f 6357/1670/2472 6389/1673/2472 6390/1672/2472 6358/1671/2472
f 6358/1671/2472 6390/1672/2472 6391/1675/2472 6388/1674/2472
f 6388/1674/2472 6391/1675/2472 6392/1677/2472 6387/1676/2472
f 6387/1676/2472 6392/1677/2472 6393/1679/2472 6386/1678/2472
f 6386/1678/2472 6393/1679/2472 6394/1681/2472 6385/1680/2472
f 6385/1680/2472 6394/1681/2472 6395/1683/2472 6384/1682/2472
f 6384/1682/2472 6395/1683/2472 6396/1685/2472 6383/1684/2472
f 6383/1684/2472 6396/1685/2472 6397/1687/2472 6382/1686/2472
f 6382/1686/2472 6397/1687/2472 6398/1689/2472 6381/1688/2472
f 6381/1688/2472 6398/1689/2472 6399/1691/2472 6380/1690/2472
f 6380/1690/2472 6399/1691/2472 6400/1693/2472 6379/1692/2472
f 6379/1692/2472 6400/1693/2472 6401/1695/2472 6378/1694/2472
f 6378/1694/2472 6401/1695/2472 6402/1669/2472 6377/1696/2472
f 6377/1696/2472 6402/1669/2472 6403/1668/2472 6376/1697/2472
f 6376/1697/2472 6403/1668/2472 6404/1699/2472 6375/1698/2472
f 6375/1698/2472 6404/1699/2472 6405/1701/2472 6374/1700/2472
f 6374/1700/2472 6405/1701/2472 6406/1703/2472 6373/1702/2472
f 6373/1702/2472 6406/1703/2472 6407/1705/2472 6372/1704/2472
f 6372/1704/2472 6407/1705/2472 6408/1707/2472 6371/1706/2472
f 6371/1706/2472 6408/1707/2472 6409/1709/2472 6370/1708/2472
f 6370/1708/2472 6409/1709/2472 6410/1711/2472 6369/1710/2472
f 6369/1710/2472 6410/1711/2472 6411/1713/2472 6368/1712/2472
f 6368/1712/2472 6411/1713/2472 6412/1715/2472 6367/1714/2472
f 6367/1714/2472 6412/1715/2472 6413/1717/2472 6366/1716/2472
f 6366/1716/2472 6413/1717/2472 6414/1719/2472 6365/1718/2472
f 6365/1718/2472 6414/1719/2472 6415/1721/2472 6364/1720/2472
f 6364/1720/2472 6415/1721/2472 6416/1723/2472 6363/1722/2472
f 6363/1722/2472 6416/1723/2472 6417/1725/2472 6362/1724/2472
f 6362/1724/2472 6417/1725/2472 6418/1727/2472 6361/1726/2472
f 6361/1726/2472 6418/1727/2472 6419/1729/2472 6360/1728/2472
f 6360/1728/2472 6419/1729/2472 6420/1731/2472 6359/1730/2472
f 6359/1730/2472 6420/1731/2472 6389/1673/2472 6357/1670/2472
f 6445/1715/2486 6605/1715/2486 6606/1717/2488 6446/1717/2488
f 6462/1732/2503 6524/1732/2503 6526/1733/2503 6464/1733/2503
f 6435/1669/2472 6499/1669/2472 6498/1695/2472 6434/1695/2472
f 6463/1693/2503 6525/1693/2503 6527/1695/2503 6465/1695/2503
f 6434/1695/2472 6498/1695/2472 6497/1693/2472 6433/1693/2472
f 6464/1733/2503 6526/1733/2503 6528/1734/2503 6466/1734/2503
f 6433/1693/2472 6497/1693/2472 6496/1691/2472 6432/1691/2472
f 6465/1695/2503 6527/1695/2503 6529/1669/2503 6467/1669/2503
f 6432/1691/2472 6496/1691/2472 6495/1689/2472 6431/1689/2472
f 6469/1735/2503 6547/1735/2503 6530/1736/2503 6468/1736/2503
f 6431/1689/2472 6495/1689/2472 6494/1687/2472 6430/1687/2472
f 6466/1734/2503 6528/1734/2503 6531/1737/2503 6470/1737/2503
f 6430/1687/2472 6494/1687/2472 6493/1685/2472 6429/1685/2472
f 6467/1669/2503 6529/1669/2503 6532/1738/2503 6471/1738/2503
f 6429/1685/2472 6493/1685/2472 6492/1683/2472 6428/1683/2472
f 6472/1739/2503 6548/1739/2503 6547/1735/2503 6469/1735/2503
f 6428/1683/2472 6492/1683/2472 6491/1681/2472 6427/1681/2472
f 6470/1737/2503 6531/1737/2503 6533/1725/2503 6473/1725/2503
f 6427/1681/2472 6491/1681/2472 6490/1679/2472 6426/1679/2472
f 6423/1731/2472 6487/1731/2472 6516/1729/2472 6452/1729/2472
f 6471/1738/2503 6532/1738/2503 6534/1699/2503 6474/1699/2503
f 6426/1679/2472 6490/1679/2472 6489/1677/2472 6425/1677/2472
f 6452/1729/2472 6516/1729/2472 6515/1727/2472 6451/1727/2472
f 6468/1736/2503 6530/1736/2503 6535/1675/2503 6475/1675/2503
f 6425/1677/2472 6489/1677/2472 6488/1675/2472 6424/1675/2472
f 6451/1727/2472 6515/1727/2472 6514/1725/2472 6450/1725/2472
f 6473/1725/2503 6533/1725/2503 6536/1740/2503 6476/1740/2503
f 6424/1675/2472 6488/1675/2472 6486/1672/2472 6422/1672/2472
f 6450/1725/2472 6514/1725/2472 6513/1723/2472 6449/1723/2472
f 6474/1699/2503 6534/1699/2503 6537/1741/2503 6477/1741/2503
f 6421/1673/2472 6485/1673/2472 6487/1731/2472 6423/1731/2472
f 6449/1723/2472 6513/1723/2472 6512/1721/2472 6448/1721/2472
f 6408/1707/2482 6484/1743/2482 6456/1742/2485 6409/1709/2485
f 6394/1681/2480 6483/1745/2480 6454/1744/2483 6395/1683/2483
f 6407/1705/2479 6482/1746/2479 6484/1743/2482 6408/1707/2482
f 6393/1679/2477 6481/1679/2477 6483/1745/2480 6394/1681/2480
f 6406/1703/2476 6480/1747/2476 6482/1746/2479 6407/1705/2479
f 6419/1729/2474 6479/1729/2474 6472/1739/2478 6420/1731/2478
f 6392/1677/2443 6478/1677/2443 6481/1679/2477 6393/1679/2477
f 6405/1701/2475 6477/1741/2475 6480/1747/2476 6406/1703/2476
f 6418/1727/2473 6476/1740/2473 6479/1729/2474 6419/1729/2474
f 6391/1675/2442 6475/1675/2442 6478/1677/2443 6392/1677/2443
f 6404/1699/2502 6474/1699/2502 6477/1741/2475 6405/1701/2475
f 6417/1725/2501 6473/1725/2501 6476/1740/2473 6418/1727/2473
f 6390/1672/2484 6468/1736/2484 6475/1675/2442 6391/1675/2442
f 6403/1668/2500 6471/1738/2500 6474/1699/2502 6404/1699/2502
f 6416/1723/2499 6470/1737/2499 6473/1725/2501 6417/1725/2501
f 6420/1731/2478 6472/1739/2478 6469/1735/2481 6389/1673/2481
f 6402/1669/2498 6467/1669/2498 6471/1738/2500 6403/1668/2500
f 6415/1721/2497 6466/1734/2497 6470/1737/2499 6416/1723/2499
f 6389/1673/2481 6469/1735/2481 6468/1736/2484 6390/1672/2484
f 6401/1695/2496 6465/1695/2496 6467/1669/2498 6402/1669/2498
f 6414/1719/2495 6464/1733/2495 6466/1734/2497 6415/1721/2497
f 6400/1693/2494 6463/1693/2494 6465/1695/2496 6401/1695/2496
f 6413/1717/2493 6462/1732/2493 6464/1733/2495 6414/1719/2495
f 6399/1691/2492 6461/1691/2492 6463/1693/2494 6400/1693/2494
f 6412/1715/2491 6460/1748/2491 6462/1732/2493 6413/1717/2493
f 6398/1689/2490 6459/1749/2490 6461/1691/2492 6399/1691/2492
f 6411/1713/2489 6458/1713/2489 6460/1748/2491 6412/1715/2491
f 6397/1687/2488 6457/1750/2488 6459/1749/2490 6398/1689/2490
f 6410/1711/2487 6455/1751/2487 6458/1713/2489 6411/1713/2489
f 6396/1685/2486 6453/1685/2486 6457/1750/2488 6397/1687/2488
f 6409/1709/2485 6456/1742/2485 6455/1751/2487 6410/1711/2487
f 6395/1683/2483 6454/1744/2483 6453/1685/2486 6396/1685/2486
f 6545/1744/2483 6492/1683/2483 6493/1685/2486 6517/1685/2486
f 6546/1742/2485 6506/1709/2485 6507/1711/2487 6518/1751/2487
f 6517/1685/2486 6493/1685/2486 6494/1687/2488 6519/1750/2488
f 6518/1751/2487 6507/1711/2487 6508/1713/2489 6520/1713/2489
f 6519/1750/2488 6494/1687/2488 6495/1689/2490 6521/1749/2490
f 6520/1713/2489 6508/1713/2489 6509/1715/2491 6522/1748/2491
f 6521/1749/2490 6495/1689/2490 6496/1691/2492 6523/1691/2492
f 6522/1748/2491 6509/1715/2491 6510/1717/2493 6524/1732/2493
f 6523/1691/2492 6496/1691/2492 6497/1693/2494 6525/1693/2494
f 6524/1732/2493 6510/1717/2493 6511/1719/2495 6526/1733/2495
f 6525/1693/2494 6497/1693/2494 6498/1695/2496 6527/1695/2496
f 6526/1733/2495 6511/1719/2495 6512/1721/2497 6528/1734/2497
f 6527/1695/2496 6498/1695/2496 6499/1669/2498 6529/1669/2498
f 6547/1735/2481 6485/1673/2481 6486/1672/2484 6530/1736/2484
f 6528/1734/2497 6512/1721/2497 6513/1723/2499 6531/1737/2499
f 6529/1669/2498 6499/1669/2498 6500/1668/2500 6532/1738/2500
f 6548/1739/2478 6487/1731/2478 6485/1673/2481 6547/1735/2481
f 6531/1737/2499 6513/1723/2499 6514/1725/2501 6533/1725/2501
f 6532/1738/2500 6500/1668/2500 6501/1699/2502 6534/1699/2502
f 6530/1736/2484 6486/1672/2484 6488/1675/2442 6535/1675/2442
f 6533/1725/2501 6514/1725/2501 6515/1727/2473 6536/1740/2473
f 6534/1699/2502 6501/1699/2502 6502/1701/2475 6537/1741/2475
f 6535/1675/2442 6488/1675/2442 6489/1677/2443 6538/1677/2443
f 6536/1740/2473 6515/1727/2473 6516/1729/2474 6539/1729/2474
f 6537/1741/2475 6502/1701/2475 6503/1703/2476 6540/1747/2476
f 6538/1677/2443 6489/1677/2443 6490/1679/2477 6541/1679/2477
f 6539/1729/2474 6516/1729/2474 6487/1731/2478 6548/1739/2478
f 6540/1747/2476 6503/1703/2476 6504/1705/2479 6542/1746/2479
f 6541/1679/2477 6490/1679/2477 6491/1681/2480 6543/1745/2480
f 6542/1746/2479 6504/1705/2479 6505/1707/2482 6544/1743/2482
f 6543/1745/2480 6491/1681/2480 6492/1683/2483 6545/1744/2483
f 6544/1743/2482 6505/1707/2482 6506/1709/2485 6546/1742/2485
f 6461/1691/2503 6523/1691/2503 6525/1693/2503 6463/1693/2503
f 6437/1699/2472 6501/1699/2472 6500/1668/2472 6436/1668/2472
f 6460/1748/2503 6522/1748/2503 6524/1732/2503 6462/1732/2503
f 6438/1701/2472 6502/1701/2472 6501/1699/2472 6437/1699/2472
f 6459/1749/2503 6521/1749/2503 6523/1691/2503 6461/1691/2503
f 6439/1703/2472 6503/1703/2472 6502/1701/2472 6438/1701/2472
f 6458/1713/2503 6520/1713/2503 6522/1748/2503 6460/1748/2503
f 6484/1743/2503 6544/1743/2503 6546/1742/2503 6456/1742/2503
f 6440/1705/2472 6504/1705/2472 6503/1703/2472 6439/1703/2472
f 6457/1750/2503 6519/1750/2503 6521/1749/2503 6459/1749/2503
f 6483/1745/2503 6543/1745/2503 6545/1744/2503 6454/1744/2503
f 6441/1707/2472 6505/1707/2472 6504/1705/2472 6440/1705/2472
f 6455/1751/2503 6518/1751/2503 6520/1713/2503 6458/1713/2503
f 6482/1746/2503 6542/1746/2503 6544/1743/2503 6484/1743/2503
f 6442/1709/2472 6506/1709/2472 6505/1707/2472 6441/1707/2472
f 6453/1685/2503 6517/1685/2503 6519/1750/2503 6457/1750/2503
f 6481/1679/2503 6541/1679/2503 6543/1745/2503 6483/1745/2503
f 6443/1711/2472 6507/1711/2472 6506/1709/2472 6442/1709/2472
f 6456/1742/2503 6546/1742/2503 6518/1751/2503 6455/1751/2503
f 6480/1747/2503 6540/1747/2503 6542/1746/2503 6482/1746/2503
f 6444/1713/2472 6508/1713/2472 6507/1711/2472 6443/1711/2472
f 6454/1744/2503 6545/1744/2503 6517/1685/2503 6453/1685/2503
f 6479/1729/2503 6539/1729/2503 6548/1739/2503 6472/1739/2503
f 6445/1715/2472 6509/1715/2472 6508/1713/2472 6444/1713/2472
f 6478/1677/2503 6538/1677/2503 6541/1679/2503 6481/1679/2503
f 6446/1717/2472 6510/1717/2472 6509/1715/2472 6445/1715/2472
f 6477/1741/2503 6537/1741/2503 6540/1747/2503 6480/1747/2503
f 6447/1719/2472 6511/1719/2472 6510/1717/2472 6446/1717/2472
f 6476/1740/2503 6536/1740/2503 6539/1729/2503 6479/1729/2503
f 6448/1721/2472 6512/1721/2472 6511/1719/2472 6447/1719/2472
f 6422/1672/2472 6486/1672/2472 6485/1673/2472 6421/1673/2472
f 6475/1675/2503 6535/1675/2503 6538/1677/2503 6478/1677/2503
f 6575/1752/2490 6639/1752/2490 6640/1753/2492 6576/1753/2492
f 6432/1691/2497 6592/1691/2497 6593/1693/2499 6433/1693/2499
f 6446/1717/2488 6606/1717/2488 6607/1719/2490 6447/1719/2490
f 6433/1693/2499 6593/1693/2499 6594/1695/2501 6434/1695/2501
f 6447/1719/2490 6607/1719/2490 6608/1721/2492 6448/1721/2492
f 6434/1695/2501 6594/1695/2501 6595/1669/2473 6435/1669/2473
f 6421/1673/2475 6581/1673/2475 6582/1672/2476 6422/1672/2476
f 6448/1721/2492 6608/1721/2492 6609/1723/2494 6449/1723/2494
f 6435/1669/2473 6595/1669/2473 6596/1668/2474 6436/1668/2474
f 6423/1731/2502 6583/1731/2502 6581/1673/2475 6421/1673/2475
f 6449/1723/2494 6609/1723/2494 6610/1725/2496 6450/1725/2496
f 6436/1668/2474 6596/1668/2474 6597/1699/2478 6437/1699/2478
f 6422/1672/2476 6582/1672/2476 6584/1675/2479 6424/1675/2479
f 6450/1725/2496 6610/1725/2496 6611/1727/2498 6451/1727/2498
f 6437/1699/2478 6597/1699/2478 6598/1701/2481 6438/1701/2481
f 6424/1675/2479 6584/1675/2479 6585/1677/2482 6425/1677/2482
f 6451/1727/2498 6611/1727/2498 6612/1729/2500 6452/1729/2500
f 6438/1701/2481 6598/1701/2481 6599/1703/2484 6439/1703/2484
f 6425/1677/2482 6585/1677/2482 6586/1679/2485 6426/1679/2485
f 6452/1729/2500 6612/1729/2500 6583/1731/2502 6423/1731/2502
f 6439/1703/2484 6599/1703/2484 6600/1705/2442 6440/1705/2442
f 6426/1679/2485 6586/1679/2485 6587/1681/2487 6427/1681/2487
f 6440/1705/2442 6600/1705/2442 6601/1707/2443 6441/1707/2443
f 6427/1681/2487 6587/1681/2487 6588/1683/2489 6428/1683/2489
f 6441/1707/2443 6601/1707/2443 6602/1709/2477 6442/1709/2477
f 6428/1683/2489 6588/1683/2489 6589/1685/2491 6429/1685/2491
f 6442/1709/2477 6602/1709/2477 6603/1711/2480 6443/1711/2480
f 6429/1685/2491 6589/1685/2491 6590/1687/2493 6430/1687/2493
f 6443/1711/2480 6603/1711/2480 6604/1713/2483 6444/1713/2483
f 6430/1687/2493 6590/1687/2493 6591/1689/2495 6431/1689/2495
f 6444/1713/2483 6604/1713/2483 6605/1715/2486 6445/1715/2486
f 6431/1689/2495 6591/1689/2495 6592/1691/2497 6432/1691/2497
f 6550/1754/2472 6582/1672/2472 6581/1673/2472 6549/1755/2472
f 6549/1755/2472 6581/1673/2472 6583/1731/2472 6551/1756/2472
f 6552/1757/2472 6584/1675/2472 6582/1672/2472 6550/1754/2472
f 6553/1758/2472 6585/1677/2472 6584/1675/2472 6552/1757/2472
f 6554/1759/2472 6586/1679/2472 6585/1677/2472 6553/1758/2472
f 6555/1760/2472 6587/1681/2472 6586/1679/2472 6554/1759/2472
f 6556/1761/2472 6588/1683/2472 6587/1681/2472 6555/1760/2472
f 6557/1762/2472 6589/1685/2472 6588/1683/2472 6556/1761/2472
f 6558/1763/2472 6590/1687/2472 6589/1685/2472 6557/1762/2472
f 6559/1764/2472 6591/1689/2472 6590/1687/2472 6558/1763/2472
f 6560/1765/2472 6592/1691/2472 6591/1689/2472 6559/1764/2472
f 6561/1766/2472 6593/1693/2472 6592/1691/2472 6560/1765/2472
f 6562/1767/2472 6594/1695/2472 6593/1693/2472 6561/1766/2472
f 6563/1768/2472 6595/1669/2472 6594/1695/2472 6562/1767/2472
f 6564/1769/2472 6596/1668/2472 6595/1669/2472 6563/1768/2472
f 6565/1770/2472 6597/1699/2472 6596/1668/2472 6564/1769/2472
f 6566/1771/2472 6598/1701/2472 6597/1699/2472 6565/1770/2472
f 6567/1772/2472 6599/1703/2472 6598/1701/2472 6566/1771/2472
f 6568/1773/2472 6600/1705/2472 6599/1703/2472 6567/1772/2472
f 6569/1774/2472 6601/1707/2472 6600/1705/2472 6568/1773/2472
f 6570/1775/2472 6602/1709/2472 6601/1707/2472 6569/1774/2472
f 6571/1776/2472 6603/1711/2472 6602/1709/2472 6570/1775/2472
f 6572/1777/2472 6604/1713/2472 6603/1711/2472 6571/1776/2472
f 6573/1778/2472 6605/1715/2472 6604/1713/2472 6572/1777/2472
f 6574/1779/2472 6606/1717/2472 6605/1715/2472 6573/1778/2472
f 6575/1752/2472 6607/1719/2472 6606/1717/2472 6574/1779/2472
f 6576/1753/2472 6608/1721/2472 6607/1719/2472 6575/1752/2472
f 6577/1780/2472 6609/1723/2472 6608/1721/2472 6576/1753/2472
f 6578/1781/2472 6610/1725/2472 6609/1723/2472 6577/1780/2472
f 6579/1782/2472 6611/1727/2472 6610/1725/2472 6578/1781/2472
f 6580/1783/2472 6612/1729/2472 6611/1727/2472 6579/1782/2472
f 6551/1756/2472 6583/1731/2472 6612/1729/2472 6580/1783/2472
f 6613/1755/2472 6615/1756/2472 6644/1783/2472 6643/1782/2472 6642/1781/2472 6641/1780/2472 6640/1753/2472 6639/1752/2472 6638/1779/2472 6637/1778/2472 6636/1777/2472 6635/1776/2472 6634/1775/2472 6633/1774/2472 6632/1773/2472 6631/1772/2472 6630/1771/2472 6629/1770/2472 6628/1769/2472 6627/1768/2472 6626/1767/2472 6625/1766/2472 6624/1765/2472 6623/1764/2472 6622/1763/2472 6621/1762/2472 6620/1761/2472 6619/1760/2472 6618/1759/2472 6617/1758/2472 6616/1757/2472 6614/1754/2472
f 6562/1767/2501 6626/1767/2501 6627/1768/2473 6563/1768/2473
f 6549/1755/2475 6613/1755/2475 6614/1754/2476 6550/1754/2476
f 6576/1753/2492 6640/1753/2492 6641/1780/2494 6577/1780/2494
f 6563/1768/2473 6627/1768/2473 6628/1769/2474 6564/1769/2474
f 6551/1756/2502 6615/1756/2502 6613/1755/2475 6549/1755/2475
f 6577/1780/2494 6641/1780/2494 6642/1781/2496 6578/1781/2496
f 6564/1769/2474 6628/1769/2474 6629/1770/2478 6565/1770/2478
f 6550/1754/2476 6614/1754/2476 6616/1757/2479 6552/1757/2479
f 6578/1781/2496 6642/1781/2496 6643/1782/2498 6579/1782/2498
f 6565/1770/2478 6629/1770/2478 6630/1771/2481 6566/1771/2481
f 6552/1757/2479 6616/1757/2479 6617/1758/2482 6553/1758/2482
f 6579/1782/2498 6643/1782/2498 6644/1783/2500 6580/1783/2500
f 6566/1771/2481 6630/1771/2481 6631/1772/2484 6567/1772/2484
f 6553/1758/2482 6617/1758/2482 6618/1759/2485 6554/1759/2485
f 6580/1783/2500 6644/1783/2500 6615/1756/2502 6551/1756/2502
f 6567/1772/2484 6631/1772/2484 6632/1773/2442 6568/1773/2442
f 6554/1759/2485 6618/1759/2485 6619/1760/2487 6555/1760/2487
f 6568/1773/2442 6632/1773/2442 6633/1774/2443 6569/1774/2443
f 6555/1760/2487 6619/1760/2487 6620/1761/2489 6556/1761/2489
f 6569/1774/2443 6633/1774/2443 6634/1775/2477 6570/1775/2477
f 6556/1761/2489 6620/1761/2489 6621/1762/2491 6557/1762/2491
f 6570/1775/2477 6634/1775/2477 6635/1776/2480 6571/1776/2480
f 6557/1762/2491 6621/1762/2491 6622/1763/2493 6558/1763/2493
f 6571/1776/2480 6635/1776/2480 6636/1777/2483 6572/1777/2483
f 6558/1763/2493 6622/1763/2493 6623/1764/2495 6559/1764/2495
f 6572/1777/2483 6636/1777/2483 6637/1778/2486 6573/1778/2486
f 6559/1764/2495 6623/1764/2495 6624/1765/2497 6560/1765/2497
f 6573/1778/2486 6637/1778/2486 6638/1779/2488 6574/1779/2488
f 6560/1765/2497 6624/1765/2497 6625/1766/2499 6561/1766/2499
f 6574/1779/2488 6638/1779/2488 6639/1752/2490 6575/1752/2490
f 6561/1766/2499 6625/1766/2499 6626/1767/2501 6562/1767/2501
f 6646/1665/2377 6650/1785/2505 6656/1784/2672 6652/1667/2374
f 6650/1785/2505 6649/1787/2507 6655/1786/2660 6656/1784/2672
f 6649/1787/2507 6648/1789/2509 6654/1788/2661 6655/1786/2660
f 6648/1790/2509 6647/1793/2511 6653/1792/2662 6654/1791/2661
f 6647/1793/2511 6645/1795/2513 6651/1794/2663 6653/1792/2662
f 6652/1663/2374 6656/1797/2672 6662/1796/2654 6658/1598/2435
f 6656/1797/2672 6655/1799/2660 6661/1798/2655 6662/1796/2654
f 6655/1799/2660 6654/1801/2661 6660/1800/2656 6661/1798/2655
f 6654/1802/2661 6653/1792/2662 6659/1804/2657 6660/1803/2656
f 6653/1792/2662 6651/1794/2663 6657/1805/2658 6659/1804/2657
f 6658/1598/2435 6662/1807/2654 6668/1806/2673 6664/1601/2433
f 6662/1807/2654 6661/1809/2655 6667/1808/2650 6668/1806/2673
f 6661/1809/2655 6660/1811/2656 6666/1810/2651 6667/1808/2650
f 6660/1812/2656 6659/1804/2657 6665/1814/2652 6666/1813/2651
f 6659/1804/2657 6657/1805/2658 6663/1815/2653 6665/1814/2652
f 6664/1601/2433 6668/1817/2673 6674/1816/2674 6670/1603/2431
f 6668/1817/2673 6667/1819/2650 6673/1818/2645 6674/1816/2674
f 6667/1819/2650 6666/1821/2651 6672/1820/2646 6673/1818/2645
f 6666/1822/2651 6665/1814/2652 6671/1824/2647 6672/1823/2646
f 6665/1814/2652 6663/1815/2653 6669/1825/2648 6671/1824/2647
f 6670/1603/2431 6674/1827/2674 6680/1826/2675 6676/1605/2429
f 6674/1827/2674 6673/1829/2645 6679/1828/2640 6680/1826/2675
f 6673/1829/2645 6672/1831/2646 6678/1830/2641 6679/1828/2640
f 6672/1832/2646 6671/1824/2647 6677/1834/2642 6678/1833/2641
f 6671/1824/2647 6669/1825/2648 6675/1835/2643 6677/1834/2642
f 6676/1605/2429 6680/1837/2675 6686/1836/2676 6682/1607/2427
f 6680/1837/2675 6679/1839/2640 6685/1838/2635 6686/1836/2676
f 6679/1839/2640 6678/1841/2641 6684/1840/2636 6685/1838/2635
f 6678/1842/2641 6677/1834/2642 6683/1844/2637 6684/1843/2636
f 6677/1834/2642 6675/1835/2643 6681/1845/2638 6683/1844/2637
f 6682/1607/2427 6686/1847/2676 6692/1846/2677 6688/1609/2425
f 6686/1847/2676 6685/1849/2635 6691/1848/2630 6692/1846/2677
f 6685/1849/2635 6684/1851/2636 6690/1850/2631 6691/1848/2630
f 6684/1852/2636 6683/1844/2637 6689/1854/2632 6690/1853/2631
f 6683/1844/2637 6681/1845/2638 6687/1855/2678 6689/1854/2632
f 6688/1609/2425 6692/1857/2677 6698/1856/2679 6694/1611/2423
f 6692/1857/2677 6691/1859/2630 6697/1858/2625 6698/1856/2679
f 6691/1859/2630 6690/1861/2631 6696/1860/2626 6697/1858/2625
f 6690/1862/2631 6689/1854/2632 6695/1864/2627 6696/1863/2626
f 6689/1854/2632 6687/1855/2678 6693/1865/2628 6695/1864/2627
f 6694/1612/2423 6698/1867/2679 6704/1866/2680 6700/1614/2421
f 6698/1867/2679 6697/1869/2625 6703/1868/2620 6704/1866/2680
f 6697/1869/2625 6696/1871/2626 6702/1870/2621 6703/1868/2620
f 6696/1872/2626 6695/1864/2627 6701/1874/2622 6702/1873/2621
f 6695/1864/2627 6693/1865/2628 6699/1875/2681 6701/1874/2622
f 6700/1614/2421 6704/1877/2680 6710/1876/2682 6706/1616/2419
f 6704/1877/2680 6703/1879/2620 6709/1878/2615 6710/1876/2682
f 6703/1879/2620 6702/1881/2621 6708/1880/2616 6709/1878/2615
f 6702/1882/2621 6701/1874/2622 6707/1884/2617 6708/1883/2616
f 6701/1874/2622 6699/1875/2681 6705/1885/2618 6707/1884/2617
f 6706/1616/2419 6710/1887/2682 6716/1886/2683 6712/1618/2417
f 6710/1887/2682 6709/1889/2615 6715/1888/2610 6716/1886/2683
f 6709/1889/2615 6708/1891/2616 6714/1890/2611 6715/1888/2610
f 6708/1892/2616 6707/1884/2617 6713/1894/2612 6714/1893/2611
f 6707/1884/2617 6705/1885/2618 6711/1895/2613 6713/1894/2612
f 6712/1619/2417 6716/1897/2683 6722/1896/2684 6718/1621/2415
f 6716/1897/2683 6715/1899/2610 6721/1898/2605 6722/1896/2684
f 6715/1899/2610 6714/1901/2611 6720/1900/2606 6721/1898/2605
f 6714/1902/2611 6713/1894/2612 6719/1904/2607 6720/1903/2606
f 6713/1894/2612 6711/1895/2613 6717/1905/2608 6719/1904/2607
f 6718/1621/2415 6722/1907/2684 6728/1906/2685 6724/1623/2413
f 6722/1907/2684 6721/1909/2605 6727/1908/2600 6728/1906/2685
f 6721/1909/2605 6720/1911/2606 6726/1910/2601 6727/1908/2600
f 6720/1912/2606 6719/1904/2607 6725/1914/2602 6726/1913/2601
f 6719/1904/2607 6717/1905/2608 6723/1915/2603 6725/1914/2602
f 6724/1623/2413 6728/1917/2685 6734/1916/2686 6730/1625/2411
f 6728/1917/2685 6727/1919/2600 6733/1918/2595 6734/1916/2686
f 6727/1919/2600 6726/1921/2601 6732/1920/2596 6733/1918/2595
f 6726/1922/2601 6725/1914/2602 6731/1924/2597 6732/1923/2596
f 6725/1914/2602 6723/1915/2603 6729/1925/2598 6731/1924/2597
f 6730/1626/2411 6734/1927/2686 6740/1926/2687 6736/1628/2409
f 6734/1927/2686 6733/1929/2595 6739/1928/2590 6740/1926/2687
f 6733/1929/2595 6732/1931/2596 6738/1930/2591 6739/1928/2590
f 6732/1932/2596 6731/1924/2597 6737/1934/2592 6738/1933/2591
f 6731/1924/2597 6729/1925/2598 6735/1935/2593 6737/1934/2592
f 6736/1628/2409 6740/1937/2687 6746/1936/2584 6742/1630/2407
f 6740/1937/2687 6739/1939/2590 6745/1938/2585 6746/1936/2584
f 6739/1939/2590 6738/1941/2591 6744/1940/2586 6745/1938/2585
f 6738/1942/2591 6737/1934/2592 6743/1944/2587 6744/1943/2586
f 6737/1934/2592 6735/1935/2593 6741/1945/2588 6743/1944/2587
f 6742/1630/2407 6746/1947/2584 6752/1946/2688 6748/1632/2405
f 6746/1947/2584 6745/1949/2585 6751/1948/2580 6752/1946/2688
f 6745/1949/2585 6744/1951/2586 6750/1950/2581 6751/1948/2580
f 6744/1952/2586 6743/1944/2587 6749/1954/2582 6750/1953/2581
f 6743/1944/2587 6741/1945/2588 6747/1955/2583 6749/1954/2582
f 6748/1632/2405 6752/1957/2688 6758/1956/2689 6754/1634/2403
f 6752/1957/2688 6751/1959/2580 6757/1958/2575 6758/1956/2689
f 6751/1959/2580 6750/1961/2581 6756/1960/2576 6757/1958/2575
f 6750/1962/2581 6749/1954/2582 6755/1964/2577 6756/1963/2576
f 6749/1954/2582 6747/1955/2583 6753/1965/2578 6755/1964/2577
f 6754/1634/2403 6758/1967/2689 6764/1966/2569 6760/1636/2401
f 6758/1967/2689 6757/1969/2575 6763/1968/2570 6764/1966/2569
f 6757/1969/2575 6756/1971/2576 6762/1970/2571 6763/1968/2570
f 6756/1972/2576 6755/1964/2577 6761/1974/2572 6762/1973/2571
f 6755/1964/2577 6753/1965/2578 6759/1975/2573 6761/1974/2572
f 6760/1636/2401 6764/1977/2569 6770/1976/2690 6766/1638/2399
f 6764/1977/2569 6763/1979/2570 6769/1978/2565 6770/1976/2690
f 6763/1979/2570 6762/1981/2571 6768/1980/2691 6769/1978/2565
f 6762/1982/2571 6761/1974/2572 6767/1984/2567 6768/1983/2691
f 6761/1974/2572 6759/1975/2573 6765/1985/2568 6767/1984/2567
f 6766/1639/2399 6770/1987/2690 6776/1986/2692 6772/1641/2397
f 6770/1987/2690 6769/1989/2565 6775/1988/2560 6776/1986/2692
f 6769/1989/2565 6768/1991/2691 6774/1990/2561 6775/1988/2560
f 6768/1992/2691 6767/1984/2567 6773/1994/2562 6774/1993/2561
f 6767/1984/2567 6765/1985/2568 6771/1995/2563 6773/1994/2562
f 6772/1641/2397 6776/1997/2692 6782/1996/2693 6778/1643/2395
f 6776/1997/2692 6775/1999/2560 6781/1998/2555 6782/1996/2693
f 6775/1999/2560 6774/2001/2561 6780/2000/2694 6781/1998/2555
f 6774/2002/2561 6773/1994/2562 6779/2004/2557 6780/2003/2694
f 6773/1994/2562 6771/1995/2563 6777/2005/2558 6779/2004/2557
f 6778/1643/2395 6782/2007/2693 6788/2006/2695 6784/1645/2393
f 6782/2007/2693 6781/2009/2555 6787/2008/2550 6788/2006/2695
f 6781/2009/2555 6780/2011/2694 6786/2010/2551 6787/2008/2550
f 6780/2012/2694 6779/2004/2557 6785/2014/2552 6786/2013/2551
f 6779/2004/2557 6777/2005/2558 6783/2015/2696 6785/2014/2552
f 6784/1646/2393 6788/2017/2695 6794/2016/2544 6790/1648/2391
f 6788/2017/2695 6787/2019/2550 6793/2018/2545 6794/2016/2544
f 6787/2019/2550 6786/2021/2551 6792/2020/2546 6793/2018/2545
f 6786/2022/2551 6785/2014/2552 6791/2024/2547 6792/2023/2546
f 6785/2014/2552 6783/2015/2696 6789/2025/2548 6791/2024/2547
f 6790/1648/2391 6794/2027/2544 6800/2026/2697 6796/1650/2389
f 6794/2027/2544 6793/2029/2545 6799/2028/2540 6800/2026/2697
f 6793/2029/2545 6792/2031/2546 6798/2030/2541 6799/2028/2540
f 6792/2032/2546 6791/2024/2547 6797/2034/2542 6798/2033/2541
f 6791/2024/2547 6789/2025/2548 6795/2035/2698 6797/2034/2542
f 6796/1650/2389 6800/2037/2697 6806/2036/2699 6802/1652/2387
f 6800/2037/2697 6799/2039/2540 6805/2038/2535 6806/2036/2699
f 6799/2039/2540 6798/2041/2541 6804/2040/2536 6805/2038/2535
f 6798/2042/2541 6797/2034/2542 6803/2044/2537 6804/2043/2536
f 6797/2034/2542 6795/2035/2698 6801/2045/2538 6803/2044/2537
f 6802/1653/2387 6806/2047/2699 6812/2046/2700 6808/1655/2385
f 6806/2047/2699 6805/2049/2535 6811/2048/2530 6812/2046/2700
f 6805/2049/2535 6804/2051/2536 6810/2050/2531 6811/2048/2530
f 6804/2052/2536 6803/2044/2537 6809/2054/2532 6810/2053/2531
f 6803/2044/2537 6801/2045/2538 6807/2055/2533 6809/2054/2532
f 6808/1655/2385 6812/2057/2700 6818/2056/2701 6814/1657/2383
f 6812/2057/2700 6811/2059/2530 6817/2058/2525 6818/2056/2701
f 6811/2059/2530 6810/2061/2531 6816/2060/2526 6817/2058/2525
f 6810/2062/2531 6809/2054/2532 6815/2064/2527 6816/2063/2526
f 6809/2054/2532 6807/2055/2533 6813/2065/2528 6815/2064/2527
f 6814/1657/2383 6818/2067/2701 6824/2066/2702 6820/1659/2381
f 6818/2067/2701 6817/2069/2525 6823/2068/2520 6824/2066/2702
f 6817/2069/2525 6816/2071/2526 6822/2070/2521 6823/2068/2520
f 6816/2072/2526 6815/2064/2527 6821/2074/2522 6822/2073/2521
f 6815/2064/2527 6813/2065/2528 6819/2075/2523 6821/2074/2522
f 6820/1660/2381 6824/2077/2702 6830/2076/2703 6826/1662/2378
f 6824/2077/2702 6823/2079/2520 6829/2078/2515 6830/2076/2703
f 6823/2079/2520 6822/2081/2521 6828/2080/2516 6829/2078/2515
f 6822/2082/2521 6821/2074/2522 6827/2084/2517 6828/2083/2516
f 6821/2074/2522 6819/2075/2523 6825/2085/2518 6827/2084/2517
f 6826/1662/2378 6830/2087/2703 6836/2086/2704 6832/1594/2438
f 6830/2087/2703 6829/2089/2515 6835/2088/2506 6836/2086/2704
f 6829/2089/2515 6828/2091/2516 6834/2090/2508 6835/2088/2506
f 6828/2092/2516 6827/2084/2517 6833/2094/2510 6834/2093/2508
f 6827/2084/2517 6825/2085/2518 6831/2095/2512 6833/2094/2510
f 6832/1594/2438 6836/2097/2704 6650/2096/2505 6646/1597/2377
f 6836/2097/2704 6835/2099/2506 6649/2098/2507 6650/2096/2505
f 6835/2099/2506 6834/2101/2508 6648/2100/2509 6649/2098/2507
f 6834/2102/2508 6833/2094/2510 6647/1793/2511 6648/2103/2509
f 6833/2094/2510 6831/2095/2512 6645/1795/2513 6647/1793/2511
f 6645/1795/2513 6831/2095/2512 6825/2085/2518 6819/2075/2523 6813/2065/2528 6807/2055/2533 6801/2045/2538 6795/2035/2698 6789/2025/2548 6783/2015/2696 6777/2005/2558 6771/1995/2563 6765/1985/2568 6759/1975/2573 6753/1965/2578 6747/1955/2583 6741/1945/2588 6735/1935/2593 6729/1925/2598 6723/1915/2603 6717/1905/2608 6711/1895/2613 6705/1885/2618 6699/1875/2681 6693/1865/2628 6687/1855/2678 6681/1845/2638 6675/1835/2643 6669/1825/2648 6663/1815/2653 6657/1805/2658 6651/1794/2663
o Cube.005
v -0.502776 1.269104 -0.238514
v -0.264225 2.946589 -0.859269
v -0.502776 1.215137 -0.349526
v -0.264225 2.913692 -0.915935
v 0.416240 1.269104 -0.238514
v 0.177688 2.946589 -0.859269
v 0.416240 1.215137 -0.349526
v 0.177688 2.913692 -0.915935
v -0.502776 1.951589 -0.578447
v -0.502776 1.889094 -0.689397
v 0.416240 1.889094 -0.689397
v 0.416240 1.951508 -0.578617
v -0.502776 2.767817 -0.792802
v -0.502776 2.700751 -0.909078
v 0.416240 2.700751 -0.909078
v 0.416240 2.767817 -0.792802
v 0.671091 1.248237 -0.331355
v 0.671091 1.911784 -0.663218
v 0.671091 1.298493 -0.215829
v -0.757628 1.296596 -0.213166
v -0.757628 1.245183 -0.327702
v 0.526426 2.106186 -0.764754
v 0.526426 2.156923 -0.675226
v 0.671091 1.975153 -0.551559
v -0.757628 1.975339 -0.551168
v -0.612963 2.156923 -0.675226
v -0.612963 2.106186 -0.764754
v -0.757628 1.911924 -0.662926
v -0.502776 0.739265 0.043867
v -0.502776 0.739441 -0.082470
v 0.416240 0.739265 0.043867
v 0.416240 0.739441 -0.082470
v 0.528021 0.740892 -0.068559
v 0.528021 0.740140 0.033592
v -0.614557 0.740140 0.033592
v -0.614557 0.740892 -0.068559
v 0.560044 0.886048 -0.018955
v 0.416240 0.884604 -0.015758
v 0.560044 0.886676 -0.126147
v 0.416240 0.884705 -0.141635
v -0.502776 0.884705 -0.141635
v -0.646580 0.886676 -0.126147
v -0.502776 0.884604 -0.015758
v -0.646580 0.886048 -0.018955
v 0.416240 0.883601 1.048497
v 0.416240 0.730773 1.061358
v -0.502776 0.730773 1.061358
v 0.528021 0.730949 1.046719
v -0.614557 0.730949 1.046719
v -0.502776 0.883601 1.048497
v -0.646580 0.883857 1.037876
v 0.560044 0.883857 1.037876
v -0.906631 0.965368 -0.025881
v -0.874608 0.816956 0.011030
v -0.874608 0.806143 1.014029
v -0.906631 0.959532 1.008193
v 0.705961 0.814490 -0.004368
v 0.737984 0.962098 -0.046299
v 0.737984 0.958472 1.001577
v 0.705961 0.805486 1.009923
vn -0.6188 0.6801 -0.3931
vn -0.1169 0.5777 0.8078
vn -0.1220 0.2053 -0.9711
vn -0.0000 -0.0322 -0.9995
vn 0.1220 0.2053 -0.9711
vn 0.6188 0.6801 -0.3931
vn 0.1169 0.5777 0.8078
vn 0.0001 0.2733 0.9619
vn 0.9685 -0.2442 0.0478
vn 0.9758 -0.2186 0.0047
vn 0.9766 -0.2150 -0.0014
vn -0.0599 0.4615 0.8851
vn -0.0487 0.4452 0.8941
vn 0.0499 0.4453 0.8940
vn 0.0620 0.4614 0.8850
vn -0.0652 -0.4769 -0.8765
vn -0.0482 -0.4496 -0.8919
vn 0.0469 -0.4492 -0.8922
vn 0.0630 -0.4774 -0.8764
vn 0.0001 0.2539 0.9672
vn 0.0188 -0.2840 -0.9586
vn 0.0062 -0.2688 -0.9632
vn -0.0063 -0.2688 -0.9632
vn -0.0191 -0.2839 -0.9587
vn 0.9998 -0.0208 0.0046
vn 1.0000 -0.0000 -0.0000
vn 0.9735 -0.2231 0.0497
vn 0.1259 -0.4452 -0.8865
vn 0.1209 -0.4919 -0.8622
vn -0.0277 0.8701 -0.4920
vn -0.0980 0.4622 0.8813
vn -0.1325 0.4413 0.8875
vn 0.0540 -0.4478 -0.8925
vn 0.1126 -0.4165 -0.9021
vn 0.0934 -0.6596 -0.7458
vn 0.0600 -0.4857 -0.8720
vn -0.9732 -0.2240 0.0513
vn -1.0000 -0.0000 -0.0000
vn -0.9998 -0.0212 0.0048
vn 0.1360 0.4417 0.8868
vn 0.1008 0.4620 0.8811
vn -0.1246 -0.4928 -0.8612
vn -0.1302 -0.4459 -0.8856
vn 0.0354 0.6886 0.7243
vn 0.1160 0.7196 0.6846
vn 0.1154 0.9933 0.0024
vn 0.0024 1.0000 0.0012
vn 0.8346 0.4792 -0.2718
vn 0.5061 0.4992 0.7033
vn 0.2860 0.3963 0.8725
vn -0.0406 -0.3092 -0.9501
vn 0.9829 0.1598 -0.0915
vn 0.1787 0.3386 0.9238
vn -0.2866 0.3969 0.8720
vn -0.5074 0.5000 0.7018
vn -0.8346 0.4792 -0.2717
vn -0.1791 0.3392 0.9235
vn -0.9829 0.1598 -0.0915
vn 0.0401 -0.3094 -0.9501
vn -0.0276 -0.8702 0.4920
vn -0.0600 -0.4857 -0.8720
vn 0.0030 -1.0000 -0.0060
vn -0.0030 -1.0000 -0.0060
vn 0.1736 -0.9848 -0.0069
vn -0.1075 -0.9942 -0.0071
vn -0.0934 -0.6596 -0.7458
vn -0.1135 -0.4163 -0.9021
vn -0.0550 -0.4475 -0.8926
vn 0.1752 -0.1777 0.9684
vn 0.0013 -1.0000 -0.0085
vn -0.0013 -1.0000 -0.0085
vn -0.1271 -0.1908 0.9734
vn -0.9758 -0.2188 0.0049
vn -0.9682 -0.2451 0.0494
vn -0.9766 -0.2150 -0.0014
vn -0.0339 0.6892 0.7238
vn -0.1565 0.7495 0.6432
vn 0.1327 0.0440 0.9902
vn 0.0385 0.0747 0.9965
vn 0.0525 0.0713 0.9961
vn -0.0385 0.0747 0.9965
vn -0.0525 0.0713 0.9961
vn -0.1040 0.0451 0.9936
vn -0.0024 1.0000 0.0012
vn -0.1345 0.9909 0.0019
vn -0.9782 -0.2078 -0.0017
vn -0.0353 -0.2976 -0.9540
vn -0.1862 -0.2465 0.9511
vn -0.2796 -0.9601 -0.0095
vn -0.1121 0.0242 0.9934
vn 0.2854 0.9584 0.0037
vn 0.9780 -0.2086 -0.0013
vn -0.0499 -0.2961 -0.9538
vn -0.3895 0.9210 0.0025
vn 0.3245 -0.3430 0.8815
vn 0.1955 0.0142 0.9806
vn 0.3845 -0.9231 -0.0083
vt 0.600728 0.000000
vt 0.625000 0.000000
vt 0.625000 0.250000
vt 0.600728 0.250000
vt 0.625000 0.500000
vt 0.600728 0.500000
vt 0.625000 0.750000
vt 0.600728 0.750000
vt 0.625000 1.000000
vt 0.600728 1.000000
vt 0.375000 0.500000
vt 0.375000 0.750000
vt 0.875000 0.500000
vt 0.875000 0.750000
vt 0.493932 0.750000
vt 0.493932 1.000000
vt 0.375000 1.000000
vt 0.375000 0.250000
vt 0.493932 0.250000
vt 0.493932 0.500000
vt 0.375000 0.000000
vt 0.493932 0.000000
vt 0.125000 0.500000
vt 0.125000 0.750000
s 1
f 6849/2104/2705 6838/2105/2706 6840/2106/2707 6850/2107/2705
f 6850/2107/2708 6840/2106/2707 6844/2108/2709 6851/2109/2708
f 6851/2109/2710 6844/2108/2709 6842/2110/2711 6852/2111/2710
f 6852/2111/2712 6842/2110/2711 6838/2112/2706 6849/2113/2712
f 6875/2114/2713 6873/2115/2714 6870/2115/2715 6869/2114/2715
f 6844/2108/2709 6840/2116/2707 6838/2117/2706 6842/2110/2711
f 6841/2115/2716 6848/2118/2717 6845/2119/2718 6837/2120/2719
f 6839/2121/2720 6846/2122/2721 6847/2123/2722 6843/2114/2723
f 6848/2118/2724 6852/2111/2712 6849/2113/2712 6845/2119/2724
f 6846/2122/2725 6850/2107/2726 6851/2109/2727 6847/2123/2728
f 6853/2114/2729 6854/2123/2730 6860/2118/2730 6855/2115/2731
f 6847/2123/2722 6854/2123/2732 6853/2114/2733 6843/2114/2723
f 6848/2118/2734 6860/2118/2734 6854/2123/2734 6847/2123/2734
f 6841/2115/2716 6855/2115/2735 6860/2118/2736 6848/2118/2717
f 6876/2114/2737 6875/2114/2738 6869/2114/2739 6868/2114/2740
f 6856/2124/2741 6861/2125/2742 6864/2122/2742 6857/2121/2743
f 6845/2125/2718 6861/2125/2744 6856/2124/2745 6837/2124/2719
f 6839/2121/2720 6857/2121/2746 6864/2122/2747 6846/2122/2721
f 6879/2124/2748 6880/2124/2749 6887/2124/2750 6886/2124/2751
f 6854/2123/2752 6858/2109/2752 6859/2111/2753 6860/2118/2754
f 6851/2109/2727 6858/2109/2755 6854/2123/2755 6847/2123/2728
f 6852/2111/2756 6859/2111/2756 6858/2109/2756 6851/2109/2756
f 6848/2118/2757 6860/2118/2754 6859/2111/2753 6852/2111/2757
f 6861/2125/2758 6862/2104/2759 6863/2107/2760 6864/2122/2760
f 6849/2104/2761 6862/2104/2759 6861/2125/2758 6845/2125/2761
f 6850/2107/2762 6863/2107/2762 6862/2104/2762 6849/2104/2762
f 6846/2122/2725 6864/2122/2763 6863/2107/2763 6850/2107/2726
f 6845/2125/2764 6861/2125/2764 6864/2122/2764 6846/2122/2764
f 6866/2126/2765 6868/2114/2740 6867/2115/2766 6865/2127/2767
f 6868/2114/2740 6869/2114/2739 6870/2115/2768 6867/2115/2766
f 6865/2124/2767 6871/2124/2769 6872/2121/2770 6866/2121/2765
f 6878/2121/2771 6877/2121/2772 6866/2121/2765 6872/2121/2770
f 6867/2115/2766 6870/2115/2768 6884/2115/2773 6882/2115/2774
f 6871/2124/2769 6865/2124/2767 6883/2124/2775 6885/2124/2776
f 6880/2124/2777 6878/2121/2778 6872/2121/2779 6871/2124/2779
f 6877/2121/2772 6876/2114/2737 6868/2114/2740 6866/2121/2765
f 6839/2121/2720 6843/2114/2723 6876/2114/2737 6877/2121/2772
f 6856/2124/2741 6857/2121/2743 6878/2121/2778 6880/2124/2777
f 6837/2124/2719 6856/2124/2745 6880/2124/2749 6879/2124/2748
f 6841/2115/2716 6837/2120/2719 6879/2120/2748 6874/2115/2780
f 6857/2121/2746 6839/2121/2720 6877/2121/2772 6878/2121/2771
f 6855/2115/2735 6841/2115/2716 6874/2115/2780 6873/2115/2781
f 6843/2114/2723 6853/2114/2733 6875/2114/2738 6876/2114/2737
f 6853/2114/2729 6855/2115/2731 6873/2115/2714 6875/2114/2713
f 6888/2115/2782 6881/2115/2783 6882/2115/2784 6884/2115/2773
f 6881/2115/2783 6886/2120/2785 6883/2120/2786 6882/2115/2784
f 6886/2124/2785 6887/2124/2787 6885/2124/2776 6883/2124/2786
f 6873/2115/2781 6874/2115/2780 6881/2115/2788 6888/2115/2789
f 6874/2115/2780 6879/2120/2748 6886/2120/2751 6881/2115/2788
f 6865/2127/2767 6867/2115/2766 6882/2115/2774 6883/2127/2775
f 6889/2124/2790 6890/2124/2790 6891/2124/2790 6892/2124/2790
f 6871/2124/2791 6890/2124/2791 6889/2124/2791 6880/2124/2791
f 6885/2124/2776 6891/2124/2792 6890/2124/2793 6871/2124/2769
f 6887/2124/2787 6892/2124/2794 6891/2124/2792 6885/2124/2776
f 6880/2124/2749 6889/2124/2795 6892/2124/2795 6887/2124/2750
f 6893/2115/2796 6894/2115/2796 6895/2115/2796 6896/2115/2796
f 6873/2115/2797 6894/2115/2797 6893/2115/2797 6870/2115/2797
f 6888/2115/2789 6895/2115/2798 6894/2115/2798 6873/2115/2781
f 6884/2115/2773 6896/2115/2799 6895/2115/2800 6888/2115/2782
f 6870/2115/2768 6893/2115/2801 6896/2115/2799 6884/2115/2773
o Cube.006
v -2.267015 -0.363265 2.247182
v -2.267015 -0.110614 2.247182
v -2.064371 -0.351212 -10.689628
v -2.064371 -0.122667 -10.689628
v 1.980839 -0.363265 2.229690
v 1.980839 -0.110614 2.229690
v 1.778196 -0.351212 -10.705452
v 1.778196 -0.122667 -10.705452
vn -0.9999 -0.0000 -0.0157
vn -0.0041 -0.0000 -1.0000
vn 0.9999 -0.0000 -0.0157
vn 0.0041 -0.0000 1.0000
vn -0.0000 -1.0000 -0.0009
vn -0.0000 1.0000 -0.0009
vt 0.375000 0.000000
vt 0.625000 0.000000
vt 0.625000 0.250000
vt 0.375000 0.250000
vt 0.625000 0.500000
vt 0.375000 0.500000
vt 0.625000 0.750000
vt 0.375000 0.750000
vt 0.625000 1.000000
vt 0.375000 1.000000
vt 0.125000 0.500000
vt 0.125000 0.750000
vt 0.875000 0.500000
vt 0.875000 0.750000
s 0
f 6897/2128/2802 6898/2129/2802 6900/2130/2802 6899/2131/2802
f 6899/2131/2803 6900/2130/2803 6904/2132/2803 6903/2133/2803
f 6903/2133/2804 6904/2132/2804 6902/2134/2804 6901/2135/2804
f 6901/2135/2805 6902/2134/2805 6898/2136/2805 6897/2137/2805
f 6899/2138/2806 6903/2133/2806 6901/2135/2806 6897/2139/2806
f 6904/2132/2807 6900/2140/2807 6898/2141/2807 6902/2134/2807
o Cube.007
v 0.550887 1.223911 -2.016204
v 0.789439 2.839308 -2.784177
v 0.550887 1.160252 -2.121957
v 0.789439 2.801486 -2.837681
v 1.469903 1.223911 -2.016204
v 1.231351 2.839308 -2.784177
v 1.469903 1.160252 -2.121957
v 1.231351 2.801486 -2.837681
v 0.550887 1.873337 -2.415684
v 0.550887 1.801191 -2.520615
v 1.469903 1.801191 -2.520615
v 1.469903 1.873241 -2.415847
v 0.550887 2.667181 -2.702023
v 0.550887 2.590005 -2.811850
v 1.469903 2.590005 -2.811850
v 1.469903 2.667181 -2.702023
v 1.724754 1.194842 -2.106812
v 1.724754 1.899207 -2.391006
v 1.724754 1.255206 -1.996232
v 0.296036 1.253555 -1.993411
v 0.296036 1.826292 -2.496287
v 0.296036 1.192126 -2.102901
v 1.724754 1.826127 -2.496565
v 1.580089 2.010692 -2.615044
v 1.580089 2.069216 -2.530401
v 0.296036 1.899427 -2.390634
v 0.440701 2.069216 -2.530401
v 0.440701 2.010692 -2.615044
v 0.550887 0.739265 -1.765791
v 0.550887 0.739441 -1.892128
v 1.469903 0.739265 -1.765791
v 1.469903 0.739441 -1.892128
v 1.581684 0.740892 -1.878217
v 1.581684 0.740140 -1.776066
v 0.439106 0.740140 -1.776066
v 0.439106 0.740892 -1.878217
v 1.613707 0.886048 -1.828613
v 1.469903 0.884604 -1.825416
v 1.613707 0.886676 -1.935805
v 1.469903 0.884705 -1.951293
v 0.550887 0.884705 -1.951293
v 0.407083 0.886676 -1.935805
v 0.550887 0.884604 -1.825416
v 0.407083 0.886048 -1.828613
v 1.469903 0.883601 -0.761161
v 1.469903 0.730773 -0.748300
v 0.550887 0.730773 -0.748300
v 1.581684 0.730949 -0.762940
v 0.439106 0.730949 -0.762940
v 0.550887 0.883601 -0.761161
v 0.407083 0.883857 -0.771782
v 1.613707 0.883857 -0.771782
v 0.147033 0.965368 -1.835539
v 0.179056 0.816956 -1.798628
v 0.179056 0.806143 -0.795629
v 0.147033 0.959532 -0.801466
v 1.759625 0.814490 -1.814026
v 1.791648 0.962098 -1.855958
v 1.791648 0.958472 -0.808081
v 1.759625 0.805486 -0.799735
vn -0.6188 0.6423 -0.4522
vn -0.0000 -0.1212 -0.9926
vn 0.6188 0.6423 -0.4522
vn -0.0000 0.4307 0.9025
vn 0.9766 -0.2150 -0.0014
vn -0.0000 0.8166 -0.5772
vn 0.0001 0.5240 0.8517
vn -0.0000 -0.5282 -0.8491
vn 0.0001 0.3392 0.9407
vn -0.0000 -0.3464 -0.9381
vn 1.0000 -0.0000 -0.0000
vn 0.1259 -0.5226 -0.8433
vn -0.0277 0.8228 -0.5677
vn -0.1325 0.5188 0.8446
vn 0.1107 -0.3805 -0.9181
vn -1.0000 -0.0000 -0.0000
vn 0.1360 0.5190 0.8439
vn 0.0276 0.8228 -0.5677
vn -0.1302 -0.5232 -0.8422
vn 0.0058 1.0000 0.0015
vn 0.8346 0.4530 -0.3135
vn -0.0406 -0.3928 -0.9187
vn 0.9829 0.1510 -0.1054
vn 0.1787 0.4197 0.8899
vn -0.8346 0.4530 -0.3134
vn -0.1791 0.4202 0.8896
vn -0.9829 0.1510 -0.1054
vn 0.0401 -0.3930 -0.9187
vn -0.0000 -1.0000 -0.0014
vn 0.0105 -0.9999 -0.0041
vn -0.0105 -0.9999 -0.0041
vn -0.1107 -0.3805 -0.9181
vn 0.0037 -1.0000 -0.0087
vn -0.0037 -1.0000 -0.0087
vn -0.9766 -0.2150 -0.0014
vn -0.0000 -0.3772 -0.9261
vn -0.0000 -0.5265 -0.8501
vn -0.9575 -0.2776 0.0779
vn 0.0792 0.4579 0.8855
vn -0.0000 0.4901 0.8717
vn -0.1173 -0.5158 -0.8486
vn -0.0750 0.4595 0.8850
vn 0.1127 -0.5178 -0.8480
vn 0.9581 -0.2763 0.0758
vn 0.0981 0.0602 0.9934
vn -0.0000 0.0839 0.9965
vn -0.0981 0.0602 0.9934
vn -0.0058 1.0000 0.0015
vn -0.0000 1.0000 0.0009
vn -0.0000 -1.0000 -0.0083
vn -0.9782 -0.2078 -0.0017
vn -0.0353 -0.2976 -0.9540
vn -0.2796 -0.9601 -0.0095
vn -0.1121 0.0242 0.9934
vn 0.2854 0.9584 0.0037
vn 0.9780 -0.2086 -0.0013
vn -0.0499 -0.2961 -0.9538
vn -0.3895 0.9210 0.0025
vn 0.1955 0.0142 0.9806
vn 0.3845 -0.9231 -0.0083
vt 0.600728 0.000000
vt 0.625000 0.000000
vt 0.625000 0.250000
vt 0.600728 0.250000
vt 0.625000 0.500000
vt 0.600728 0.500000
vt 0.625000 0.750000
vt 0.600728 0.750000
vt 0.625000 1.000000
vt 0.600728 1.000000
vt 0.375000 0.500000
vt 0.375000 0.750000
vt 0.875000 0.500000
vt 0.875000 0.750000
vt 0.493932 0.750000
vt 0.493932 1.000000
vt 0.375000 1.000000
vt 0.375000 0.250000
vt 0.493932 0.250000
vt 0.493932 0.500000
vt 0.375000 0.000000
vt 0.493932 0.000000
vt 0.125000 0.500000
vt 0.125000 0.750000
s 0
f 6917/2142/2808 6906/2143/2808 6908/2144/2808 6918/2145/2808
f 6918/2145/2809 6908/2144/2809 6912/2146/2809 6919/2147/2809
f 6919/2147/2810 6912/2146/2810 6910/2148/2810 6920/2149/2810
f 6920/2149/2811 6910/2148/2811 6906/2150/2811 6917/2151/2811
f 6943/2152/2812 6941/2153/2812 6938/2153/2812 6937/2152/2812
f 6912/2146/2813 6908/2154/2813 6906/2155/2813 6910/2148/2813
f 6909/2153/2814 6916/2156/2814 6913/2157/2814 6905/2158/2814
f 6907/2159/2815 6914/2160/2815 6915/2161/2815 6911/2152/2815
f 6916/2156/2816 6920/2149/2816 6917/2151/2816 6913/2157/2816
f 6914/2160/2817 6918/2145/2817 6919/2147/2817 6915/2161/2817
f 6921/2152/2818 6927/2161/2818 6922/2156/2818 6923/2153/2818
f 6915/2161/2819 6927/2161/2819 6921/2152/2819 6911/2152/2819
f 6916/2156/2820 6922/2156/2820 6927/2161/2820 6915/2161/2820
f 6909/2153/2821 6923/2153/2821 6922/2156/2821 6916/2156/2821
f 6944/2152/2822 6943/2152/2822 6937/2152/2822 6936/2152/2822
f 6924/2162/2823 6930/2163/2823 6925/2160/2823 6926/2159/2823
f 6913/2163/2824 6930/2163/2824 6924/2162/2824 6905/2162/2824
f 6914/2160/2825 6925/2160/2825 6930/2163/2825 6913/2163/2825
f 6907/2159/2826 6926/2159/2826 6925/2160/2826 6914/2160/2826
f 6947/2162/2827 6948/2162/2827 6955/2162/2827 6954/2162/2827
f 6927/2161/2828 6928/2147/2828 6929/2149/2828 6922/2156/2828
f 6919/2147/2829 6928/2147/2829 6927/2161/2829 6915/2161/2829
f 6920/2149/2830 6929/2149/2830 6928/2147/2830 6919/2147/2830
f 6916/2156/2831 6922/2156/2831 6929/2149/2831 6920/2149/2831
f 6930/2163/2832 6931/2142/2832 6932/2145/2832 6925/2160/2832
f 6917/2142/2833 6931/2142/2833 6930/2163/2833 6913/2163/2833
f 6918/2145/2834 6932/2145/2834 6931/2142/2834 6917/2142/2834
f 6914/2160/2835 6925/2160/2835 6932/2145/2835 6918/2145/2835
f 6934/2164/2836 6936/2152/2836 6935/2153/2836 6933/2165/2836
f 6936/2152/2837 6937/2152/2837 6938/2153/2837 6935/2153/2837
f 6933/2162/2838 6939/2162/2838 6940/2159/2838 6934/2159/2838
f 6946/2159/2839 6945/2159/2839 6934/2159/2839 6940/2159/2839
f 6935/2153/2840 6938/2153/2840 6952/2153/2840 6950/2153/2840
f 6939/2162/2841 6933/2162/2841 6951/2162/2841 6953/2162/2841
f 6948/2162/2842 6946/2159/2842 6940/2159/2842 6939/2162/2842
f 6945/2159/2843 6944/2152/2843 6936/2152/2843 6934/2159/2843
f 6907/2159/2844 6911/2152/2844 6944/2152/2844 6945/2159/2844
f 6924/2162/2845 6926/2159/2845 6946/2159/2845 6948/2162/2845
f 6905/2162/2846 6924/2162/2846 6948/2162/2846 6947/2162/2846
f 6909/2153/2847 6905/2158/2847 6947/2158/2847 6942/2153/2847
f 6926/2159/2848 6907/2159/2848 6945/2159/2848 6946/2159/2848
f 6923/2153/2849 6909/2153/2849 6942/2153/2849 6941/2153/2849
f 6911/2152/2850 6921/2152/2850 6943/2152/2850 6944/2152/2850
f 6921/2152/2851 6923/2153/2851 6941/2153/2851 6943/2152/2851
f 6956/2153/2852 6949/2153/2852 6950/2153/2852 6952/2153/2852
f 6949/2153/2853 6954/2158/2853 6951/2158/2853 6950/2153/2853
f 6954/2162/2854 6955/2162/2854 6953/2162/2854 6951/2162/2854
f 6941/2153/2855 6942/2153/2855 6949/2153/2855 6956/2153/2855
f 6942/2153/2856 6947/2158/2856 6954/2158/2856 6949/2153/2856
f 6933/2165/2857 6935/2153/2857 6950/2153/2857 6951/2165/2857
f 6957/2162/2858 6958/2162/2858 6959/2162/2858 6960/2162/2858
f 6939/2162/2859 6958/2162/2859 6957/2162/2859 6948/2162/2859
f 6953/2162/2860 6959/2162/2860 6958/2162/2860 6939/2162/2860
f 6955/2162/2861 6960/2162/2861 6959/2162/2861 6953/2162/2861
f 6948/2162/2862 6957/2162/2862 6960/2162/2862 6955/2162/2862
f 6961/2153/2863 6962/2153/2863 6963/2153/2863 6964/2153/2863
f 6941/2153/2864 6962/2153/2864 6961/2153/2864 6938/2153/2864
f 6956/2153/2865 6963/2153/2865 6962/2153/2865 6941/2153/2865
f 6952/2153/2866 6964/2153/2866 6963/2153/2866 6956/2153/2866
f 6938/2153/2867 6961/2153/2867 6964/2153/2867 6952/2153/2867
o Cube.008
v -1.302641 1.223911 -2.016204
v -1.064089 2.839308 -2.784177
v -1.302641 1.160252 -2.121957
v -1.064089 2.801486 -2.837681
v -0.383625 1.223911 -2.016204
v -0.622177 2.839308 -2.784177
v -0.383625 1.160252 -2.121957
v -0.622177 2.801486 -2.837681
v -1.302641 1.873337 -2.415684
v -1.302641 1.801191 -2.520615
v -0.383625 1.801191 -2.520615
v -0.383625 1.873241 -2.415847
v -1.302641 2.667181 -2.702023
v -1.302641 2.590005 -2.811850
v -0.383625 2.590005 -2.811850
v -0.383625 2.667181 -2.702023
v -0.128774 1.194842 -2.106812
v -0.128774 1.899207 -2.391006
v -0.128774 1.255206 -1.996232
v -1.557492 1.253555 -1.993411
v -1.557492 1.192126 -2.102901
v -0.128774 1.826127 -2.496565
v -0.273439 2.010692 -2.615044
v -0.273439 2.069216 -2.530401
v -1.557492 1.899427 -2.390634
v -1.412827 2.069216 -2.530401
v -1.412827 2.010692 -2.615044
v -1.557492 1.826292 -2.496287
v -1.302641 0.739265 -1.765791
v -1.302641 0.739441 -1.892128
v -0.383625 0.739265 -1.765791
v -0.383625 0.739441 -1.892128
v -0.271844 0.740892 -1.878217
v -0.271844 0.740140 -1.776066
v -1.414422 0.740140 -1.776066
v -1.414422 0.740892 -1.878217
v -0.239821 0.886048 -1.828613
v -0.383625 0.884604 -1.825416
v -0.239821 0.886676 -1.935805
v -0.383625 0.884705 -1.951293
v -1.302641 0.884705 -1.951293
v -1.446445 0.886676 -1.935805
v -1.302641 0.884604 -1.825416
v -1.446445 0.886048 -1.828613
v -0.383625 0.883601 -0.761161
v -0.383625 0.730773 -0.748300
v -1.302641 0.730773 -0.748300
v -0.271844 0.730949 -0.762940
v -1.414422 0.730949 -0.762940
v -1.302641 0.883601 -0.761161
v -1.446445 0.883857 -0.771782
v -0.239821 0.883857 -0.771782
v -1.706496 0.965368 -1.835539
v -1.674473 0.816956 -1.798628
v -1.674473 0.806143 -0.795629
v -1.706496 0.959532 -0.801466
v -0.093904 0.814490 -1.814026
v -0.061881 0.962098 -1.855958
v -0.061881 0.958472 -0.808081
v -0.093904 0.805486 -0.799735
vn -0.6188 0.6423 -0.4522
vn -0.0000 -0.1212 -0.9926
vn 0.6188 0.6423 -0.4522
vn -0.0000 0.4307 0.9025
vn 0.9766 -0.2150 -0.0014
vn -0.0000 0.8166 -0.5772
vn 0.0001 0.5240 0.8517
vn -0.0000 -0.5282 -0.8491
vn 0.0001 0.3392 0.9407
vn -0.0000 -0.3464 -0.9381
vn 1.0000 -0.0000 -0.0000
vn 0.1259 -0.5226 -0.8433
vn -0.0277 0.8228 -0.5677
vn -0.1325 0.5188 0.8446
vn 0.1107 -0.3805 -0.9181
vn -1.0000 -0.0000 -0.0000
vn 0.1360 0.5190 0.8439
vn -0.1302 -0.5232 -0.8422
vn 0.0058 1.0000 0.0015
vn 0.8346 0.4530 -0.3135
vn -0.0406 -0.3928 -0.9187
vn 0.9829 0.1510 -0.1054
vn 0.1787 0.4197 0.8899
vn -0.8346 0.4530 -0.3134
vn -0.1791 0.4202 0.8896
vn -0.9829 0.1510 -0.1054
vn 0.0401 -0.3930 -0.9187
vn -0.0276 -0.8228 0.5677
vn -0.0000 -1.0000 -0.0014
vn 0.0105 -0.9999 -0.0041
vn -0.0105 -0.9999 -0.0041
vn -0.1107 -0.3805 -0.9181
vn 0.0037 -1.0000 -0.0087
vn -0.0037 -1.0000 -0.0087
vn -0.9766 -0.2150 -0.0014
vn -0.0000 -0.3772 -0.9261
vn -0.0000 -0.5265 -0.8501
vn -0.9575 -0.2776 0.0779
vn 0.0792 0.4579 0.8855
vn -0.0000 0.4901 0.8717
vn -0.1173 -0.5158 -0.8486
vn -0.0750 0.4595 0.8850
vn 0.1127 -0.5178 -0.8480
vn 0.9581 -0.2763 0.0758
vn 0.0981 0.0602 0.9934
vn -0.0000 0.0839 0.9965
vn -0.0981 0.0602 0.9934
vn -0.0058 1.0000 0.0015
vn -0.0000 1.0000 0.0009
vn -0.0000 -1.0000 -0.0083
vn -0.9782 -0.2078 -0.0017
vn -0.0353 -0.2976 -0.9540
vn -0.2796 -0.9601 -0.0095
vn -0.1121 0.0242 0.9934
vn 0.2854 0.9584 0.0037
vn 0.9780 -0.2086 -0.0013
vn -0.0499 -0.2961 -0.9538
vn -0.3895 0.9210 0.0025
vn 0.1955 0.0142 0.9806
vn 0.3845 -0.9231 -0.0083
vt 0.600728 0.000000
vt 0.625000 0.000000
vt 0.625000 0.250000
vt 0.600728 0.250000
vt 0.625000 0.500000
vt 0.600728 0.500000
vt 0.625000 0.750000
vt 0.600728 0.750000
vt 0.625000 1.000000
vt 0.600728 1.000000
vt 0.375000 0.500000
vt 0.375000 0.750000
vt 0.875000 0.500000
vt 0.875000 0.750000
vt 0.493932 0.750000
vt 0.493932 1.000000
vt 0.375000 1.000000
vt 0.375000 0.250000
vt 0.493932 0.250000
vt 0.493932 0.500000
vt 0.375000 0.000000
vt 0.493932 0.000000
vt 0.125000 0.500000
vt 0.125000 0.750000
s 0
f 6977/2166/2868 6966/2167/2868 6968/2168/2868 6978/2169/2868
f 6978/2169/2869 6968/2168/2869 6972/2170/2869 6979/2171/2869
f 6979/2171/2870 6972/2170/2870 6970/2172/2870 6980/2173/2870
f 6980/2173/2871 6970/2172/2871 6966/2174/2871 6977/2175/2871
f 7003/2176/2872 7001/2177/2872 6998/2177/2872 6997/2176/2872
f 6972/2170/2873 6968/2178/2873 6966/2179/2873 6970/2172/2873
f 6969/2177/2874 6976/2180/2874 6973/2181/2874 6965/2182/2874
f 6967/2183/2875 6974/2184/2875 6975/2185/2875 6971/2176/2875
f 6976/2180/2876 6980/2173/2876 6977/2175/2876 6973/2181/2876
f 6974/2184/2877 6978/2169/2877 6979/2171/2877 6975/2185/2877
f 6981/2176/2878 6986/2185/2878 6982/2180/2878 6983/2177/2878
f 6975/2185/2879 6986/2185/2879 6981/2176/2879 6971/2176/2879
f 6976/2180/2880 6982/2180/2880 6986/2185/2880 6975/2185/2880
f 6969/2177/2881 6983/2177/2881 6982/2180/2881 6976/2180/2881
f 7004/2176/2882 7003/2176/2882 6997/2176/2882 6996/2176/2882
f 6984/2186/2883 6989/2187/2883 6992/2184/2883 6985/2183/2883
f 6973/2187/2884 6989/2187/2884 6984/2186/2884 6965/2186/2884
f 6967/2183/2885 6985/2183/2885 6992/2184/2885 6974/2184/2885
f 7007/2186/2886 7008/2186/2886 7015/2186/2886 7014/2186/2886
f 6986/2185/2887 6987/2171/2887 6988/2173/2887 6982/2180/2887
f 6979/2171/2888 6987/2171/2888 6986/2185/2888 6975/2185/2888
f 6980/2173/2889 6988/2173/2889 6987/2171/2889 6979/2171/2889
f 6976/2180/2890 6982/2180/2890 6988/2173/2890 6980/2173/2890
f 6989/2187/2891 6990/2166/2891 6991/2169/2891 6992/2184/2891
f 6977/2166/2892 6990/2166/2892 6989/2187/2892 6973/2187/2892
f 6978/2169/2893 6991/2169/2893 6990/2166/2893 6977/2166/2893
f 6974/2184/2894 6992/2184/2894 6991/2169/2894 6978/2169/2894
f 6973/2187/2895 6989/2187/2895 6992/2184/2895 6974/2184/2895
f 6994/2188/2896 6996/2176/2896 6995/2177/2896 6993/2189/2896
f 6996/2176/2897 6997/2176/2897 6998/2177/2897 6995/2177/2897
f 6993/2186/2898 6999/2186/2898 7000/2183/2898 6994/2183/2898
f 7006/2183/2899 7005/2183/2899 6994/2183/2899 7000/2183/2899
f 6995/2177/2900 6998/2177/2900 7012/2177/2900 7010/2177/2900
f 6999/2186/2901 6993/2186/2901 7011/2186/2901 7013/2186/2901
f 7008/2186/2902 7006/2183/2902 7000/2183/2902 6999/2186/2902
f 7005/2183/2903 7004/2176/2903 6996/2176/2903 6994/2183/2903
f 6967/2183/2904 6971/2176/2904 7004/2176/2904 7005/2183/2904
f 6984/2186/2905 6985/2183/2905 7006/2183/2905 7008/2186/2905
f 6965/2186/2906 6984/2186/2906 7008/2186/2906 7007/2186/2906
f 6969/2177/2907 6965/2182/2907 7007/2182/2907 7002/2177/2907
f 6985/2183/2908 6967/2183/2908 7005/2183/2908 7006/2183/2908
f 6983/2177/2909 6969/2177/2909 7002/2177/2909 7001/2177/2909
f 6971/2176/2910 6981/2176/2910 7003/2176/2910 7004/2176/2910
f 6981/2176/2911 6983/2177/2911 7001/2177/2911 7003/2176/2911
f 7016/2177/2912 7009/2177/2912 7010/2177/2912 7012/2177/2912
f 7009/2177/2913 7014/2182/2913 7011/2182/2913 7010/2177/2913
f 7014/2186/2914 7015/2186/2914 7013/2186/2914 7011/2186/2914
f 7001/2177/2915 7002/2177/2915 7009/2177/2915 7016/2177/2915
f 7002/2177/2916 7007/2182/2916 7014/2182/2916 7009/2177/2916
f 6993/2189/2917 6995/2177/2917 7010/2177/2917 7011/2189/2917
f 7017/2186/2918 7018/2186/2918 7019/2186/2918 7020/2186/2918
f 6999/2186/2919 7018/2186/2919 7017/2186/2919 7008/2186/2919
f 7013/2186/2920 7019/2186/2920 7018/2186/2920 6999/2186/2920
f 7015/2186/2921 7020/2186/2921 7019/2186/2921 7013/2186/2921
f 7008/2186/2922 7017/2186/2922 7020/2186/2922 7015/2186/2922
f 7021/2177/2923 7022/2177/2923 7023/2177/2923 7024/2177/2923
f 7001/2177/2924 7022/2177/2924 7021/2177/2924 6998/2177/2924
f 7016/2177/2925 7023/2177/2925 7022/2177/2925 7001/2177/2925
f 7012/2177/2926 7024/2177/2926 7023/2177/2926 7016/2177/2926
f 6998/2177/2927 7021/2177/2927 7024/2177/2927 7012/2177/2927
o Cube.009
v 1.507364 2.322646 1.889094
v -0.000000 2.313301 1.897538
v 1.507364 4.067197 -2.916011
v -1.507364 2.322646 1.889094
v -1.507364 4.067197 -2.916011
v -0.000000 4.057877 -2.907557
v 1.507364 2.283940 1.875040
v -0.000000 2.274594 1.883485
v 1.507364 4.028490 -2.930064
v -1.507364 2.283940 1.875040
v -1.507364 4.028490 -2.930064
v -0.000000 4.019170 -2.921610
vn -0.0000 0.9400 0.3413
vn -0.0000 -0.9400 -0.3413
vn 1.0000 -0.0000 -0.0000
vn 0.0074 -0.3413 0.9399
vn -0.0074 0.3413 -0.9399
vn -1.0000 -0.0000 -0.0000
vn -0.0074 -0.3413 0.9399
vn 0.0074 0.3413 -0.9399
vt 0.649084 0.659714
vt 0.649084 0.601848
vt 0.750000 0.601848
vt 0.649084 0.601848
vt 0.649084 0.659714
vt 0.750000 0.659714
s 0
usemtl Material
f 7025/2190/2928 7027/2191/2928 7030/2192/2928 7029/2193/2928 7028/2194/2928 7026/2195/2928
f 7031/2190/2929 7032/2195/2929 7034/2194/2929 7035/2193/2929 7036/2192/2929 7033/2191/2929
f 7027/2191/2930 7025/2190/2930 7031/2190/2930 7033/2191/2930
f 7025/2190/2931 7026/2195/2931 7032/2195/2931 7031/2190/2931
f 7030/2192/2932 7027/2191/2932 7033/2191/2932 7036/2192/2932
f 7028/2194/2933 7029/2193/2933 7035/2193/2933 7034/2194/2933
f 7026/2195/2934 7028/2194/2934 7034/2194/2934 7032/2195/2934
f 7029/2193/2935 7030/2192/2935 7036/2192/2935 7035/2193/2935
o Cube.010
v 2.884712 3.389224 -8.852514
v 1.331655 2.138151 -13.416505
v 2.443425 3.499954 -8.904236
v 1.682563 2.117496 -13.427730
v 3.174360 6.404108 -18.893677
v 3.445870 6.739655 -17.974567
v 3.223042 6.401242 -18.895235
v 3.507091 6.724292 -17.967392
v 1.193398 1.382843 -13.162415
v 2.305168 2.744646 -8.650146
v 1.544306 1.362188 -13.173639
v 2.746454 2.633916 -8.598424
v -2.884712 3.389224 -8.852514
v -1.331655 2.138151 -13.416505
v -2.443425 3.499954 -8.904236
v -1.682563 2.117496 -13.427730
v -3.174360 6.404108 -18.893677
v -3.445870 6.739655 -17.974567
v -3.223042 6.401242 -18.895235
v -3.507091 6.724292 -17.967392
v -1.193398 1.382843 -13.162415
v -2.305168 2.744646 -8.650146
v -1.544306 1.362188 -13.173639
v -2.746454 2.633916 -8.598424
vn -0.9406 0.3096 0.1390
vn -0.9188 0.3779 0.1136
vn -0.9585 0.2314 0.1663
vn 0.1703 0.9108 -0.3760
vn 0.1915 0.9795 -0.0628
vn 0.1941 0.9802 0.0395
vn 0.9387 -0.3040 -0.1625
vn 0.9192 -0.3681 -0.1398
vn 0.8839 -0.4553 -0.1068
vn -0.0602 -0.5830 -0.8102
vn -0.0589 -0.5463 -0.8355
vn -0.0658 -0.7764 -0.6268
vn 0.1894 0.9179 0.3488
vn -0.8762 0.4762 0.0743
vn -0.1709 -0.9339 0.3142
vn 0.9538 -0.2368 -0.1848
vn -0.0486 -0.3105 -0.9493
vn -0.0297 0.3236 0.9457
vn 0.9406 0.3096 0.1390
vn 0.9585 0.2314 0.1663
vn 0.9188 0.3779 0.1136
vn -0.1703 0.9108 -0.3760
vn -0.1941 0.9802 0.0395
vn -0.1915 0.9795 -0.0628
vn -0.9387 -0.3040 -0.1625
vn -0.8839 -0.4553 -0.1068
vn -0.9192 -0.3681 -0.1398
vn 0.0602 -0.5830 -0.8102
vn 0.0658 -0.7764 -0.6268
vn 0.0589 -0.5463 -0.8355
vn -0.1894 0.9179 0.3488
vn 0.8762 0.4762 0.0743
vn 0.1709 -0.9339 0.3142
vn -0.9538 -0.2368 -0.1848
vn 0.0486 -0.3105 -0.9493
vn 0.0297 0.3236 0.9457
vt 0.640625 0.539943
vt 0.640625 0.500000
vt 0.632812 0.500000
vt 0.632812 0.539943
s 1
usemtl Material
f 7039/2196/2936 7038/2197/2937 7045/2197/2938 7046/2196/2938
f 7043/2198/2939 7041/2197/2939 7042/2196/2940 7044/2199/2941
f 7037/2199/2942 7040/2198/2943 7043/2198/2944 7044/2199/2944
f 7040/2198/2945 7038/2197/2946 7041/2197/2947 7043/2198/2947
f 7039/2196/2948 7037/2199/2948 7044/2199/2941 7042/2196/2940
f 7038/2197/2937 7039/2196/2936 7042/2196/2949 7041/2197/2949
f 7047/2198/2950 7048/2199/2950 7046/2196/2950 7045/2197/2950
f 7040/2198/2943 7037/2199/2942 7048/2199/2951 7047/2198/2951
f 7038/2197/2946 7040/2198/2945 7047/2198/2952 7045/2197/2952
f 7037/2199/2953 7039/2196/2953 7046/2196/2953 7048/2199/2953
f 7051/2196/2954 7058/2196/2955 7057/2197/2955 7050/2197/2956
f 7055/2198/2957 7056/2199/2958 7054/2196/2959 7053/2197/2957
f 7049/2199/2960 7056/2199/2961 7055/2198/2961 7052/2198/2962
f 7052/2198/2963 7055/2198/2964 7053/2197/2964 7050/2197/2965
f 7051/2196/2966 7054/2196/2959 7056/2199/2958 7049/2199/2966
f 7050/2197/2956 7053/2197/2967 7054/2196/2967 7051/2196/2954
f 7059/2198/2968 7057/2197/2968 7058/2196/2968 7060/2199/2968
f 7052/2198/2962 7059/2198/2969 7060/2199/2969 7049/2199/2960
f 7050/2197/2965 7057/2197/2970 7059/2198/2970 7052/2198/2963
f 7049/2199/2971 7060/2199/2971 7058/2196/2971 7051/2196/2971
o Cube.004
v 2.089936 1.983975 1.893256
v 2.134928 2.036549 -2.622755
v 1.844383 3.847111 -2.767613
v 1.892088 2.162525 1.877521
v 1.965837 1.942372 1.885416
v 2.010829 1.994945 -2.630595
v 1.720284 3.805508 -2.775452
v 1.767989 2.120921 1.869682
v -2.089936 1.983975 1.893256
v -2.134928 2.036549 -2.622755
v -1.844383 3.847111 -2.767613
v -1.892088 2.162525 1.877521
v -1.965837 1.942372 1.885416
v -2.010829 1.994945 -2.630595
v -1.720284 3.805508 -2.775452
v -1.767989 2.120921 1.869682
vn 0.9693 0.2417 0.0455
vn -0.9693 -0.2417 -0.0455
vn -0.3189 0.8899 0.3260
vn -0.0674 0.0132 0.9976
vn 0.0849 -0.0659 -0.9942
vn 0.3183 -0.9480 -0.0079
vn -0.9693 0.2417 0.0455
vn 0.9693 -0.2417 -0.0455
vn 0.3189 0.8899 0.3260
vn 0.0674 0.0132 0.9976
vn -0.0849 -0.0659 -0.9942
vn -0.3183 -0.9480 -0.0079
vt 0.620058 0.659865
vt 0.616813 0.659840
vt 0.574761 0.601868
vt 0.614353 0.601845
s 0
usemtl Material
f 7064/2200/2972 7061/2201/2972 7062/2202/2972 7063/2203/2972
f 7068/2200/2973 7067/2203/2973 7066/2202/2973 7065/2201/2973
f 7064/2200/2974 7063/2203/2974 7067/2203/2974 7068/2200/2974
f 7061/2201/2975 7064/2200/2975 7068/2200/2975 7065/2201/2975
f 7063/2203/2976 7062/2202/2976 7066/2202/2976 7067/2203/2976
f 7062/2202/2977 7061/2201/2977 7065/2201/2977 7066/2202/2977
f 7072/2200/2978 7071/2203/2978 7070/2202/2978 7069/2201/2978
f 7076/2200/2979 7073/2201/2979 7074/2202/2979 7075/2203/2979
f 7072/2200/2980 7076/2200/2980 7075/2203/2980 7071/2203/2980
f 7069/2201/2981 7073/2201/2981 7076/2200/2981 7072/2200/2981
f 7071/2203/2982 7075/2203/2982 7074/2202/2982 7070/2202/2982
f 7070/2202/2983 7074/2202/2983 7073/2201/2983 7069/2201/2983
