# Blender 5.0.1
# www.blender.org
mtllib Untitled.mtl
o Cylinder
v 0.000000 0.045948 -0.482854
v 0.000000 0.146694 -0.367932
v 0.030319 0.045948 -0.481901
v 0.023103 0.146694 -0.367206
v 0.060518 0.045948 -0.479046
v 0.046114 0.146694 -0.365030
v 0.090478 0.045948 -0.474301
v 0.068943 0.146694 -0.361414
v 0.120081 0.045948 -0.467684
v 0.091501 0.146694 -0.356372
v 0.149210 0.045948 -0.459221
v 0.113697 0.146694 -0.349924
v 0.177750 0.045948 -0.448946
v 0.135445 0.146694 -0.342094
v 0.205589 0.045948 -0.436899
v 0.156658 0.146694 -0.332914
v 0.232617 0.045948 -0.423128
v 0.177252 0.146694 -0.322421
v 0.258726 0.045948 -0.407687
v 0.197148 0.146694 -0.310655
v 0.283814 0.045948 -0.390637
v 0.216265 0.146694 -0.297663
v 0.307783 0.045948 -0.372045
v 0.234528 0.146694 -0.283496
v 0.330536 0.045948 -0.351985
v 0.251866 0.146694 -0.268211
v 0.351985 0.045948 -0.330536
v 0.268211 0.146694 -0.251866
v 0.372045 0.045948 -0.307783
v 0.283496 0.146694 -0.234528
v 0.390637 0.045948 -0.283814
v 0.297663 0.146694 -0.216265
v 0.407687 0.045948 -0.258726
v 0.310655 0.146694 -0.197148
v 0.423128 0.045948 -0.232617
v 0.322421 0.146694 -0.177252
v 0.436899 0.045948 -0.205589
v 0.332914 0.146694 -0.156658
v 0.448946 0.045948 -0.177750
v 0.342094 0.146694 -0.135445
v 0.459221 0.045948 -0.149210
v 0.349924 0.146694 -0.113697
v 0.467684 0.045948 -0.120081
v 0.356372 0.146694 -0.091501
v 0.474301 0.045948 -0.090478
v 0.361414 0.146694 -0.068943
v 0.479046 0.045948 -0.060518
v 0.365030 0.146694 -0.046114
v 0.481901 0.045948 -0.030319
v 0.367206 0.146694 -0.023103
v 0.482854 0.045948 0.000000
v 0.367932 0.146694 0.000000
v 0.481901 0.045948 0.030319
v 0.367206 0.146694 0.023103
v 0.479046 0.045948 0.060518
v 0.365030 0.146694 0.046114
v 0.474301 0.045948 0.090478
v 0.361414 0.146694 0.068943
v 0.467684 0.045948 0.120081
v 0.356372 0.146694 0.091501
v 0.459221 0.045948 0.149210
v 0.349924 0.146694 0.113697
v 0.448946 0.045948 0.177750
v 0.342094 0.146694 0.135445
v 0.436899 0.045948 0.205589
v 0.332914 0.146694 0.156658
v 0.423128 0.045948 0.232617
v 0.322421 0.146694 0.177252
v 0.407687 0.045948 0.258726
v 0.310655 0.146694 0.197148
v 0.390637 0.045948 0.283814
v 0.297663 0.146694 0.216265
v 0.372045 0.045948 0.307783
v 0.283496 0.146694 0.234528
v 0.351985 0.045948 0.330536
v 0.268211 0.146694 0.251866
v 0.330536 0.045948 0.351985
v 0.251866 0.146694 0.268211
v 0.307783 0.045948 0.372045
v 0.234528 0.146694 0.283496
v 0.283814 0.045948 0.390637
v 0.216265 0.146694 0.297663
v 0.258726 0.045948 0.407687
v 0.197148 0.146694 0.310655
v 0.232617 0.045948 0.423128
v 0.177252 0.146694 0.322421
v 0.205589 0.045948 0.436899
v 0.156658 0.146694 0.332914
v 0.177750 0.045948 0.448946
v 0.135445 0.146694 0.342094
v 0.149210 0.045948 0.459221
v 0.113697 0.146694 0.349924
v 0.120081 0.045948 0.467684
v 0.091501 0.146694 0.356372
v 0.090478 0.045948 0.474301
v 0.068943 0.146694 0.361414
v 0.060518 0.045948 0.479046
v 0.046114 0.146694 0.365030
v 0.030319 0.045948 0.481901
v 0.023103 0.146694 0.367206
v 0.000000 0.045948 0.482854
v 0.000000 0.146694 0.367932
v -0.030319 0.045948 0.481901
v -0.023103 0.146694 0.367206
v -0.060518 0.045948 0.479046
v -0.046114 0.146694 0.365030
v -0.090478 0.045948 0.474301
v -0.068943 0.146694 0.361414
v -0.120081 0.045948 0.467684
v -0.091501 0.146694 0.356372
v -0.149210 0.045948 0.459221
v -0.113697 0.146694 0.349924
v -0.177750 0.045948 0.448946
v -0.135445 0.146694 0.342094
v -0.205589 0.045948 0.436899
v -0.156658 0.146694 0.332914
v -0.232617 0.045948 0.423128
v -0.177252 0.146694 0.322421
v -0.258726 0.045948 0.407687
v -0.197148 0.146694 0.310655
v -0.283814 0.045948 0.390637
v -0.216265 0.146694 0.297663
v -0.307783 0.045948 0.372045
v -0.234528 0.146694 0.283496
v -0.330536 0.045948 0.351985
v -0.251866 0.146694 0.268211
v -0.351985 0.045948 0.330536
v -0.268211 0.146694 0.251866
v -0.372045 0.045948 0.307783
v -0.283496 0.146694 0.234528
v -0.390637 0.045948 0.283814
v -0.297663 0.146694 0.216265
v -0.407687 0.045948 0.258726
v -0.310655 0.146694 0.197148
v -0.423128 0.045948 0.232617
v -0.322421 0.146694 0.177252
v -0.436899 0.045948 0.205589
v -0.332914 0.146694 0.156658
v -0.448946 0.045948 0.177750
v -0.342094 0.146694 0.135445
v -0.459221 0.045948 0.149210
v -0.349924 0.146694 0.113697
v -0.467684 0.045948 0.120081
v -0.356372 0.146694 0.091501
v -0.474301 0.045948 0.090478
v -0.361414 0.146694 0.068943
v -0.479046 0.045948 0.060518
v -0.365030 0.146694 0.046114
v -0.481901 0.045948 0.030319
v -0.367206 0.146694 0.023103
v -0.482854 0.045948 0.000000
v -0.367932 0.146694 0.000000
v -0.481901 0.045948 -0.030319
v -0.367206 0.146694 -0.023103
v -0.479046 0.045948 -0.060518
v -0.365030 0.146694 -0.046114
v -0.474301 0.045948 -0.090478
v -0.361414 0.146694 -0.068943
v -0.467684 0.045948 -0.120081
v -0.356372 0.146694 -0.091501
v -0.459221 0.045948 -0.149210
v -0.349924 0.146694 -0.113697
v -0.448946 0.045948 -0.177750
v -0.342094 0.146694 -0.135445
v -0.436899 0.045948 -0.205589
v -0.332914 0.146694 -0.156658
v -0.423128 0.045948 -0.232617
v -0.322421 0.146694 -0.177252
v -0.407687 0.045948 -0.258726
v -0.310655 0.146694 -0.197148
v -0.390637 0.045948 -0.283814
v -0.297663 0.146694 -0.216265
v -0.372045 0.045948 -0.307783
v -0.283496 0.146694 -0.234528
v -0.351985 0.045948 -0.330536
v -0.268211 0.146694 -0.251866
v -0.330536 0.045948 -0.351985
v -0.251866 0.146694 -0.268211
v -0.307783 0.045948 -0.372045
v -0.234528 0.146694 -0.283496
v -0.283814 0.045948 -0.390637
v -0.216265 0.146694 -0.297663
v -0.258726 0.045948 -0.407687
v -0.197148 0.146694 -0.310655
v -0.232617 0.045948 -0.423128
v -0.177252 0.146694 -0.322421
v -0.205589 0.045948 -0.436899
v -0.156658 0.146694 -0.332914
v -0.177750 0.045948 -0.448946
v -0.135445 0.146694 -0.342094
v -0.149210 0.045948 -0.459221
v -0.113697 0.146694 -0.349924
v -0.120081 0.045948 -0.467684
v -0.091501 0.146694 -0.356372
v -0.090478 0.045948 -0.474301
v -0.068943 0.146694 -0.361414
v -0.060518 0.045948 -0.479046
v -0.046114 0.146694 -0.365030
v -0.030319 0.045948 -0.481901
v -0.023103 0.146694 -0.367206
v 0.030319 0.121105 -0.481901
v 0.000000 0.121105 -0.482854
v 0.060518 0.121105 -0.479046
v 0.090478 0.121105 -0.474301
v 0.120081 0.121105 -0.467684
v 0.149210 0.121105 -0.459221
v 0.177750 0.121105 -0.448946
v 0.205589 0.121105 -0.436899
v 0.232617 0.121105 -0.423128
v 0.258726 0.121105 -0.407687
v 0.283814 0.121105 -0.390637
v 0.307783 0.121105 -0.372045
v 0.330536 0.121105 -0.351985
v 0.351985 0.121105 -0.330536
v 0.372045 0.121105 -0.307783
v 0.390637 0.121105 -0.283814
v 0.407687 0.121105 -0.258726
v 0.423128 0.121105 -0.232617
v 0.436899 0.121105 -0.205589
v 0.448946 0.121105 -0.177750
v 0.459221 0.121105 -0.149210
v 0.467684 0.121105 -0.120081
v 0.474301 0.121105 -0.090478
v 0.479046 0.121105 -0.060518
v 0.481901 0.121105 -0.030319
v 0.482854 0.121105 0.000000
v 0.481901 0.121105 0.030319
v 0.479046 0.121105 0.060518
v 0.474301 0.121105 0.090478
v 0.467684 0.121105 0.120081
v 0.459221 0.121105 0.149210
v 0.448946 0.121105 0.177750
v 0.436899 0.121105 0.205589
v 0.423128 0.121105 0.232617
v 0.407687 0.121105 0.258726
v 0.390637 0.121105 0.283814
v 0.372045 0.121105 0.307783
v 0.351985 0.121105 0.330536
v 0.330536 0.121105 0.351985
v 0.307783 0.121105 0.372045
v 0.283814 0.121105 0.390637
v 0.258726 0.121105 0.407687
v 0.232617 0.121105 0.423128
v 0.205589 0.121105 0.436899
v 0.177750 0.121105 0.448946
v 0.149210 0.121105 0.459221
v 0.120081 0.121105 0.467684
v 0.090478 0.121105 0.474301
v 0.060518 0.121105 0.479046
v 0.030319 0.121105 0.481901
v 0.000000 0.121105 0.482854
v -0.030319 0.121105 0.481901
v -0.060518 0.121105 0.479046
v -0.090478 0.121105 0.474301
v -0.120081 0.121105 0.467684
v -0.149210 0.121105 0.459221
v -0.177750 0.121105 0.448946
v -0.205589 0.121105 0.436899
v -0.232617 0.121105 0.423128
v -0.258726 0.121105 0.407687
v -0.283814 0.121105 0.390637
v -0.307783 0.121105 0.372045
v -0.330536 0.121105 0.351985
v -0.351985 0.121105 0.330536
v -0.372045 0.121105 0.307783
v -0.390637 0.121105 0.283814
v -0.407687 0.121105 0.258726
v -0.423128 0.121105 0.232617
v -0.436899 0.121105 0.205589
v -0.448946 0.121105 0.177750
v -0.459221 0.121105 0.149210
v -0.467684 0.121105 0.120081
v -0.474301 0.121105 0.090478
v -0.479046 0.121105 0.060518
v -0.481901 0.121105 0.030319
v -0.482854 0.121105 0.000000
v -0.481901 0.121105 -0.030319
v -0.479046 0.121105 -0.060518
v -0.474301 0.121105 -0.090478
v -0.467684 0.121105 -0.120081
v -0.459221 0.121105 -0.149210
v -0.448946 0.121105 -0.177750
v -0.436899 0.121105 -0.205589
v -0.423128 0.121105 -0.232617
v -0.407687 0.121105 -0.258726
v -0.390637 0.121105 -0.283814
v -0.372045 0.121105 -0.307783
v -0.351985 0.121105 -0.330536
v -0.330536 0.121105 -0.351985
v -0.307783 0.121105 -0.372045
v -0.283814 0.121105 -0.390637
v -0.258726 0.121105 -0.407687
v -0.232617 0.121105 -0.423128
v -0.205589 0.121105 -0.436899
v -0.177750 0.121105 -0.448946
v -0.149210 0.121105 -0.459221
v -0.120081 0.121105 -0.467684
v -0.090478 0.121105 -0.474301
v -0.060518 0.121105 -0.479046
v -0.030319 0.121105 -0.481901
v 0.016548 0.226093 -0.263024
v -0.000000 0.226093 -0.263544
v 0.033031 0.226093 -0.261466
v 0.049383 0.226093 -0.258876
v 0.065541 0.226093 -0.255264
v 0.081439 0.226093 -0.250645
v 0.097017 0.226093 -0.245037
v 0.112211 0.226093 -0.238462
v 0.126963 0.226093 -0.230945
v 0.141214 0.226093 -0.222517
v 0.154907 0.226093 -0.213211
v 0.167989 0.226093 -0.203064
v 0.180408 0.226093 -0.192115
v 0.192115 0.226093 -0.180408
v 0.203064 0.226093 -0.167989
v 0.213211 0.226093 -0.154907
v 0.222517 0.226093 -0.141214
v 0.230945 0.226093 -0.126963
v 0.238462 0.226093 -0.112211
v 0.245037 0.226093 -0.097017
v 0.250645 0.226093 -0.081439
v 0.255264 0.226093 -0.065541
v 0.258876 0.226093 -0.049383
v 0.261466 0.226093 -0.033031
v 0.263024 0.226093 -0.016548
v 0.263544 0.226093 -0.000000
v 0.263024 0.226093 0.016548
v 0.261466 0.226093 0.033031
v 0.258876 0.226093 0.049383
v 0.255264 0.226093 0.065541
v 0.250645 0.226093 0.081439
v 0.245037 0.226093 0.097017
v 0.238462 0.226093 0.112211
v 0.230945 0.226093 0.126963
v 0.222517 0.226093 0.141214
v 0.213211 0.226093 0.154907
v 0.203064 0.226093 0.167989
v 0.192115 0.226093 0.180408
v 0.180408 0.226093 0.192115
v 0.167989 0.226093 0.203064
v 0.154907 0.226093 0.213211
v 0.141214 0.226093 0.222517
v 0.126963 0.226093 0.230945
v 0.112211 0.226093 0.238462
v 0.097017 0.226093 0.245037
v 0.081439 0.226093 0.250645
v 0.065541 0.226093 0.255264
v 0.049383 0.226093 0.258876
v 0.033031 0.226093 0.261466
v 0.016548 0.226093 0.263024
v -0.000000 0.226093 0.263544
v -0.016548 0.226093 0.263024
v -0.033031 0.226093 0.261466
v -0.049383 0.226093 0.258876
v -0.065541 0.226093 0.255264
v -0.081439 0.226093 0.250645
v -0.097017 0.226093 0.245037
v -0.112211 0.226093 0.238462
v -0.126963 0.226093 0.230945
v -0.141214 0.226093 0.222517
v -0.154907 0.226093 0.213211
v -0.167989 0.226093 0.203064
v -0.180408 0.226093 0.192115
v -0.192115 0.226093 0.180408
v -0.203064 0.226093 0.167989
v -0.213211 0.226093 0.154907
v -0.222517 0.226093 0.141214
v -0.230945 0.226093 0.126963
v -0.238462 0.226093 0.112211
v -0.245037 0.226093 0.097017
v -0.250645 0.226093 0.081439
v -0.255264 0.226093 0.065541
v -0.258876 0.226093 0.049383
v -0.261466 0.226093 0.033031
v -0.263024 0.226093 0.016548
v -0.263544 0.226093 0.000000
v -0.263024 0.226093 -0.016548
v -0.261466 0.226093 -0.033031
v -0.258876 0.226093 -0.049383
v -0.255264 0.226093 -0.065541
v -0.250645 0.226093 -0.081439
v -0.245037 0.226093 -0.097017
v -0.238462 0.226093 -0.112211
v -0.230945 0.226093 -0.126963
v -0.222517 0.226093 -0.141214
v -0.213211 0.226093 -0.154907
v -0.203064 0.226093 -0.167989
v -0.192115 0.226093 -0.180408
v -0.180408 0.226093 -0.192115
v -0.167989 0.226093 -0.203064
v -0.154907 0.226093 -0.213211
v -0.141214 0.226093 -0.222517
v -0.126963 0.226093 -0.230945
v -0.112211 0.226093 -0.238462
v -0.097017 0.226093 -0.245037
v -0.081439 0.226093 -0.250645
v -0.065541 0.226093 -0.255264
v -0.049383 0.226093 -0.258876
v -0.033031 0.226093 -0.261466
v -0.016548 0.226093 -0.263024
v 0.023103 0.155550 -0.367206
v -0.000000 0.155550 -0.367932
v 0.046114 0.155550 -0.365030
v 0.068943 0.155550 -0.361414
v 0.091501 0.155550 -0.356372
v 0.113697 0.155550 -0.349924
v 0.135445 0.155550 -0.342094
v 0.156658 0.155550 -0.332914
v 0.177252 0.155550 -0.322421
v 0.197148 0.155550 -0.310655
v 0.216265 0.155550 -0.297663
v 0.234528 0.155550 -0.283496
v 0.251866 0.155550 -0.268211
v 0.268211 0.155550 -0.251866
v 0.283496 0.155550 -0.234528
v 0.297663 0.155550 -0.216265
v 0.310655 0.155550 -0.197148
v 0.322421 0.155550 -0.177252
v 0.332914 0.155550 -0.156658
v 0.342094 0.155550 -0.135445
v 0.349924 0.155550 -0.113697
v 0.356372 0.155550 -0.091501
v 0.361414 0.155550 -0.068943
v 0.365030 0.155550 -0.046114
v 0.367206 0.155550 -0.023103
v 0.367932 0.155550 0.000000
v 0.367206 0.155550 0.023103
v 0.365030 0.155550 0.046114
v 0.361414 0.155550 0.068943
v 0.356372 0.155550 0.091501
v 0.349924 0.155550 0.113697
v 0.342094 0.155550 0.135445
v 0.332914 0.155550 0.156658
v 0.322421 0.155550 0.177252
v 0.310655 0.155550 0.197148
v 0.297663 0.155550 0.216265
v 0.283496 0.155550 0.234528
v 0.268211 0.155550 0.251866
v 0.251866 0.155550 0.268211
v 0.234528 0.155550 0.283496
v 0.216265 0.155550 0.297663
v 0.197148 0.155550 0.310655
v 0.177252 0.155550 0.322421
v 0.156658 0.155550 0.332914
v 0.135445 0.155550 0.342094
v 0.113697 0.155550 0.349924
v 0.091501 0.155550 0.356372
v 0.068943 0.155550 0.361414
v 0.046114 0.155550 0.365030
v 0.023103 0.155550 0.367206
v -0.000000 0.155550 0.367932
v -0.023103 0.155550 0.367206
v -0.046114 0.155550 0.365030
v -0.068943 0.155550 0.361414
v -0.091501 0.155550 0.356372
v -0.113697 0.155550 0.349924
v -0.135445 0.155550 0.342094
v -0.156658 0.155550 0.332914
v -0.177252 0.155550 0.322421
v -0.197148 0.155550 0.310655
v -0.216265 0.155550 0.297663
v -0.234528 0.155550 0.283496
v -0.251866 0.155550 0.268211
v -0.268211 0.155550 0.251866
v -0.283496 0.155550 0.234528
v -0.297663 0.155550 0.216265
v -0.310655 0.155550 0.197148
v -0.322421 0.155550 0.177252
v -0.332914 0.155550 0.156658
v -0.342094 0.155550 0.135445
v -0.349924 0.155550 0.113697
v -0.356372 0.155550 0.091501
v -0.361414 0.155550 0.068943
v -0.365030 0.155550 0.046114
v -0.367206 0.155550 0.023103
v -0.367932 0.155550 0.000000
v -0.367206 0.155550 -0.023103
v -0.365030 0.155550 -0.046114
v -0.361414 0.155550 -0.068943
v -0.356372 0.155550 -0.091501
v -0.349924 0.155550 -0.113697
v -0.342094 0.155550 -0.135445
v -0.332914 0.155550 -0.156658
v -0.322421 0.155550 -0.177252
v -0.310655 0.155550 -0.197148
v -0.297663 0.155550 -0.216265
v -0.283496 0.155550 -0.234528
v -0.268211 0.155550 -0.251866
v -0.251866 0.155550 -0.268211
v -0.234528 0.155550 -0.283496
v -0.216265 0.155550 -0.297663
v -0.197148 0.155550 -0.310655
v -0.177252 0.155550 -0.322421
v -0.156658 0.155550 -0.332914
v -0.135445 0.155550 -0.342094
v -0.113697 0.155550 -0.349924
v -0.091501 0.155550 -0.356372
v -0.068943 0.155550 -0.361414
v -0.046114 0.155550 -0.365030
v -0.023103 0.155550 -0.367206
v 0.000000 0.079408 -0.482854
v 0.000000 0.089784 -0.482854
v 0.030319 0.089784 -0.481901
v 0.030319 0.079408 -0.481901
v 0.060518 0.089784 -0.479046
v 0.060518 0.079408 -0.479046
v 0.090478 0.089784 -0.474301
v 0.090478 0.079408 -0.474301
v 0.120081 0.089784 -0.467684
v 0.120081 0.079408 -0.467684
v 0.149210 0.089784 -0.459221
v 0.149210 0.079408 -0.459221
v 0.177750 0.089784 -0.448946
v 0.177750 0.079408 -0.448946
v 0.205589 0.089784 -0.436899
v 0.205589 0.079408 -0.436899
v 0.232617 0.089784 -0.423128
v 0.232617 0.079408 -0.423128
v 0.258726 0.089784 -0.407687
v 0.258726 0.079408 -0.407687
v 0.283814 0.089784 -0.390637
v 0.283814 0.079408 -0.390637
v 0.307783 0.089784 -0.372045
v 0.307783 0.079408 -0.372045
v 0.330536 0.089784 -0.351985
v 0.330536 0.079408 -0.351985
v 0.351985 0.089784 -0.330536
v 0.351985 0.079408 -0.330536
v 0.372045 0.089784 -0.307783
v 0.372045 0.079408 -0.307783
v 0.390637 0.089784 -0.283814
v 0.390637 0.079408 -0.283814
v 0.407687 0.089784 -0.258726
v 0.407687 0.079408 -0.258726
v 0.423128 0.089784 -0.232617
v 0.423128 0.079408 -0.232617
v 0.436899 0.089784 -0.205589
v 0.436899 0.079408 -0.205589
v 0.448946 0.089784 -0.177750
v 0.448946 0.079408 -0.177750
v 0.459221 0.089784 -0.149210
v 0.459221 0.079408 -0.149210
v 0.467684 0.089784 -0.120081
v 0.467684 0.079408 -0.120081
v 0.474301 0.089784 -0.090478
v 0.474301 0.079408 -0.090478
v 0.479046 0.089784 -0.060518
v 0.479046 0.079408 -0.060518
v 0.481901 0.089784 -0.030319
v 0.481901 0.079408 -0.030319
v 0.482854 0.089784 0.000000
v 0.482854 0.079408 0.000000
v 0.481901 0.089784 0.030319
v 0.481901 0.079408 0.030319
v 0.479046 0.089784 0.060518
v 0.479046 0.079408 0.060518
v 0.474301 0.089784 0.090478
v 0.474301 0.079408 0.090478
v 0.467684 0.089784 0.120081
v 0.467684 0.079408 0.120081
v 0.459221 0.089784 0.149210
v 0.459221 0.079408 0.149210
v 0.448946 0.089784 0.177750
v 0.448946 0.079408 0.177750
v 0.436899 0.089784 0.205589
v 0.436899 0.079408 0.205589
v 0.423128 0.089784 0.232617
v 0.423128 0.079408 0.232617
v 0.407687 0.089784 0.258726
v 0.407687 0.079408 0.258726
v 0.390637 0.089784 0.283814
v 0.390637 0.079408 0.283814
v 0.372045 0.089784 0.307783
v 0.372045 0.079408 0.307783
v 0.351985 0.089784 0.330536
v 0.351985 0.079408 0.330536
v 0.330536 0.089784 0.351985
v 0.330536 0.079408 0.351985
v 0.307783 0.089784 0.372045
v 0.307783 0.079408 0.372045
v 0.283814 0.089784 0.390637
v 0.283814 0.079408 0.390637
v 0.258726 0.089784 0.407687
v 0.258726 0.079408 0.407687
v 0.232617 0.089784 0.423128
v 0.232617 0.079408 0.423128
v 0.205589 0.089784 0.436899
v 0.205589 0.079408 0.436899
v 0.177750 0.089784 0.448946
v 0.177750 0.079408 0.448946
v 0.149210 0.089784 0.459221
v 0.149210 0.079408 0.459221
v 0.120081 0.089784 0.467684
v 0.120081 0.079408 0.467684
v 0.090478 0.089784 0.474301
v 0.090478 0.079408 0.474301
v 0.060518 0.089784 0.479046
v 0.060518 0.079408 0.479046
v 0.030319 0.089784 0.481901
v 0.030319 0.079408 0.481901
v 0.000000 0.089784 0.482854
v 0.000000 0.079408 0.482854
v -0.030319 0.089784 0.481901
v -0.030319 0.079408 0.481901
v -0.060518 0.089784 0.479046
v -0.060518 0.079408 0.479046
v -0.090478 0.089784 0.474301
v -0.090478 0.079408 0.474301
v -0.120081 0.089784 0.467684
v -0.120081 0.079408 0.467684
v -0.149210 0.089784 0.459221
v -0.149210 0.079408 0.459221
v -0.177750 0.089784 0.448946
v -0.177750 0.079408 0.448946
v -0.205589 0.089784 0.436899
v -0.205589 0.079408 0.436899
v -0.232617 0.089784 0.423128
v -0.232617 0.079408 0.423128
v -0.258726 0.089784 0.407687
v -0.258726 0.079408 0.407687
v -0.283814 0.089784 0.390637
v -0.283814 0.079408 0.390637
v -0.307783 0.089784 0.372045
v -0.307783 0.079408 0.372045
v -0.330536 0.089784 0.351985
v -0.330536 0.079408 0.351985
v -0.351985 0.089784 0.330536
v -0.351985 0.079408 0.330536
v -0.372045 0.089784 0.307783
v -0.372045 0.079408 0.307783
v -0.390637 0.089784 0.283814
v -0.390637 0.079408 0.283814
v -0.407687 0.089784 0.258726
v -0.407687 0.079408 0.258726
v -0.423128 0.089784 0.232617
v -0.423128 0.079408 0.232617
v -0.436899 0.089784 0.205589
v -0.436899 0.079408 0.205589
v -0.448946 0.089784 0.177750
v -0.448946 0.079408 0.177750
v -0.459221 0.089784 0.149210
v -0.459221 0.079408 0.149210
v -0.467684 0.089784 0.120081
v -0.467684 0.079408 0.120081
v -0.474301 0.089784 0.090478
v -0.474301 0.079408 0.090478
v -0.479046 0.089784 0.060518
v -0.479046 0.079408 0.060518
v -0.481901 0.089784 0.030319
v -0.481901 0.079408 0.030319
v -0.482854 0.089784 0.000000
v -0.482854 0.079408 0.000000
v -0.481901 0.089784 -0.030319
v -0.481901 0.079408 -0.030319
v -0.479046 0.089784 -0.060518
v -0.479046 0.079408 -0.060518
v -0.474301 0.089784 -0.090478
v -0.474301 0.079408 -0.090478
v -0.467684 0.089784 -0.120081
v -0.467684 0.079408 -0.120081
v -0.459221 0.089784 -0.149210
v -0.459221 0.079408 -0.149210
v -0.448946 0.089784 -0.177750
v -0.448946 0.079408 -0.177750
v -0.436899 0.089784 -0.205589
v -0.436899 0.079408 -0.205589
v -0.423128 0.089784 -0.232617
v -0.423128 0.079408 -0.232617
v -0.407687 0.089784 -0.258726
v -0.407687 0.079408 -0.258726
v -0.390637 0.089784 -0.283814
v -0.390637 0.079408 -0.283814
v -0.372045 0.089784 -0.307783
v -0.372045 0.079408 -0.307783
v -0.351985 0.089784 -0.330536
v -0.351985 0.079408 -0.330536
v -0.330536 0.089784 -0.351985
v -0.330536 0.079408 -0.351985
v -0.307783 0.089784 -0.372045
v -0.307783 0.079408 -0.372045
v -0.283814 0.089784 -0.390637
v -0.283814 0.079408 -0.390637
v -0.258726 0.089784 -0.407687
v -0.258726 0.079408 -0.407687
v -0.232617 0.089784 -0.423128
v -0.232617 0.079408 -0.423128
v -0.205589 0.089784 -0.436899
v -0.205589 0.079408 -0.436899
v -0.177750 0.089784 -0.448946
v -0.177750 0.079408 -0.448946
v -0.149210 0.089784 -0.459221
v -0.149210 0.079408 -0.459221
v -0.120081 0.089784 -0.467684
v -0.120081 0.079408 -0.467684
v -0.090478 0.089784 -0.474301
v -0.090478 0.079408 -0.474301
v -0.060518 0.089784 -0.479046
v -0.060518 0.079408 -0.479046
v -0.030319 0.089784 -0.481901
v -0.030319 0.079408 -0.481901
v 0.000000 0.079408 -0.475434
v 0.000000 0.089784 -0.475434
v 0.029853 0.089784 -0.474496
v 0.029853 0.079408 -0.474496
v 0.059588 0.089784 -0.471685
v 0.059588 0.079408 -0.471685
v 0.089087 0.089784 -0.467013
v 0.089087 0.079408 -0.467013
v 0.118236 0.089784 -0.460497
v 0.118236 0.079408 -0.460497
v 0.146917 0.089784 -0.452165
v 0.146917 0.079408 -0.452165
v 0.175019 0.089784 -0.442047
v 0.175019 0.079408 -0.442047
v 0.202430 0.089784 -0.430186
v 0.202430 0.079408 -0.430186
v 0.229042 0.089784 -0.416626
v 0.229042 0.079408 -0.416626
v 0.254750 0.089784 -0.401422
v 0.254750 0.079408 -0.401422
v 0.279453 0.089784 -0.384634
v 0.279453 0.079408 -0.384634
v 0.303053 0.089784 -0.366328
v 0.303053 0.079408 -0.366328
v 0.325457 0.089784 -0.346577
v 0.325457 0.079408 -0.346577
v 0.346577 0.089784 -0.325457
v 0.346577 0.079408 -0.325457
v 0.366328 0.089784 -0.303053
v 0.366328 0.079408 -0.303053
v 0.384634 0.089784 -0.279453
v 0.384634 0.079408 -0.279453
v 0.401422 0.089784 -0.254750
v 0.401422 0.079408 -0.254750
v 0.416626 0.089784 -0.229042
v 0.416626 0.079408 -0.229042
v 0.430186 0.089784 -0.202430
v 0.430186 0.079408 -0.202430
v 0.442047 0.089784 -0.175019
v 0.442047 0.079408 -0.175019
v 0.452165 0.089784 -0.146917
v 0.452165 0.079408 -0.146917
v 0.460497 0.089784 -0.118236
v 0.460497 0.079408 -0.118236
v 0.467013 0.089784 -0.089087
v 0.467013 0.079408 -0.089087
v 0.471685 0.089784 -0.059588
v 0.471685 0.079408 -0.059588
v 0.474496 0.089784 -0.029853
v 0.474496 0.079408 -0.029853
v 0.475434 0.089784 0.000000
v 0.475434 0.079408 0.000000
v 0.474496 0.089784 0.029853
v 0.474496 0.079408 0.029853
v 0.471685 0.089784 0.059588
v 0.471685 0.079408 0.059588
v 0.467013 0.089784 0.089087
v 0.467013 0.079408 0.089087
v 0.460497 0.089784 0.118236
v 0.460497 0.079408 0.118236
v 0.452165 0.089784 0.146917
v 0.452165 0.079408 0.146917
v 0.442047 0.089784 0.175019
v 0.442047 0.079408 0.175019
v 0.430186 0.089784 0.202430
v 0.430186 0.079408 0.202430
v 0.416626 0.089784 0.229042
v 0.416626 0.079408 0.229042
v 0.401422 0.089784 0.254750
v 0.401422 0.079408 0.254750
v 0.384634 0.089784 0.279453
v 0.384634 0.079408 0.279453
v 0.366328 0.089784 0.303053
v 0.366328 0.079408 0.303053
v 0.346577 0.089784 0.325457
v 0.346577 0.079408 0.325457
v 0.325457 0.089784 0.346577
v 0.325457 0.079408 0.346577
v 0.303053 0.089784 0.366328
v 0.303053 0.079408 0.366328
v 0.279453 0.089784 0.384634
v 0.279453 0.079408 0.384634
v 0.254750 0.089784 0.401422
v 0.254750 0.079408 0.401422
v 0.229042 0.089784 0.416626
v 0.229042 0.079408 0.416626
v 0.202430 0.089784 0.430186
v 0.202430 0.079408 0.430186
v 0.175019 0.089784 0.442047
v 0.175019 0.079408 0.442047
v 0.146917 0.089784 0.452165
v 0.146917 0.079408 0.452165
v 0.118236 0.089784 0.460497
v 0.118236 0.079408 0.460497
v 0.089087 0.089784 0.467013
v 0.089087 0.079408 0.467013
v 0.059588 0.089784 0.471685
v 0.059588 0.079408 0.471685
v 0.029853 0.089784 0.474496
v 0.029853 0.079408 0.474496
v 0.000000 0.089784 0.475434
v 0.000000 0.079408 0.475434
v -0.029853 0.089784 0.474496
v -0.029853 0.079408 0.474496
v -0.059588 0.089784 0.471685
v -0.059588 0.079408 0.471685
v -0.089087 0.089784 0.467013
v -0.089087 0.079408 0.467013
v -0.118236 0.089784 0.460497
v -0.118236 0.079408 0.460497
v -0.146917 0.089784 0.452165
v -0.146917 0.079408 0.452165
v -0.175019 0.089784 0.442047
v -0.175019 0.079408 0.442047
v -0.202430 0.089784 0.430186
v -0.202430 0.079408 0.430186
v -0.229042 0.089784 0.416626
v -0.229042 0.079408 0.416626
v -0.254750 0.089784 0.401422
v -0.254750 0.079408 0.401422
v -0.279453 0.089784 0.384634
v -0.279453 0.079408 0.384634
v -0.303053 0.089784 0.366328
v -0.303053 0.079408 0.366328
v -0.325457 0.089784 0.346577
v -0.325457 0.079408 0.346577
v -0.346577 0.089784 0.325457
v -0.346577 0.079408 0.325457
v -0.366328 0.089784 0.303053
v -0.366328 0.079408 0.303053
v -0.384634 0.089784 0.279453
v -0.384634 0.079408 0.279453
v -0.401422 0.089784 0.254750
v -0.401422 0.079408 0.254750
v -0.416626 0.089784 0.229042
v -0.416626 0.079408 0.229042
v -0.430186 0.089784 0.202430
v -0.430186 0.079408 0.202430
v -0.442047 0.089784 0.175019
v -0.442047 0.079408 0.175019
v -0.452165 0.089784 0.146917
v -0.452165 0.079408 0.146917
v -0.460497 0.089784 0.118236
v -0.460497 0.079408 0.118236
v -0.467013 0.089784 0.089087
v -0.467013 0.079408 0.089087
v -0.471685 0.089784 0.059588
v -0.471685 0.079408 0.059588
v -0.474496 0.089784 0.029853
v -0.474496 0.079408 0.029853
v -0.475434 0.089784 0.000000
v -0.475434 0.079408 0.000000
v -0.474496 0.089784 -0.029853
v -0.474496 0.079408 -0.029853
v -0.471685 0.089784 -0.059588
v -0.471685 0.079408 -0.059588
v -0.467013 0.089784 -0.089087
v -0.467013 0.079408 -0.089087
v -0.460497 0.089784 -0.118236
v -0.460497 0.079408 -0.118236
v -0.452165 0.089784 -0.146917
v -0.452165 0.079408 -0.146917
v -0.442047 0.089784 -0.175019
v -0.442047 0.079408 -0.175019
v -0.430186 0.089784 -0.202430
v -0.430186 0.079408 -0.202430
v -0.416626 0.089784 -0.229042
v -0.416626 0.079408 -0.229042
v -0.401422 0.089784 -0.254750
v -0.401422 0.079408 -0.254750
v -0.384634 0.089784 -0.279453
v -0.384634 0.079408 -0.279453
v -0.366328 0.089784 -0.303053
v -0.366328 0.079408 -0.303053
v -0.346577 0.089784 -0.325457
v -0.346577 0.079408 -0.325457
v -0.325457 0.089784 -0.346577
v -0.325457 0.079408 -0.346577
v -0.303053 0.089784 -0.366328
v -0.303053 0.079408 -0.366328
v -0.279453 0.089784 -0.384634
v -0.279453 0.079408 -0.384634
v -0.254750 0.089784 -0.401422
v -0.254750 0.079408 -0.401422
v -0.229042 0.089784 -0.416626
v -0.229042 0.079408 -0.416626
v -0.202430 0.089784 -0.430186
v -0.202430 0.079408 -0.430186
v -0.175019 0.089784 -0.442047
v -0.175019 0.079408 -0.442047
v -0.146917 0.089784 -0.452165
v -0.146917 0.079408 -0.452165
v -0.118236 0.089784 -0.460497
v -0.118236 0.079408 -0.460497
v -0.089087 0.089784 -0.467013
v -0.089087 0.079408 -0.467013
v -0.059588 0.089784 -0.471685
v -0.059588 0.079408 -0.471685
v -0.029853 0.089784 -0.474496
v -0.029853 0.079408 -0.474496
v 0.017416 0.226093 -0.276824
v -0.000000 0.226093 -0.277371
v 0.034764 0.226093 -0.275184
v 0.051974 0.226093 -0.272458
v 0.068980 0.226093 -0.268657
v 0.085713 0.226093 -0.263796
v 0.102107 0.226093 -0.257894
v 0.118099 0.226093 -0.250973
v 0.133625 0.226093 -0.243063
v 0.148623 0.226093 -0.234193
v 0.163035 0.226093 -0.224398
v 0.176803 0.226093 -0.213718
v 0.189874 0.226093 -0.202195
v 0.202195 0.226093 -0.189874
v 0.213718 0.226093 -0.176803
v 0.224398 0.226093 -0.163035
v 0.234193 0.226093 -0.148623
v 0.243063 0.226093 -0.133625
v 0.250973 0.226093 -0.118099
v 0.257894 0.226093 -0.102107
v 0.263796 0.226093 -0.085713
v 0.268657 0.226093 -0.068980
v 0.272458 0.226093 -0.051974
v 0.275184 0.226093 -0.034764
v 0.276824 0.226093 -0.017416
v 0.277372 0.226093 0.000000
v 0.276824 0.226093 0.017416
v 0.275184 0.226093 0.034764
v 0.272458 0.226093 0.051974
v 0.268657 0.226093 0.068980
v 0.263796 0.226093 0.085713
v 0.257894 0.226093 0.102107
v 0.250973 0.226093 0.118099
v 0.243063 0.226093 0.133625
v 0.234193 0.226093 0.148623
v 0.224398 0.226093 0.163035
v 0.213718 0.226093 0.176803
v 0.202195 0.226093 0.189874
v 0.189874 0.226093 0.202195
v 0.176803 0.226093 0.213718
v 0.163035 0.226093 0.224398
v 0.148623 0.226093 0.234193
v 0.133625 0.226093 0.243063
v 0.118099 0.226093 0.250973
v 0.102107 0.226093 0.257894
v 0.085713 0.226093 0.263796
v 0.068980 0.226093 0.268657
v 0.051974 0.226093 0.272458
v 0.034764 0.226093 0.275184
v 0.017416 0.226093 0.276824
v -0.000000 0.226093 0.277372
v -0.017416 0.226093 0.276824
v -0.034764 0.226093 0.275184
v -0.051974 0.226093 0.272458
v -0.068980 0.226093 0.268657
v -0.085713 0.226093 0.263796
v -0.102107 0.226093 0.257894
v -0.118099 0.226093 0.250973
v -0.133625 0.226093 0.243063
v -0.148623 0.226093 0.234193
v -0.163035 0.226093 0.224398
v -0.176803 0.226093 0.213718
v -0.189874 0.226093 0.202195
v -0.202195 0.226093 0.189874
v -0.213718 0.226093 0.176803
v -0.224398 0.226093 0.163035
v -0.234193 0.226093 0.148623
v -0.243063 0.226093 0.133625
v -0.250973 0.226093 0.118099
v -0.257894 0.226093 0.102107
v -0.263796 0.226093 0.085713
v -0.268657 0.226093 0.068980
v -0.272458 0.226093 0.051974
v -0.275184 0.226093 0.034764
v -0.276824 0.226093 0.017416
v -0.277372 0.226093 0.000000
v -0.276824 0.226093 -0.017416
v -0.275184 0.226093 -0.034764
v -0.272458 0.226093 -0.051974
v -0.268657 0.226093 -0.068980
v -0.263796 0.226093 -0.085713
v -0.257894 0.226093 -0.102107
v -0.250973 0.226093 -0.118099
v -0.243063 0.226093 -0.133625
v -0.234193 0.226093 -0.148623
v -0.224398 0.226093 -0.163035
v -0.213718 0.226093 -0.176803
v -0.202195 0.226093 -0.189874
v -0.189874 0.226093 -0.202195
v -0.176803 0.226093 -0.213718
v -0.163035 0.226093 -0.224398
v -0.148623 0.226093 -0.234193
v -0.133625 0.226093 -0.243063
v -0.118099 0.226093 -0.250973
v -0.102107 0.226093 -0.257894
v -0.085713 0.226093 -0.263796
v -0.068980 0.226093 -0.268657
v -0.051974 0.226093 -0.272458
v -0.034764 0.226093 -0.275184
v -0.017416 0.226093 -0.276824
v 0.015885 0.216386 -0.252481
v -0.000000 0.216386 -0.252980
v 0.031707 0.216386 -0.250986
v 0.047404 0.216386 -0.248499
v 0.062914 0.216386 -0.245032
v 0.078175 0.216386 -0.240599
v 0.093128 0.216386 -0.235215
v 0.107714 0.216386 -0.228903
v 0.121874 0.216386 -0.221688
v 0.135554 0.216386 -0.213598
v 0.148698 0.216386 -0.204665
v 0.161256 0.216386 -0.194925
v 0.173177 0.216386 -0.184415
v 0.184415 0.216386 -0.173177
v 0.194925 0.216386 -0.161256
v 0.204665 0.216386 -0.148698
v 0.213598 0.216386 -0.135554
v 0.221688 0.216386 -0.121874
v 0.228903 0.216386 -0.107714
v 0.235215 0.216386 -0.093128
v 0.240599 0.216386 -0.078175
v 0.245032 0.216386 -0.062914
v 0.248499 0.216386 -0.047404
v 0.250986 0.216386 -0.031707
v 0.252481 0.216386 -0.015885
v 0.252980 0.216386 -0.000000
v 0.252481 0.216386 0.015885
v 0.250986 0.216386 0.031707
v 0.248499 0.216386 0.047404
v 0.245032 0.216386 0.062914
v 0.240599 0.216386 0.078175
v 0.235215 0.216386 0.093128
v 0.228903 0.216386 0.107714
v 0.221688 0.216386 0.121874
v 0.213598 0.216386 0.135554
v 0.204665 0.216386 0.148698
v 0.194925 0.216386 0.161256
v 0.184415 0.216386 0.173177
v 0.173177 0.216386 0.184415
v 0.161256 0.216386 0.194925
v 0.148698 0.216386 0.204665
v 0.135554 0.216386 0.213598
v 0.121874 0.216386 0.221688
v 0.107714 0.216386 0.228903
v 0.093128 0.216386 0.235215
v 0.078175 0.216386 0.240599
v 0.062914 0.216386 0.245032
v 0.047404 0.216386 0.248499
v 0.031707 0.216386 0.250986
v 0.015885 0.216386 0.252481
v -0.000000 0.216386 0.252980
v -0.015885 0.216386 0.252481
v -0.031707 0.216386 0.250986
v -0.047404 0.216386 0.248499
v -0.062914 0.216386 0.245032
v -0.078175 0.216386 0.240599
v -0.093128 0.216386 0.235215
v -0.107714 0.216386 0.228903
v -0.121874 0.216386 0.221688
v -0.135554 0.216386 0.213598
v -0.148698 0.216386 0.204665
v -0.161256 0.216386 0.194925
v -0.173177 0.216386 0.184415
v -0.184415 0.216386 0.173177
v -0.194925 0.216386 0.161256
v -0.204665 0.216386 0.148698
v -0.213598 0.216386 0.135554
v -0.221688 0.216386 0.121874
v -0.228903 0.216386 0.107714
v -0.235215 0.216386 0.093128
v -0.240599 0.216386 0.078175
v -0.245032 0.216386 0.062914
v -0.248499 0.216386 0.047404
v -0.250986 0.216386 0.031707
v -0.252481 0.216386 0.015885
v -0.252980 0.216386 0.000000
v -0.252481 0.216386 -0.015885
v -0.250986 0.216386 -0.031707
v -0.248499 0.216386 -0.047404
v -0.245032 0.216386 -0.062914
v -0.240599 0.216386 -0.078175
v -0.235215 0.216386 -0.093128
v -0.228903 0.216386 -0.107714
v -0.221688 0.216386 -0.121874
v -0.213598 0.216386 -0.135554
v -0.204665 0.216386 -0.148698
v -0.194925 0.216386 -0.161256
v -0.184415 0.216386 -0.173177
v -0.173177 0.216386 -0.184415
v -0.161256 0.216386 -0.194925
v -0.148698 0.216386 -0.204665
v -0.135554 0.216386 -0.213598
v -0.121874 0.216386 -0.221688
v -0.107714 0.216386 -0.228903
v -0.093128 0.216386 -0.235215
v -0.078175 0.216386 -0.240599
v -0.062914 0.216386 -0.245032
v -0.047404 0.216386 -0.248499
v -0.031707 0.216386 -0.250986
v -0.015885 0.216386 -0.252481
v 0.023103 0.121105 -0.367206
v 0.000000 0.121105 -0.367932
v 0.046114 0.121105 -0.365030
v 0.068943 0.121105 -0.361414
v 0.091501 0.121105 -0.356372
v 0.113697 0.121105 -0.349924
v 0.135445 0.121105 -0.342094
v 0.156658 0.121105 -0.332914
v 0.177252 0.121105 -0.322421
v 0.197148 0.121105 -0.310655
v 0.216265 0.121105 -0.297663
v 0.234528 0.121105 -0.283496
v 0.251866 0.121105 -0.268211
v 0.268211 0.121105 -0.251866
v 0.283496 0.121105 -0.234528
v 0.297663 0.121105 -0.216265
v 0.310655 0.121105 -0.197148
v 0.322421 0.121105 -0.177252
v 0.332914 0.121105 -0.156658
v 0.342094 0.121105 -0.135445
v 0.349924 0.121105 -0.113697
v 0.356372 0.121105 -0.091501
v 0.361414 0.121105 -0.068943
v 0.365030 0.121105 -0.046114
v 0.367206 0.121105 -0.023103
v 0.367932 0.121105 0.000000
v 0.367206 0.121105 0.023103
v 0.365030 0.121105 0.046114
v 0.361414 0.121105 0.068943
v 0.356372 0.121105 0.091501
v 0.349924 0.121105 0.113697
v 0.342094 0.121105 0.135445
v 0.332914 0.121105 0.156658
v 0.322421 0.121105 0.177252
v 0.310655 0.121105 0.197148
v 0.297663 0.121105 0.216265
v 0.283496 0.121105 0.234528
v 0.268211 0.121105 0.251866
v 0.251866 0.121105 0.268211
v 0.234528 0.121105 0.283496
v 0.216265 0.121105 0.297663
v 0.197148 0.121105 0.310655
v 0.177252 0.121105 0.322421
v 0.156658 0.121105 0.332914
v 0.135445 0.121105 0.342094
v 0.113697 0.121105 0.349924
v 0.091501 0.121105 0.356372
v 0.068943 0.121105 0.361414
v 0.046114 0.121105 0.365030
v 0.023103 0.121105 0.367206
v 0.000000 0.121105 0.367932
v -0.023103 0.121105 0.367206
v -0.046114 0.121105 0.365030
v -0.068943 0.121105 0.361414
v -0.091501 0.121105 0.356372
v -0.113697 0.121105 0.349924
v -0.135445 0.121105 0.342094
v -0.156658 0.121105 0.332914
v -0.177252 0.121105 0.322421
v -0.197148 0.121105 0.310655
v -0.216265 0.121105 0.297663
v -0.234528 0.121105 0.283496
v -0.251866 0.121105 0.268211
v -0.268211 0.121105 0.251866
v -0.283496 0.121105 0.234528
v -0.297663 0.121105 0.216265
v -0.310655 0.121105 0.197148
v -0.322421 0.121105 0.177252
v -0.332914 0.121105 0.156658
v -0.342094 0.121105 0.135445
v -0.349924 0.121105 0.113697
v -0.356372 0.121105 0.091501
v -0.361414 0.121105 0.068943
v -0.365030 0.121105 0.046114
v -0.367206 0.121105 0.023103
v -0.367932 0.121105 0.000000
v -0.367206 0.121105 -0.023103
v -0.365030 0.121105 -0.046114
v -0.361414 0.121105 -0.068943
v -0.356372 0.121105 -0.091501
v -0.349924 0.121105 -0.113697
v -0.342094 0.121105 -0.135445
v -0.332914 0.121105 -0.156658
v -0.322421 0.121105 -0.177252
v -0.310655 0.121105 -0.197148
v -0.297663 0.121105 -0.216265
v -0.283496 0.121105 -0.234528
v -0.268211 0.121105 -0.251866
v -0.251866 0.121105 -0.268211
v -0.234528 0.121105 -0.283496
v -0.216265 0.121105 -0.297663
v -0.197148 0.121105 -0.310655
v -0.177252 0.121105 -0.322421
v -0.156658 0.121105 -0.332914
v -0.135445 0.121105 -0.342094
v -0.113697 0.121105 -0.349924
v -0.091501 0.121105 -0.356372
v -0.068943 0.121105 -0.361414
v -0.046114 0.121105 -0.365030
v -0.023103 0.121105 -0.367206
v 0.023103 0.181139 -0.367206
v -0.000000 0.181139 -0.367932
v 0.046114 0.181139 -0.365030
v 0.068943 0.181139 -0.361414
v 0.091501 0.181139 -0.356372
v 0.113697 0.181139 -0.349924
v 0.135445 0.181139 -0.342094
v 0.156658 0.181139 -0.332914
v 0.177252 0.181139 -0.322421
v 0.197148 0.181139 -0.310655
v 0.216265 0.181139 -0.297663
v 0.234528 0.181139 -0.283496
v 0.251866 0.181139 -0.268211
v 0.268211 0.181139 -0.251866
v 0.283496 0.181139 -0.234528
v 0.297663 0.181139 -0.216265
v 0.310655 0.181139 -0.197148
v 0.322421 0.181139 -0.177252
v 0.332914 0.181139 -0.156658
v 0.342094 0.181139 -0.135445
v 0.349924 0.181139 -0.113697
v 0.356372 0.181139 -0.091501
v 0.361414 0.181139 -0.068943
v 0.365030 0.181139 -0.046114
v 0.367206 0.181139 -0.023103
v 0.367932 0.181139 0.000000
v 0.367206 0.181139 0.023103
v 0.365030 0.181139 0.046114
v 0.361414 0.181139 0.068943
v 0.356372 0.181139 0.091501
v 0.349924 0.181139 0.113697
v 0.342094 0.181139 0.135445
v 0.332914 0.181139 0.156658
v 0.322421 0.181139 0.177252
v 0.310655 0.181139 0.197148
v 0.297663 0.181139 0.216265
v 0.283496 0.181139 0.234528
v 0.268211 0.181139 0.251866
v 0.251866 0.181139 0.268211
v 0.234528 0.181139 0.283496
v 0.216265 0.181139 0.297663
v 0.197148 0.181139 0.310655
v 0.177252 0.181139 0.322421
v 0.156658 0.181139 0.332914
v 0.135445 0.181139 0.342094
v 0.113697 0.181139 0.349924
v 0.091501 0.181139 0.356372
v 0.068943 0.181139 0.361414
v 0.046114 0.181139 0.365030
v 0.023103 0.181139 0.367206
v -0.000000 0.181139 0.367932
v -0.023103 0.181139 0.367206
v -0.046114 0.181139 0.365030
v -0.068943 0.181139 0.361414
v -0.091501 0.181139 0.356372
v -0.113697 0.181139 0.349924
v -0.135445 0.181139 0.342094
v -0.156658 0.181139 0.332914
v -0.177252 0.181139 0.322421
v -0.197148 0.181139 0.310655
v -0.216265 0.181139 0.297663
v -0.234528 0.181139 0.283496
v -0.251866 0.181139 0.268211
v -0.268211 0.181139 0.251866
v -0.283496 0.181139 0.234528
v -0.297663 0.181139 0.216265
v -0.310655 0.181139 0.197148
v -0.322421 0.181139 0.177252
v -0.332914 0.181139 0.156658
v -0.342094 0.181139 0.135445
v -0.349924 0.181139 0.113697
v -0.356372 0.181139 0.091501
v -0.361414 0.181139 0.068943
v -0.365030 0.181139 0.046114
v -0.367206 0.181139 0.023103
v -0.367932 0.181139 0.000000
v -0.367206 0.181139 -0.023103
v -0.365030 0.181139 -0.046114
v -0.361414 0.181139 -0.068943
v -0.356372 0.181139 -0.091501
v -0.349924 0.181139 -0.113697
v -0.342094 0.181139 -0.135445
v -0.332914 0.181139 -0.156658
v -0.322421 0.181139 -0.177252
v -0.310655 0.181139 -0.197148
v -0.297663 0.181139 -0.216265
v -0.283496 0.181139 -0.234528
v -0.268211 0.181139 -0.251866
v -0.251866 0.181139 -0.268211
v -0.234528 0.181139 -0.283496
v -0.216265 0.181139 -0.297663
v -0.197148 0.181139 -0.310655
v -0.177252 0.181139 -0.322421
v -0.156658 0.181139 -0.332914
v -0.135445 0.181139 -0.342094
v -0.113697 0.181139 -0.349924
v -0.091501 0.181139 -0.356372
v -0.068943 0.181139 -0.361414
v -0.046114 0.181139 -0.365030
v -0.023103 0.181139 -0.367206
v 0.247135 0.146694 0.263172
v 0.247135 0.155550 0.263172
v 0.230122 0.155550 0.278170
v 0.230122 0.146694 0.278170
v -0.212202 0.146694 -0.292071
v -0.212202 0.155550 -0.292071
v -0.193444 0.155550 -0.304819
v -0.193444 0.146694 -0.304819
v 0.212202 0.155550 0.292071
v 0.212202 0.146694 0.292071
v -0.173922 0.155550 -0.316363
v -0.173922 0.146694 -0.316363
v 0.193444 0.155550 0.304819
v 0.193444 0.146694 0.304819
v -0.153714 0.155550 -0.326660
v -0.153714 0.146694 -0.326660
v 0.173922 0.155550 0.316363
v 0.173922 0.146694 0.316363
v -0.132900 0.155550 -0.335667
v -0.132900 0.146694 -0.335667
v 0.153714 0.155550 0.326660
v 0.153714 0.146694 0.326660
v -0.111561 0.155550 -0.343350
v -0.111561 0.146694 -0.343350
v 0.132900 0.155550 0.335667
v 0.132900 0.146694 0.335667
v -0.089782 0.155550 -0.349677
v -0.089782 0.146694 -0.349677
v 0.111561 0.155550 0.343350
v 0.111561 0.146694 0.343350
v -0.067648 0.155550 -0.354624
v -0.067648 0.146694 -0.354624
v 0.089782 0.155550 0.349677
v 0.089782 0.146694 0.349677
v -0.045248 0.155550 -0.358172
v -0.045248 0.146694 -0.358172
v 0.067648 0.155550 0.354624
v 0.067648 0.146694 0.354624
v -0.022669 0.155550 -0.360307
v -0.022669 0.146694 -0.360307
v 0.045248 0.155550 0.358172
v 0.045248 0.146694 0.358172
v -0.000000 0.155550 -0.361019
v 0.000000 0.146694 -0.361019
v 0.022669 0.155550 0.360307
v 0.022669 0.146694 0.360307
v -0.000000 0.155550 0.361019
v 0.000000 0.146694 0.361019
v -0.022669 0.155550 0.360307
v -0.022669 0.146694 0.360307
v -0.045248 0.155550 0.358172
v -0.045248 0.146694 0.358172
v 0.022669 0.155550 -0.360307
v 0.022669 0.146694 -0.360307
v -0.067648 0.155550 0.354624
v -0.067648 0.146694 0.354624
v 0.045248 0.155550 -0.358172
v 0.045248 0.146694 -0.358172
v -0.089782 0.155550 0.349677
v -0.089782 0.146694 0.349677
v 0.067648 0.155550 -0.354624
v 0.067648 0.146694 -0.354624
v -0.111561 0.155550 0.343350
v -0.111561 0.146694 0.343350
v 0.089782 0.155550 -0.349677
v 0.089782 0.146694 -0.349677
v -0.132900 0.155550 0.335667
v -0.132900 0.146694 0.335667
v 0.111561 0.155550 -0.343350
v 0.111561 0.146694 -0.343350
v -0.153714 0.155550 0.326660
v -0.153714 0.146694 0.326660
v 0.132900 0.155550 -0.335667
v 0.132900 0.146694 -0.335667
v -0.173922 0.155550 0.316363
v -0.173922 0.146694 0.316363
v 0.153714 0.155550 -0.326660
v 0.153714 0.146694 -0.326660
v -0.193444 0.155550 0.304819
v -0.193444 0.146694 0.304819
v 0.173922 0.155550 -0.316363
v 0.173922 0.146694 -0.316363
v -0.212202 0.155550 0.292071
v -0.212202 0.146694 0.292071
v 0.193444 0.155550 -0.304819
v 0.193444 0.146694 -0.304819
v -0.230122 0.155550 0.278170
v -0.230122 0.146694 0.278170
v 0.212202 0.155550 -0.292071
v 0.212202 0.146694 -0.292071
v -0.247135 0.155550 0.263172
v -0.247135 0.146694 0.263172
v 0.230122 0.155550 -0.278170
v 0.230122 0.146694 -0.278170
v -0.263172 0.155550 0.247135
v -0.263172 0.146694 0.247135
v 0.247135 0.155550 -0.263172
v 0.247135 0.146694 -0.263172
v -0.278170 0.155550 0.230122
v -0.278170 0.146694 0.230122
v 0.263172 0.155550 -0.247135
v 0.263172 0.146694 -0.247135
v -0.292071 0.155550 0.212202
v -0.292071 0.146694 0.212202
v 0.278170 0.155550 -0.230122
v 0.278170 0.146694 -0.230122
v -0.304819 0.155550 0.193444
v -0.304819 0.146694 0.193444
v 0.292071 0.155550 -0.212202
v 0.292071 0.146694 -0.212202
v -0.316363 0.155550 0.173922
v -0.316363 0.146694 0.173922
v 0.304819 0.155550 -0.193444
v 0.304819 0.146694 -0.193444
v -0.326660 0.155550 0.153714
v -0.326660 0.146694 0.153714
v 0.316363 0.155550 -0.173922
v 0.316363 0.146694 -0.173922
v -0.335667 0.155550 0.132900
v -0.335667 0.146694 0.132900
v 0.326660 0.155550 -0.153714
v 0.326660 0.146694 -0.153714
v -0.343350 0.155550 0.111561
v -0.343350 0.146694 0.111561
v 0.335667 0.155550 -0.132900
v 0.335667 0.146694 -0.132900
v -0.349677 0.155550 0.089782
v -0.349677 0.146694 0.089782
v 0.343350 0.155550 -0.111561
v 0.343350 0.146694 -0.111561
v -0.354624 0.155550 0.067648
v -0.354624 0.146694 0.067648
v 0.349677 0.155550 -0.089782
v 0.349677 0.146694 -0.089782
v -0.358172 0.155550 0.045248
v -0.358172 0.146694 0.045248
v 0.354624 0.155550 -0.067648
v 0.354624 0.146694 -0.067648
v -0.360307 0.155550 0.022669
v -0.360307 0.146694 0.022669
v 0.358172 0.155550 -0.045248
v 0.358172 0.146694 -0.045248
v -0.361019 0.155550 0.000000
v -0.361019 0.146694 0.000000
v 0.360307 0.155550 -0.022669
v 0.360307 0.146694 -0.022669
v -0.360307 0.155550 -0.022669
v -0.360307 0.146694 -0.022669
v 0.361019 0.155550 0.000000
v 0.361019 0.146694 0.000000
v -0.358172 0.155550 -0.045248
v -0.358172 0.146694 -0.045248
v 0.360307 0.155550 0.022669
v 0.360307 0.146694 0.022669
v -0.354624 0.155550 -0.067648
v -0.354624 0.146694 -0.067648
v 0.358172 0.155550 0.045248
v 0.358172 0.146694 0.045248
v -0.349677 0.155550 -0.089782
v -0.349677 0.146694 -0.089782
v 0.354624 0.155550 0.067648
v 0.354624 0.146694 0.067648
v -0.343350 0.155550 -0.111561
v -0.343350 0.146694 -0.111561
v 0.349677 0.155550 0.089782
v 0.349677 0.146694 0.089782
v -0.335667 0.155550 -0.132900
v -0.335667 0.146694 -0.132900
v 0.343350 0.155550 0.111561
v 0.343350 0.146694 0.111561
v -0.326660 0.155550 -0.153714
v -0.326660 0.146694 -0.153714
v 0.335667 0.155550 0.132900
v 0.335667 0.146694 0.132900
v -0.316363 0.155550 -0.173922
v -0.316363 0.146694 -0.173922
v 0.326660 0.155550 0.153714
v 0.326660 0.146694 0.153714
v -0.304819 0.155550 -0.193444
v -0.304819 0.146694 -0.193444
v 0.316363 0.155550 0.173922
v 0.316363 0.146694 0.173922
v -0.292071 0.155550 -0.212202
v -0.292071 0.146694 -0.212202
v 0.304819 0.155550 0.193444
v 0.304819 0.146694 0.193444
v -0.278170 0.155550 -0.230122
v -0.278170 0.146694 -0.230122
v 0.292071 0.155550 0.212202
v 0.292071 0.146694 0.212202
v -0.263172 0.155550 -0.247135
v -0.263172 0.146694 -0.247135
v 0.278170 0.155550 0.230122
v 0.278170 0.146694 0.230122
v -0.247135 0.155550 -0.263172
v -0.247135 0.146694 -0.263172
v 0.263172 0.155550 0.247135
v 0.263172 0.146694 0.247135
v -0.230122 0.155550 -0.278170
v -0.230122 0.146694 -0.278170
v 0.016548 0.216386 -0.263024
v -0.000000 0.216386 -0.263544
v 0.033031 0.216386 -0.261466
v 0.049383 0.216386 -0.258876
v 0.065541 0.216386 -0.255264
v 0.081439 0.216386 -0.250645
v 0.097017 0.216386 -0.245037
v 0.112211 0.216386 -0.238462
v 0.126963 0.216386 -0.230945
v 0.141214 0.216386 -0.222517
v 0.154907 0.216386 -0.213211
v 0.167989 0.216386 -0.203064
v 0.180408 0.216386 -0.192115
v 0.192115 0.216386 -0.180408
v 0.203064 0.216386 -0.167989
v 0.213211 0.216386 -0.154907
v 0.222517 0.216386 -0.141214
v 0.230945 0.216386 -0.126963
v 0.238462 0.216386 -0.112211
v 0.245037 0.216386 -0.097017
v 0.250645 0.216386 -0.081439
v 0.255264 0.216386 -0.065541
v 0.258876 0.216386 -0.049383
v 0.261466 0.216386 -0.033031
v 0.263024 0.216386 -0.016548
v 0.263544 0.216386 -0.000000
v 0.263024 0.216386 0.016548
v 0.261466 0.216386 0.033031
v 0.258876 0.216386 0.049383
v 0.255264 0.216386 0.065541
v 0.250645 0.216386 0.081439
v 0.245037 0.216386 0.097017
v 0.238462 0.216386 0.112211
v 0.230945 0.216386 0.126963
v 0.222517 0.216386 0.141214
v 0.213211 0.216386 0.154907
v 0.203064 0.216386 0.167989
v 0.192115 0.216386 0.180408
v 0.180408 0.216386 0.192115
v 0.167989 0.216386 0.203064
v 0.154907 0.216386 0.213211
v 0.141214 0.216386 0.222517
v 0.126963 0.216386 0.230945
v 0.112211 0.216386 0.238462
v 0.097017 0.216386 0.245037
v 0.081439 0.216386 0.250645
v 0.065541 0.216386 0.255264
v 0.049383 0.216386 0.258876
v 0.033031 0.216386 0.261466
v 0.016548 0.216386 0.263024
v -0.000000 0.216386 0.263544
v -0.016548 0.216386 0.263024
v -0.033031 0.216386 0.261466
v -0.049383 0.216386 0.258876
v -0.065541 0.216386 0.255264
v -0.081439 0.216386 0.250645
v -0.097017 0.216386 0.245037
v -0.112211 0.216386 0.238462
v -0.126963 0.216386 0.230945
v -0.141214 0.216386 0.222517
v -0.154907 0.216386 0.213211
v -0.167989 0.216386 0.203064
v -0.180408 0.216386 0.192115
v -0.192115 0.216386 0.180408
v -0.203064 0.216386 0.167989
v -0.213211 0.216386 0.154907
v -0.222517 0.216386 0.141214
v -0.230945 0.216386 0.126963
v -0.238462 0.216386 0.112211
v -0.245037 0.216386 0.097017
v -0.250645 0.216386 0.081439
v -0.255264 0.216386 0.065541
v -0.258876 0.216386 0.049383
v -0.261466 0.216386 0.033031
v -0.263024 0.216386 0.016548
v -0.263544 0.216386 0.000000
v -0.263024 0.216386 -0.016548
v -0.261466 0.216386 -0.033031
v -0.258876 0.216386 -0.049383
v -0.255264 0.216386 -0.065541
v -0.250645 0.216386 -0.081439
v -0.245037 0.216386 -0.097017
v -0.238462 0.216386 -0.112211
v -0.230945 0.216386 -0.126963
v -0.222517 0.216386 -0.141214
v -0.213211 0.216386 -0.154907
v -0.203064 0.216386 -0.167989
v -0.192115 0.216386 -0.180408
v -0.180408 0.216386 -0.192115
v -0.167989 0.216386 -0.203064
v -0.154907 0.216386 -0.213211
v -0.141214 0.216386 -0.222517
v -0.126963 0.216386 -0.230945
v -0.112211 0.216386 -0.238462
v -0.097017 0.216386 -0.245037
v -0.081439 0.216386 -0.250645
v -0.065541 0.216386 -0.255264
v -0.049383 0.216386 -0.258876
v -0.033031 0.216386 -0.261466
v -0.016548 0.216386 -0.263024
v 0.015885 0.223897 -0.252481
v -0.000000 0.223897 -0.252980
v 0.031707 0.223897 -0.250986
v 0.047404 0.223897 -0.248499
v 0.062914 0.223897 -0.245032
v 0.078175 0.223897 -0.240599
v 0.093128 0.223897 -0.235215
v 0.107714 0.223897 -0.228903
v 0.121874 0.223897 -0.221688
v 0.135554 0.223897 -0.213598
v 0.148698 0.223897 -0.204665
v 0.161256 0.223897 -0.194925
v 0.173177 0.223897 -0.184415
v 0.184415 0.223897 -0.173177
v 0.194925 0.223897 -0.161256
v 0.204665 0.223897 -0.148698
v 0.213598 0.223897 -0.135554
v 0.221688 0.223897 -0.121874
v 0.228903 0.223897 -0.107714
v 0.235215 0.223897 -0.093128
v 0.240599 0.223897 -0.078175
v 0.245032 0.223897 -0.062914
v 0.248499 0.223897 -0.047404
v 0.250986 0.223897 -0.031707
v 0.252481 0.223897 -0.015885
v 0.252980 0.223897 -0.000000
v 0.252481 0.223897 0.015885
v 0.250986 0.223897 0.031707
v 0.248499 0.223897 0.047404
v 0.245032 0.223897 0.062914
v 0.240599 0.223897 0.078175
v 0.235215 0.223897 0.093128
v 0.228903 0.223897 0.107714
v 0.221688 0.223897 0.121874
v 0.213598 0.223897 0.135554
v 0.204665 0.223897 0.148698
v 0.194925 0.223897 0.161256
v 0.184415 0.223897 0.173177
v 0.173177 0.223897 0.184415
v 0.161256 0.223897 0.194925
v 0.148698 0.223897 0.204665
v 0.135554 0.223897 0.213598
v 0.121874 0.223897 0.221688
v 0.107714 0.223897 0.228903
v 0.093128 0.223897 0.235215
v 0.078175 0.223897 0.240599
v 0.062914 0.223897 0.245032
v 0.047404 0.223897 0.248499
v 0.031707 0.223897 0.250986
v 0.015885 0.223897 0.252481
v -0.000000 0.223897 0.252980
v -0.015885 0.223897 0.252481
v -0.031707 0.223897 0.250986
v -0.047404 0.223897 0.248499
v -0.062914 0.223897 0.245032
v -0.078175 0.223897 0.240599
v -0.093128 0.223897 0.235215
v -0.107714 0.223897 0.228903
v -0.121874 0.223897 0.221688
v -0.135554 0.223897 0.213598
v -0.148698 0.223897 0.204665
v -0.161256 0.223897 0.194925
v -0.173177 0.223897 0.184415
v -0.184415 0.223897 0.173177
v -0.194925 0.223897 0.161256
v -0.204665 0.223897 0.148698
v -0.213598 0.223897 0.135554
v -0.221688 0.223897 0.121874
v -0.228903 0.223897 0.107714
v -0.235215 0.223897 0.093128
v -0.240599 0.223897 0.078175
v -0.245032 0.223897 0.062914
v -0.248499 0.223897 0.047404
v -0.250986 0.223897 0.031707
v -0.252481 0.223897 0.015885
v -0.252980 0.223897 0.000000
v -0.252481 0.223897 -0.015885
v -0.250986 0.223897 -0.031707
v -0.248499 0.223897 -0.047404
v -0.245032 0.223897 -0.062914
v -0.240599 0.223897 -0.078175
v -0.235215 0.223897 -0.093128
v -0.228903 0.223897 -0.107714
v -0.221688 0.223897 -0.121874
v -0.213598 0.223897 -0.135554
v -0.204665 0.223897 -0.148698
v -0.194925 0.223897 -0.161256
v -0.184415 0.223897 -0.173177
v -0.173177 0.223897 -0.184415
v -0.161256 0.223897 -0.194925
v -0.148698 0.223897 -0.204665
v -0.135554 0.223897 -0.213598
v -0.121874 0.223897 -0.221688
v -0.107714 0.223897 -0.228903
v -0.093128 0.223897 -0.235215
v -0.078175 0.223897 -0.240599
v -0.062914 0.223897 -0.245032
v -0.047404 0.223897 -0.248499
v -0.031707 0.223897 -0.250986
v -0.015885 0.223897 -0.252481
vn -0.0000 -0.0000 -1.0000
vn 0.0628 -0.0000 -0.9980
vn 0.1253 -0.0000 -0.9921
vn 0.1874 -0.0000 -0.9823
vn 0.2487 -0.0000 -0.9686
vn 0.3090 -0.0000 -0.9511
vn 0.3681 -0.0000 -0.9298
vn 0.4258 -0.0000 -0.9048
vn 0.4818 -0.0000 -0.8763
vn 0.5358 -0.0000 -0.8443
vn 0.5878 -0.0000 -0.8090
vn 0.6374 -0.0000 -0.7705
vn 0.6845 -0.0000 -0.7290
vn 0.7290 -0.0000 -0.6845
vn 0.7705 -0.0000 -0.6374
vn 0.8090 -0.0000 -0.5878
vn 0.8443 -0.0000 -0.5358
vn 0.8763 -0.0000 -0.4818
vn 0.9048 -0.0000 -0.4258
vn 0.9298 -0.0000 -0.3681
vn 0.9511 -0.0000 -0.3090
vn 0.9686 -0.0000 -0.2487
vn 0.9823 -0.0000 -0.1874
vn 0.9921 -0.0000 -0.1253
vn 0.9980 -0.0000 -0.0628
vn 1.0000 -0.0000 -0.0000
vn 0.9980 -0.0000 0.0628
vn 0.9921 -0.0000 0.1253
vn 0.9823 -0.0000 0.1874
vn 0.9686 -0.0000 0.2487
vn 0.9511 -0.0000 0.3090
vn 0.9298 -0.0000 0.3681
vn 0.9048 -0.0000 0.4258
vn 0.8763 -0.0000 0.4818
vn 0.8443 -0.0000 0.5358
vn 0.8090 -0.0000 0.5878
vn 0.7705 -0.0000 0.6374
vn 0.7290 -0.0000 0.6845
vn 0.6845 -0.0000 0.7290
vn 0.6374 -0.0000 0.7705
vn 0.5878 -0.0000 0.8090
vn 0.5358 -0.0000 0.8443
vn 0.4818 -0.0000 0.8763
vn 0.4258 -0.0000 0.9048
vn 0.3681 -0.0000 0.9298
vn 0.3090 -0.0000 0.9511
vn 0.2487 -0.0000 0.9686
vn 0.1874 -0.0000 0.9823
vn 0.1253 -0.0000 0.9921
vn 0.0628 -0.0000 0.9980
vn -0.0000 -0.0000 1.0000
vn -0.0628 -0.0000 0.9980
vn -0.1253 -0.0000 0.9921
vn -0.1874 -0.0000 0.9823
vn -0.2487 -0.0000 0.9686
vn -0.3090 -0.0000 0.9511
vn -0.3681 -0.0000 0.9298
vn -0.4258 -0.0000 0.9048
vn -0.4818 -0.0000 0.8763
vn -0.5358 -0.0000 0.8443
vn -0.5878 -0.0000 0.8090
vn -0.6374 -0.0000 0.7705
vn -0.6845 -0.0000 0.7290
vn -0.7290 -0.0000 0.6845
vn -0.7705 -0.0000 0.6374
vn -0.8090 -0.0000 0.5878
vn -0.8443 -0.0000 0.5358
vn -0.8763 -0.0000 0.4818
vn -0.9048 -0.0000 0.4258
vn -0.9298 -0.0000 0.3681
vn -0.9511 -0.0000 0.3090
vn -0.9686 -0.0000 0.2487
vn -0.9823 -0.0000 0.1874
vn -0.9921 -0.0000 0.1253
vn -0.9980 -0.0000 0.0628
vn -1.0000 -0.0000 -0.0000
vn -0.9980 -0.0000 -0.0628
vn -0.9921 -0.0000 -0.1253
vn -0.9823 -0.0000 -0.1874
vn -0.9686 -0.0000 -0.2487
vn -0.9511 -0.0000 -0.3090
vn -0.9298 -0.0000 -0.3681
vn -0.9048 -0.0000 -0.4258
vn -0.8763 -0.0000 -0.4818
vn -0.8443 -0.0000 -0.5358
vn -0.8090 -0.0000 -0.5878
vn -0.7705 -0.0000 -0.6374
vn -0.7290 -0.0000 -0.6845
vn -0.6845 -0.0000 -0.7290
vn -0.6374 -0.0000 -0.7705
vn -0.5878 -0.0000 -0.8090
vn -0.5358 -0.0000 -0.8443
vn -0.4818 -0.0000 -0.8763
vn -0.4258 -0.0000 -0.9048
vn -0.3681 -0.0000 -0.9298
vn -0.3090 -0.0000 -0.9511
vn -0.2487 -0.0000 -0.9686
vn -0.1874 -0.0000 -0.9823
vn -0.1253 -0.0000 -0.9921
vn -0.0000 1.0000 -0.0000
vn -0.0628 -0.0000 -0.9980
vn -0.0000 -1.0000 -0.0000
vn -0.0000 0.8957 -0.4446
vn 0.0279 0.8957 -0.4438
vn 0.0557 0.8957 -0.4411
vn 0.0833 0.8957 -0.4368
vn 0.1106 0.8957 -0.4307
vn 0.1374 0.8957 -0.4229
vn 0.1637 0.8957 -0.4134
vn 0.1893 0.8957 -0.4023
vn 0.2142 0.8957 -0.3896
vn 0.2382 0.8957 -0.3754
vn 0.2613 0.8957 -0.3597
vn 0.2834 0.8957 -0.3426
vn 0.3044 0.8957 -0.3241
vn 0.3241 0.8957 -0.3044
vn 0.3426 0.8957 -0.2834
vn 0.3597 0.8957 -0.2613
vn 0.3754 0.8957 -0.2382
vn 0.3896 0.8957 -0.2142
vn 0.4023 0.8957 -0.1893
vn 0.4134 0.8957 -0.1637
vn 0.4229 0.8957 -0.1374
vn 0.4307 0.8957 -0.1106
vn 0.4368 0.8957 -0.0833
vn 0.4411 0.8957 -0.0557
vn 0.4438 0.8957 -0.0279
vn 0.4446 0.8957 -0.0000
vn 0.4438 0.8957 0.0279
vn 0.4411 0.8957 0.0557
vn 0.4368 0.8957 0.0833
vn 0.4307 0.8957 0.1106
vn 0.4229 0.8957 0.1374
vn 0.4134 0.8957 0.1637
vn 0.4023 0.8957 0.1893
vn 0.3896 0.8957 0.2142
vn 0.3754 0.8957 0.2382
vn 0.3597 0.8957 0.2613
vn 0.3426 0.8957 0.2834
vn 0.3241 0.8957 0.3044
vn 0.3044 0.8957 0.3241
vn 0.2834 0.8957 0.3426
vn 0.2613 0.8957 0.3597
vn 0.2382 0.8957 0.3754
vn 0.2142 0.8957 0.3896
vn 0.1893 0.8957 0.4023
vn 0.1637 0.8957 0.4134
vn 0.1374 0.8957 0.4229
vn 0.1106 0.8957 0.4307
vn 0.0833 0.8957 0.4368
vn 0.0557 0.8957 0.4411
vn 0.0279 0.8957 0.4438
vn -0.0000 0.8957 0.4446
vn -0.0279 0.8957 0.4438
vn -0.0557 0.8957 0.4411
vn -0.0833 0.8957 0.4368
vn -0.1106 0.8957 0.4307
vn -0.1374 0.8957 0.4229
vn -0.1637 0.8957 0.4134
vn -0.1893 0.8957 0.4023
vn -0.2142 0.8957 0.3896
vn -0.2382 0.8957 0.3754
vn -0.2613 0.8957 0.3597
vn -0.2834 0.8957 0.3426
vn -0.3044 0.8957 0.3241
vn -0.3241 0.8957 0.3044
vn -0.3426 0.8957 0.2834
vn -0.3597 0.8957 0.2613
vn -0.3754 0.8957 0.2382
vn -0.3896 0.8957 0.2142
vn -0.4023 0.8957 0.1893
vn -0.4134 0.8957 0.1637
vn -0.4229 0.8957 0.1374
vn -0.4307 0.8957 0.1106
vn -0.4368 0.8957 0.0833
vn -0.4411 0.8957 0.0557
vn -0.4438 0.8957 0.0279
vn -0.4446 0.8957 -0.0000
vn -0.4438 0.8957 -0.0279
vn -0.4411 0.8957 -0.0557
vn -0.4368 0.8957 -0.0833
vn -0.4307 0.8957 -0.1106
vn -0.4229 0.8957 -0.1374
vn -0.4134 0.8957 -0.1637
vn -0.4023 0.8957 -0.1893
vn -0.3896 0.8957 -0.2142
vn -0.3754 0.8957 -0.2382
vn -0.3597 0.8957 -0.2613
vn -0.3426 0.8957 -0.2834
vn -0.3241 0.8957 -0.3044
vn -0.3044 0.8957 -0.3241
vn -0.2834 0.8957 -0.3426
vn -0.2613 0.8957 -0.3597
vn -0.2382 0.8957 -0.3754
vn -0.2142 0.8957 -0.3896
vn -0.1893 0.8957 -0.4023
vn -0.1637 0.8957 -0.4134
vn -0.1374 0.8957 -0.4229
vn -0.1106 0.8957 -0.4307
vn -0.0833 0.8957 -0.4368
vn -0.0557 0.8957 -0.4411
vn -0.0279 0.8957 -0.4438
vt 1.000000 0.791627
vt 1.000000 1.000000
vt 0.990000 1.000000
vt 0.990000 0.791627
vt 0.980000 1.000000
vt 0.980000 0.791628
vt 0.970000 1.000000
vt 0.970000 0.791627
vt 0.960000 1.000000
vt 0.960000 0.791627
vt 0.950000 1.000000
vt 0.950000 0.791627
vt 0.940000 1.000000
vt 0.940000 0.791628
vt 0.930000 1.000000
vt 0.930000 0.791628
vt 0.920000 1.000000
vt 0.920000 0.791628
vt 0.910000 1.000000
vt 0.910000 0.791628
vt 0.900000 1.000000
vt 0.900000 0.791627
vt 0.890000 1.000000
vt 0.890000 0.791627
vt 0.880000 1.000000
vt 0.880000 0.791627
vt 0.870000 1.000000
vt 0.870000 0.791627
vt 0.860000 1.000000
vt 0.860000 0.791627
vt 0.850000 1.000000
vt 0.850000 0.791627
vt 0.840000 1.000000
vt 0.840000 0.791628
vt 0.830000 1.000000
vt 0.830000 0.791628
vt 0.820000 1.000000
vt 0.820000 0.791628
vt 0.810000 1.000000
vt 0.810000 0.791627
vt 0.800000 1.000000
vt 0.800000 0.791627
vt 0.790000 1.000000
vt 0.790000 0.791627
vt 0.780000 1.000000
vt 0.780000 0.791627
vt 0.770000 1.000000
vt 0.770000 0.791627
vt 0.760000 1.000000
vt 0.760000 0.791627
vt 0.750000 1.000000
vt 0.750000 0.791627
vt 0.740000 1.000000
vt 0.740000 0.791627
vt 0.730000 1.000000
vt 0.730000 0.791628
vt 0.720000 1.000000
vt 0.720000 0.791627
vt 0.710000 1.000000
vt 0.710000 0.791627
vt 0.700000 1.000000
vt 0.700000 0.791627
vt 0.690000 1.000000
vt 0.690000 0.791628
vt 0.680000 1.000000
vt 0.680000 0.791628
vt 0.670000 1.000000
vt 0.670000 0.791628
vt 0.660000 1.000000
vt 0.660000 0.791628
vt 0.650000 1.000000
vt 0.650000 0.791627
vt 0.640000 1.000000
vt 0.640000 0.791627
vt 0.630000 1.000000
vt 0.630000 0.791627
vt 0.620000 1.000000
vt 0.620000 0.791627
vt 0.610000 1.000000
vt 0.610000 0.791627
vt 0.600000 1.000000
vt 0.600000 0.791627
vt 0.590000 1.000000
vt 0.590000 0.791628
vt 0.580000 1.000000
vt 0.580000 0.791628
vt 0.570000 1.000000
vt 0.570000 0.791628
vt 0.560000 1.000000
vt 0.560000 0.791627
vt 0.550000 1.000000
vt 0.550000 0.791627
vt 0.540000 1.000000
vt 0.540000 0.791627
vt 0.530000 1.000000
vt 0.530000 0.791627
vt 0.520000 1.000000
vt 0.520000 0.791627
vt 0.510000 1.000000
vt 0.510000 0.791627
vt 0.500000 1.000000
vt 0.500000 0.791627
vt 0.490000 1.000000
vt 0.490000 0.791627
vt 0.480000 1.000000
vt 0.480000 0.791628
vt 0.470001 1.000000
vt 0.470001 0.791627
vt 0.460001 1.000000
vt 0.460001 0.791627
vt 0.450001 1.000000
vt 0.450001 0.791627
vt 0.440001 1.000000
vt 0.440001 0.791628
vt 0.430001 1.000000
vt 0.430001 0.791628
vt 0.420001 1.000000
vt 0.420001 0.791628
vt 0.410001 1.000000
vt 0.410001 0.791628
vt 0.400001 1.000000
vt 0.400001 0.791627
vt 0.390001 1.000000
vt 0.390001 0.791627
vt 0.380001 1.000000
vt 0.380001 0.791627
vt 0.370001 1.000000
vt 0.370001 0.791627
vt 0.360001 1.000000
vt 0.360001 0.791627
vt 0.350001 1.000000
vt 0.350001 0.791627
vt 0.340001 1.000000
vt 0.340001 0.791628
vt 0.330001 1.000000
vt 0.330001 0.791628
vt 0.320001 1.000000
vt 0.320001 0.791628
vt 0.310001 1.000000
vt 0.310001 0.791627
vt 0.300001 1.000000
vt 0.300001 0.791627
vt 0.290001 1.000000
vt 0.290001 0.791627
vt 0.280001 1.000000
vt 0.280001 0.791627
vt 0.270001 1.000000
vt 0.270001 0.791627
vt 0.260001 1.000000
vt 0.260001 0.791627
vt 0.250001 1.000000
vt 0.250001 0.791627
vt 0.240001 1.000000
vt 0.240001 0.791627
vt 0.230001 1.000000
vt 0.230001 0.791628
vt 0.220001 1.000000
vt 0.220001 0.791627
vt 0.210001 1.000000
vt 0.210001 0.791627
vt 0.200001 1.000000
vt 0.200001 0.791627
vt 0.190001 1.000000
vt 0.190001 0.791628
vt 0.180001 1.000000
vt 0.180001 0.791628
vt 0.170001 1.000000
vt 0.170001 0.791628
vt 0.160001 1.000000
vt 0.160001 0.791628
vt 0.150001 1.000000
vt 0.150001 0.791627
vt 0.140001 1.000000
vt 0.140001 0.791627
vt 0.130001 1.000000
vt 0.130001 0.791627
vt 0.120001 1.000000
vt 0.120001 0.791627
vt 0.110001 1.000000
vt 0.110001 0.791627
vt 0.100001 1.000000
vt 0.100001 0.791627
vt 0.090001 1.000000
vt 0.090001 0.791628
vt 0.080001 1.000000
vt 0.080001 0.791628
vt 0.070001 1.000000
vt 0.070001 0.791628
vt 0.060001 1.000000
vt 0.060001 0.791627
vt 0.050001 1.000000
vt 0.050001 0.791627
vt 0.040001 1.000000
vt 0.040001 0.791627
vt 0.030001 1.000000
vt 0.030001 0.791627
vt 0.020001 1.000000
vt 0.020001 0.791627
vt 0.193487 0.076072
vt 0.204520 0.072867
vt 0.010001 1.000000
vt 0.010001 0.791627
vt 0.000001 1.000000
vt 0.000001 0.791627
vt 0.750000 0.490000
vt 0.765070 0.489526
vt 0.780080 0.488108
vt 0.794972 0.485749
vt 0.809686 0.482460
vt 0.824164 0.478254
vt 0.838350 0.473146
vt 0.852187 0.467158
vt 0.865621 0.460314
vt 0.878598 0.452639
vt 0.891068 0.444164
vt 0.902982 0.434923
vt 0.914291 0.424952
vt 0.924952 0.414291
vt 0.934923 0.402982
vt 0.944164 0.391068
vt 0.952639 0.378598
vt 0.960314 0.365621
vt 0.967158 0.352187
vt 0.973146 0.338350
vt 0.978254 0.324164
vt 0.982460 0.309686
vt 0.985749 0.294972
vt 0.988108 0.280080
vt 0.989526 0.265070
vt 0.990000 0.250000
vt 0.989526 0.234930
vt 0.988108 0.219920
vt 0.985749 0.205028
vt 0.982460 0.190314
vt 0.978254 0.175836
vt 0.973146 0.161650
vt 0.967158 0.147813
vt 0.960314 0.134379
vt 0.952639 0.121402
vt 0.944164 0.108932
vt 0.934923 0.097018
vt 0.924952 0.085709
vt 0.914291 0.075048
vt 0.902982 0.065077
vt 0.891068 0.055836
vt 0.878598 0.047361
vt 0.865621 0.039686
vt 0.852187 0.032842
vt 0.838350 0.026854
vt 0.824164 0.021746
vt 0.809686 0.017540
vt 0.794972 0.014251
vt 0.780080 0.011892
vt 0.765070 0.010474
vt 0.750000 0.010000
vt 0.734930 0.010474
vt 0.719920 0.011892
vt 0.705028 0.014251
vt 0.690314 0.017540
vt 0.675836 0.021746
vt 0.661650 0.026854
vt 0.647813 0.032842
vt 0.634379 0.039686
vt 0.621402 0.047361
vt 0.608932 0.055836
vt 0.597018 0.065077
vt 0.585709 0.075048
vt 0.575048 0.085709
vt 0.565077 0.097018
vt 0.555836 0.108932
vt 0.547361 0.121402
vt 0.539686 0.134379
vt 0.532842 0.147813
vt 0.526854 0.161650
vt 0.521746 0.175836
vt 0.517540 0.190314
vt 0.514251 0.205028
vt 0.511892 0.219920
vt 0.510474 0.234930
vt 0.510000 0.250000
vt 0.510474 0.265070
vt 0.511892 0.280080
vt 0.514251 0.294972
vt 0.517540 0.309686
vt 0.521746 0.324164
vt 0.526854 0.338350
vt 0.532842 0.352187
vt 0.539686 0.365621
vt 0.547361 0.378598
vt 0.555836 0.391068
vt 0.565077 0.402982
vt 0.575048 0.414291
vt 0.585709 0.424952
vt 0.597018 0.434923
vt 0.608932 0.444164
vt 0.621402 0.452639
vt 0.634379 0.460314
vt 0.647813 0.467158
vt 0.661650 0.473146
vt 0.675836 0.478254
vt 0.690314 0.482460
vt 0.705028 0.485749
vt 0.719920 0.488108
vt 0.734930 0.489526
vt 0.250000 0.432879
vt 0.261483 0.432518
vt 0.265070 0.489526
vt 0.250000 0.490000
vt 0.272921 0.431436
vt 0.280080 0.488108
vt 0.284268 0.429639
vt 0.294972 0.485749
vt 0.295480 0.427133
vt 0.309686 0.482460
vt 0.306513 0.423928
vt 0.324164 0.478254
vt 0.317322 0.420036
vt 0.338350 0.473146
vt 0.327866 0.415473
vt 0.352187 0.467158
vt 0.338102 0.410258
vt 0.365621 0.460314
vt 0.347991 0.404409
vt 0.378598 0.452639
vt 0.357493 0.397952
vt 0.391068 0.444164
vt 0.366571 0.390910
vt 0.402982 0.434923
vt 0.375189 0.383313
vt 0.414291 0.424952
vt 0.383313 0.375189
vt 0.424952 0.414291
vt 0.390910 0.366571
vt 0.434923 0.402982
vt 0.397952 0.357493
vt 0.444164 0.391068
vt 0.404409 0.347991
vt 0.452639 0.378598
vt 0.410258 0.338103
vt 0.460314 0.365621
vt 0.415473 0.327866
vt 0.467158 0.352187
vt 0.420036 0.317322
vt 0.473146 0.338350
vt 0.423928 0.306513
vt 0.478254 0.324164
vt 0.427133 0.295480
vt 0.482460 0.309686
vt 0.429639 0.284268
vt 0.485749 0.294972
vt 0.431436 0.272921
vt 0.488108 0.280080
vt 0.432518 0.261483
vt 0.489526 0.265070
vt 0.432879 0.250000
vt 0.490000 0.250000
vt 0.432518 0.238517
vt 0.489526 0.234930
vt 0.431437 0.227079
vt 0.488108 0.219920
vt 0.429639 0.215732
vt 0.485749 0.205028
vt 0.427133 0.204520
vt 0.482460 0.190314
vt 0.423928 0.193487
vt 0.478254 0.175836
vt 0.420036 0.182678
vt 0.473146 0.161650
vt 0.415474 0.172134
vt 0.467158 0.147813
vt 0.410258 0.161898
vt 0.460314 0.134379
vt 0.404409 0.152009
vt 0.452639 0.121402
vt 0.397952 0.142507
vt 0.444164 0.108932
vt 0.390910 0.133429
vt 0.434923 0.097018
vt 0.383313 0.124811
vt 0.424952 0.085709
vt 0.375189 0.116687
vt 0.414291 0.075048
vt 0.366571 0.109090
vt 0.402982 0.065077
vt 0.357493 0.102048
vt 0.391068 0.055836
vt 0.347991 0.095591
vt 0.378598 0.047361
vt 0.338102 0.089742
vt 0.365621 0.039686
vt 0.327866 0.084527
vt 0.352187 0.032842
vt 0.317322 0.079964
vt 0.338350 0.026854
vt 0.306513 0.076072
vt 0.324164 0.021746
vt 0.295480 0.072867
vt 0.309686 0.017540
vt 0.284268 0.070361
vt 0.294972 0.014251
vt 0.272921 0.068564
vt 0.280080 0.011892
vt 0.261483 0.067482
vt 0.265070 0.010474
vt 0.250000 0.067122
vt 0.250000 0.010000
vt 0.238517 0.067482
vt 0.234930 0.010474
vt 0.227079 0.068564
vt 0.219920 0.011892
vt 0.215732 0.070361
vt 0.205028 0.014251
vt 0.204520 0.072867
vt 0.190314 0.017540
vt 0.193487 0.076072
vt 0.175836 0.021746
vt 0.182678 0.079964
vt 0.161650 0.026854
vt 0.172134 0.084527
vt 0.147813 0.032842
vt 0.161898 0.089742
vt 0.134379 0.039686
vt 0.152009 0.095591
vt 0.121402 0.047361
vt 0.142507 0.102048
vt 0.108932 0.055836
vt 0.133429 0.109090
vt 0.097018 0.065077
vt 0.124811 0.116687
vt 0.085709 0.075048
vt 0.116687 0.124811
vt 0.075048 0.085709
vt 0.109090 0.133429
vt 0.065077 0.097018
vt 0.102048 0.142507
vt 0.055836 0.108932
vt 0.095591 0.152009
vt 0.047361 0.121402
vt 0.089742 0.161898
vt 0.039686 0.134379
vt 0.084527 0.172134
vt 0.032842 0.147813
vt 0.079964 0.182678
vt 0.026854 0.161650
vt 0.076072 0.193487
vt 0.021746 0.175836
vt 0.072867 0.204520
vt 0.017540 0.190314
vt 0.070361 0.215732
vt 0.014251 0.205028
vt 0.068564 0.227079
vt 0.011892 0.219920
vt 0.067482 0.238517
vt 0.010474 0.234930
vt 0.067122 0.250000
vt 0.010000 0.250000
vt 0.067482 0.261483
vt 0.010474 0.265070
vt 0.068564 0.272921
vt 0.011892 0.280080
vt 0.070361 0.284268
vt 0.014251 0.294972
vt 0.072867 0.295480
vt 0.017540 0.309686
vt 0.076072 0.306513
vt 0.021746 0.324164
vt 0.079964 0.317322
vt 0.026854 0.338350
vt 0.084527 0.327866
vt 0.032842 0.352187
vt 0.089742 0.338103
vt 0.039686 0.365621
vt 0.095591 0.347991
vt 0.047361 0.378598
vt 0.102048 0.357493
vt 0.055836 0.391068
vt 0.109090 0.366571
vt 0.065077 0.402982
vt 0.116687 0.375189
vt 0.075048 0.414291
vt 0.124811 0.383313
vt 0.085709 0.424952
vt 0.133429 0.390910
vt 0.097018 0.434923
vt 0.142507 0.397952
vt 0.108932 0.444164
vt 0.152009 0.404410
vt 0.121402 0.452639
vt 0.161898 0.410258
vt 0.134379 0.460314
vt 0.172134 0.415474
vt 0.147813 0.467158
vt 0.182678 0.420036
vt 0.161650 0.473146
vt 0.193488 0.423928
vt 0.175836 0.478254
vt 0.204520 0.427133
vt 0.190314 0.482460
vt 0.215732 0.429639
vt 0.205028 0.485749
vt 0.227079 0.431436
vt 0.219920 0.488108
vt 0.238517 0.432518
vt 0.234930 0.489526
vt 0.119266 0.258225
vt 0.119007 0.250000
vt 0.215732 0.070361
vt 0.227079 0.068564
vt 0.238517 0.067482
vt 0.261483 0.067482
vt 0.227079 0.068564
vt 0.284268 0.070361
vt 0.295480 0.072867
vt 0.338102 0.089742
vt 0.366571 0.109090
vt 0.375189 0.116687
vt 0.383313 0.124811
vt 0.390910 0.133429
vt 0.404409 0.152009
vt 0.410258 0.161898
vt 0.383313 0.124811
vt 0.423928 0.193487
vt 0.431437 0.227079
vt 0.427133 0.295480
vt 0.423928 0.306512
vt 0.420036 0.317322
vt 0.410258 0.338103
vt 0.404409 0.347991
vt 0.390910 0.366571
vt 0.383313 0.375189
vt 0.375189 0.383313
vt 0.366571 0.390910
vt 0.357493 0.397952
vt 0.338102 0.410258
vt 0.327866 0.415473
vt 0.250000 0.387866
vt 0.258657 0.387594
vt 0.267279 0.386779
vt 0.275834 0.385424
vt 0.284286 0.383535
vt 0.292603 0.381118
vt 0.300752 0.378185
vt 0.308701 0.374745
vt 0.316417 0.370813
vt 0.323872 0.366404
vt 0.331036 0.361536
vt 0.337879 0.356228
vt 0.344376 0.350500
vt 0.350500 0.344376
vt 0.356228 0.337879
vt 0.361536 0.331036
vt 0.366404 0.323872
vt 0.370813 0.316418
vt 0.374745 0.308701
vt 0.378185 0.300752
vt 0.381119 0.292603
vt 0.383535 0.284286
vt 0.385424 0.275834
vt 0.386779 0.267279
vt 0.387594 0.258657
vt 0.387866 0.250000
vt 0.387594 0.241343
vt 0.386779 0.232721
vt 0.385424 0.224166
vt 0.383535 0.215714
vt 0.381119 0.207397
vt 0.378185 0.199248
vt 0.374745 0.191300
vt 0.370813 0.183583
vt 0.366404 0.176128
vt 0.361536 0.168964
vt 0.356228 0.162121
vt 0.350500 0.155624
vt 0.344376 0.149500
vt 0.337879 0.143772
vt 0.331036 0.138464
vt 0.323872 0.133596
vt 0.316418 0.129187
vt 0.308701 0.125255
vt 0.300752 0.121815
vt 0.292603 0.118882
vt 0.284286 0.116465
vt 0.275834 0.114576
vt 0.267279 0.113221
vt 0.258657 0.112406
vt 0.250000 0.112134
vt 0.241343 0.112406
vt 0.232721 0.113221
vt 0.224167 0.114576
vt 0.215714 0.116465
vt 0.207397 0.118882
vt 0.199248 0.121815
vt 0.191300 0.125255
vt 0.183583 0.129187
vt 0.176128 0.133596
vt 0.168964 0.138464
vt 0.162121 0.143772
vt 0.155624 0.149500
vt 0.149500 0.155624
vt 0.143772 0.162121
vt 0.138464 0.168964
vt 0.133596 0.176128
vt 0.129187 0.183583
vt 0.125255 0.191300
vt 0.121815 0.199248
vt 0.118882 0.207397
vt 0.116465 0.215714
vt 0.114576 0.224167
vt 0.113221 0.232721
vt 0.112406 0.241343
vt 0.112134 0.250000
vt 0.112406 0.258657
vt 0.113221 0.267279
vt 0.114576 0.275834
vt 0.116465 0.284286
vt 0.118882 0.292603
vt 0.121815 0.300752
vt 0.125255 0.308701
vt 0.129187 0.316418
vt 0.133596 0.323872
vt 0.138464 0.331036
vt 0.143772 0.337879
vt 0.149500 0.344376
vt 0.155624 0.350500
vt 0.162121 0.356228
vt 0.168964 0.361536
vt 0.176128 0.366404
vt 0.183583 0.370813
vt 0.191300 0.374745
vt 0.199248 0.378185
vt 0.207397 0.381119
vt 0.215714 0.383535
vt 0.224167 0.385424
vt 0.232721 0.386779
vt 0.241343 0.387594
vt 0.010001 0.500000
vt 0.010001 0.722603
vt 0.000001 0.722603
vt 0.000001 0.500000
vt 0.200001 0.722603
vt 0.210001 0.722603
vt 0.020001 0.500000
vt 0.020001 0.722603
vt 0.720000 0.722603
vt 0.730000 0.722603
vt 0.030001 0.500000
vt 0.030001 0.722603
vt 0.040001 0.500000
vt 0.040001 0.722603
vt 0.050001 0.500000
vt 0.050001 0.722603
vt 0.190001 0.722603
vt 0.060001 0.500000
vt 0.060001 0.722603
vt 0.710000 0.722603
vt 0.070001 0.500000
vt 0.070001 0.722603
vt 0.080001 0.500000
vt 0.080001 0.722603
vt 0.090001 0.500000
vt 0.090001 0.722603
vt 0.180001 0.722603
vt 0.100001 0.500000
vt 0.100001 0.722603
vt 0.700000 0.722603
vt 0.110001 0.500000
vt 0.110001 0.722603
vt 0.120001 0.500000
vt 0.120001 0.722603
vt 0.130001 0.500000
vt 0.130001 0.722603
vt 0.170001 0.722603
vt 0.140001 0.500000
vt 0.140001 0.722603
vt 0.690000 0.722603
vt 0.150001 0.500000
vt 0.150001 0.722603
vt 0.160001 0.500000
vt 0.160001 0.722603
vt 0.170001 0.500000
vt 0.180001 0.500000
vt 0.680000 0.722603
vt 0.190001 0.500000
vt 0.200001 0.500000
vt 0.210001 0.500000
vt 0.220001 0.500000
vt 0.220001 0.722603
vt 0.670000 0.722603
vt 0.230001 0.500000
vt 0.230001 0.722603
vt 0.240001 0.500000
vt 0.240001 0.722603
vt 0.250001 0.500000
vt 0.250001 0.722603
vt 0.260001 0.500000
vt 0.260001 0.722603
vt 0.660000 0.722603
vt 0.270001 0.500000
vt 0.270001 0.722603
vt 0.280001 0.500000
vt 0.280001 0.722603
vt 0.290001 0.500000
vt 0.290001 0.722603
vt 0.300001 0.500000
vt 0.300001 0.722603
vt 0.650000 0.722603
vt 0.310001 0.500000
vt 0.310001 0.722603
vt 0.320001 0.500000
vt 0.320001 0.722603
vt 0.330001 0.500000
vt 0.330001 0.722603
vt 0.340001 0.500000
vt 0.340001 0.722603
vt 0.640000 0.722603
vt 0.350001 0.500000
vt 0.350001 0.722603
vt 0.360001 0.500000
vt 0.360001 0.722603
vt 0.370001 0.500000
vt 0.370001 0.722603
vt 0.380001 0.500000
vt 0.380001 0.722603
vt 0.630000 0.722603
vt 0.390001 0.500000
vt 0.390001 0.722603
vt 0.400001 0.500000
vt 0.400001 0.722603
vt 0.410001 0.500000
vt 0.410001 0.722603
vt 0.420001 0.500000
vt 0.420001 0.722603
vt 0.620000 0.722603
vt 0.430001 0.500000
vt 0.430001 0.722603
vt 0.440001 0.500000
vt 0.440001 0.722603
vt 0.450001 0.500000
vt 0.450001 0.722603
vt 0.460001 0.500000
vt 0.460001 0.722603
vt 0.610000 0.722603
vt 0.470001 0.500000
vt 0.470001 0.722603
vt 0.480000 0.500000
vt 0.480000 0.722603
vt 0.490000 0.500000
vt 0.490000 0.722603
vt 0.500000 0.500000
vt 0.500000 0.722603
vt 0.600000 0.722603
vt 0.510000 0.500000
vt 0.510000 0.722603
vt 0.520000 0.500000
vt 0.520000 0.722603
vt 0.530000 0.500000
vt 0.530000 0.722603
vt 0.540000 0.500000
vt 0.540000 0.722603
vt 0.590000 0.722603
vt 0.550000 0.500000
vt 0.550000 0.722603
vt 0.560000 0.500000
vt 0.560000 0.722603
vt 0.570000 0.500000
vt 0.570000 0.722603
vt 0.580000 0.500000
vt 0.580000 0.722603
vt 0.590000 0.500000
vt 0.600000 0.500000
vt 0.610000 0.500000
vt 0.620000 0.500000
vt 0.630000 0.500000
vt 0.640000 0.500000
vt 0.650000 0.500000
vt 0.660000 0.500000
vt 0.670000 0.500000
vt 0.680000 0.500000
vt 0.690000 0.500000
vt 0.700000 0.500000
vt 0.710000 0.500000
vt 0.720000 0.500000
vt 0.730000 0.500000
vt 0.740000 0.500000
vt 0.740000 0.722603
vt 0.750000 0.500000
vt 0.750000 0.722603
vt 0.760000 0.500000
vt 0.760000 0.722603
vt 0.770000 0.500000
vt 0.770000 0.722603
vt 0.780000 0.500000
vt 0.780000 0.722603
vt 0.790000 0.500000
vt 0.790000 0.722603
vt 0.800000 0.500000
vt 0.800000 0.722603
vt 0.810000 0.500000
vt 0.810000 0.722603
vt 0.820000 0.500000
vt 0.820000 0.722603
vt 0.830000 0.500000
vt 0.830000 0.722603
vt 0.840000 0.500000
vt 0.840000 0.722603
vt 0.850000 0.500000
vt 0.850000 0.722603
vt 0.860000 0.500000
vt 0.860000 0.722603
vt 0.870000 0.500000
vt 0.870000 0.722603
vt 0.880000 0.500000
vt 0.880000 0.722603
vt 0.890000 0.500000
vt 0.890000 0.722603
vt 0.900000 0.500000
vt 0.900000 0.722603
vt 0.910000 0.500000
vt 0.910000 0.722603
vt 0.920000 0.500000
vt 0.920000 0.722603
vt 0.930000 0.500000
vt 0.930000 0.722603
vt 0.940000 0.500000
vt 0.940000 0.722603
vt 0.990000 0.722603
vt 1.000000 0.722603
vt 0.950000 0.500000
vt 0.950000 0.722603
vt 0.960000 0.500000
vt 0.960000 0.722603
vt 0.970000 0.500000
vt 0.970000 0.722603
vt 0.980000 0.500000
vt 0.980000 0.722603
vt 0.990000 0.500000
vt 1.000000 0.500000
vt 0.250000 0.380993
vt 0.258225 0.380735
vt 0.266418 0.379960
vt 0.274546 0.378673
vt 0.282577 0.376878
vt 0.290479 0.374582
vt 0.298222 0.371794
vt 0.305774 0.368526
vt 0.313106 0.364790
vt 0.320190 0.360601
vt 0.326996 0.355976
vt 0.333498 0.350932
vt 0.339671 0.345490
vt 0.345490 0.339671
vt 0.350932 0.333498
vt 0.355976 0.326996
vt 0.360601 0.320190
vt 0.364790 0.313106
vt 0.368526 0.305774
vt 0.371794 0.298222
vt 0.374582 0.290479
vt 0.376878 0.282577
vt 0.378673 0.274546
vt 0.379960 0.266418
vt 0.380735 0.258225
vt 0.380993 0.250000
vt 0.380735 0.241775
vt 0.379960 0.233582
vt 0.378673 0.225454
vt 0.376878 0.217423
vt 0.374582 0.209521
vt 0.371794 0.201778
vt 0.368526 0.194226
vt 0.364790 0.186894
vt 0.360601 0.179810
vt 0.355976 0.173004
vt 0.350932 0.166502
vt 0.345490 0.160329
vt 0.339671 0.154510
vt 0.333498 0.149068
vt 0.326996 0.144024
vt 0.320190 0.139399
vt 0.313106 0.135210
vt 0.305774 0.131474
vt 0.298222 0.128206
vt 0.290479 0.125418
vt 0.282577 0.123122
vt 0.274546 0.121327
vt 0.266418 0.120040
vt 0.258225 0.119266
vt 0.250000 0.119007
vt 0.241775 0.119266
vt 0.233582 0.120040
vt 0.225455 0.121327
vt 0.217423 0.123122
vt 0.209521 0.125418
vt 0.201778 0.128206
vt 0.194226 0.131474
vt 0.186894 0.135210
vt 0.179810 0.139399
vt 0.173004 0.144024
vt 0.166502 0.149068
vt 0.160329 0.154510
vt 0.154510 0.160329
vt 0.149068 0.166502
vt 0.144024 0.173004
vt 0.139399 0.179810
vt 0.135210 0.186894
vt 0.131474 0.194226
vt 0.128206 0.201778
vt 0.125418 0.209521
vt 0.123122 0.217424
vt 0.121327 0.225455
vt 0.120040 0.233582
vt 0.119266 0.241775
vt 0.120040 0.266418
vt 0.121327 0.274546
vt 0.123122 0.282577
vt 0.125418 0.290479
vt 0.128206 0.298222
vt 0.131474 0.305774
vt 0.135210 0.313107
vt 0.139399 0.320190
vt 0.144025 0.326996
vt 0.149068 0.333499
vt 0.154510 0.339671
vt 0.160329 0.345490
vt 0.166502 0.350932
vt 0.173004 0.355976
vt 0.179810 0.360601
vt 0.186894 0.364790
vt 0.194226 0.368526
vt 0.201778 0.371795
vt 0.209521 0.374582
vt 0.217424 0.376878
vt 0.225455 0.378673
vt 0.233582 0.379961
vt 0.241775 0.380735
vt 0.163923 0.158338
vt 0.169849 0.153114
vt 0.261483 0.432518
vt 0.295480 0.427133
vt 0.172134 0.084527
vt 0.161898 0.089742
vt 0.152009 0.095591
vt 0.133429 0.109090
vt 0.124811 0.116687
vt 0.116687 0.124811
vt 0.072867 0.204520
vt 0.067482 0.238517
vt 0.067122 0.250000
vt 0.068564 0.272921
vt 0.072867 0.295480
vt 0.089742 0.338103
vt 0.102048 0.357493
vt 0.109090 0.366571
vt 0.116687 0.375189
vt 0.133429 0.390910
vt 0.142507 0.397952
vt 0.152009 0.404410
vt 0.193487 0.423928
vt 0.204520 0.427133
vt 0.215732 0.429639
vt 0.238517 0.432518
vt 0.250000 0.432879
vt 0.109090 0.133429
vt 0.124811 0.383313
vt 0.250000 0.375743
vt 0.257896 0.375495
vt 0.265760 0.374751
vt 0.273562 0.373515
vt 0.281271 0.371792
vt 0.288857 0.369588
vt 0.296289 0.366912
vt 0.303539 0.363775
vt 0.310577 0.360189
vt 0.317376 0.356168
vt 0.323910 0.351728
vt 0.330151 0.346886
vt 0.336077 0.341662
vt 0.341662 0.336077
vt 0.346886 0.330151
vt 0.351728 0.323910
vt 0.356168 0.317376
vt 0.360189 0.310577
vt 0.363775 0.303539
vt 0.366913 0.296289
vt 0.369588 0.288857
vt 0.371792 0.281271
vt 0.373515 0.273562
vt 0.374751 0.265760
vt 0.375494 0.257896
vt 0.375743 0.250000
vt 0.375494 0.242105
vt 0.374751 0.234240
vt 0.373516 0.226438
vt 0.371792 0.218729
vt 0.369588 0.211143
vt 0.366913 0.203711
vt 0.363775 0.196462
vt 0.360189 0.189423
vt 0.356168 0.182624
vt 0.351728 0.176090
vt 0.346887 0.169849
vt 0.341663 0.163923
vt 0.336077 0.158338
vt 0.330151 0.153114
vt 0.323910 0.148272
vt 0.317376 0.143832
vt 0.310577 0.139811
vt 0.303539 0.136225
vt 0.296289 0.133088
vt 0.288857 0.130412
vt 0.281271 0.128208
vt 0.273562 0.126485
vt 0.265760 0.125249
vt 0.257896 0.124506
vt 0.250000 0.124258
vt 0.242105 0.124506
vt 0.234240 0.125249
vt 0.226438 0.126485
vt 0.218729 0.128208
vt 0.211143 0.130412
vt 0.203711 0.133088
vt 0.196462 0.136225
vt 0.189423 0.139811
vt 0.182624 0.143832
vt 0.176090 0.148272
vt 0.158338 0.163923
vt 0.153114 0.169849
vt 0.148272 0.176090
vt 0.143832 0.182624
vt 0.139811 0.189423
vt 0.136225 0.196462
vt 0.133088 0.203711
vt 0.130412 0.211144
vt 0.128208 0.218729
vt 0.126485 0.226438
vt 0.125249 0.234241
vt 0.124506 0.242105
vt 0.124258 0.250000
vt 0.124506 0.257896
vt 0.125249 0.265760
vt 0.126485 0.273562
vt 0.128208 0.281271
vt 0.130412 0.288857
vt 0.133088 0.296289
vt 0.136225 0.303539
vt 0.139811 0.310577
vt 0.143832 0.317376
vt 0.148272 0.323910
vt 0.153114 0.330152
vt 0.158338 0.336077
vt 0.163923 0.341663
vt 0.169849 0.346887
vt 0.176090 0.351728
vt 0.182624 0.356168
vt 0.189423 0.360189
vt 0.196462 0.363776
vt 0.203711 0.366913
vt 0.211144 0.369589
vt 0.218729 0.371792
vt 0.226438 0.373516
vt 0.234241 0.374751
vt 0.242105 0.375495
s 1
usemtl Material.001
f 112/199/100 110/200/100 1360/200/100 1364/199/100
f 1/205/102 3/206/102 5/207/102 7/208/102 9/209/102 11/210/102 13/211/102 15/212/102 17/213/102 19/214/102 21/215/102 23/216/102 25/217/102 27/218/102 29/219/102 31/220/102 33/221/102 35/222/102 37/223/102 39/224/102 41/225/102 43/226/102 45/227/102 47/228/102 49/229/102 51/230/102 53/231/102 55/232/102 57/233/102 59/234/102 61/235/102 63/236/102 65/237/102 67/238/102 69/239/102 71/240/102 73/241/102 75/242/102 77/243/102 79/244/102 81/245/102 83/246/102 85/247/102 87/248/102 89/249/102 91/250/102 93/251/102 95/252/102 97/253/102 99/254/102 101/255/102 103/256/102 105/257/102 107/258/102 109/259/102 111/260/102 113/261/102 115/262/102 117/263/102 119/264/102 121/265/102 123/266/102 125/267/102 127/268/102 129/269/102 131/270/102 133/271/102 135/272/102 137/273/102 139/274/102 141/275/102 143/276/102 145/277/102 147/278/102 149/279/102 151/280/102 153/281/102 155/282/102 157/283/102 159/284/102 161/285/102 163/286/102 165/287/102 167/288/102 169/289/102 171/290/102 173/291/102 175/292/102 177/293/102 179/294/102 181/295/102 183/296/102 185/297/102 187/298/102 189/299/102 191/300/102 193/301/102 195/302/102 197/303/102 199/304/102
f 1102/305/100 1101/306/100 201/307/100 202/308/100
f 1101/306/100 1103/309/100 203/310/100 201/307/100
f 1103/309/100 1104/311/100 204/312/100 203/310/100
f 1104/311/100 1105/313/100 205/314/100 204/312/100
f 1105/313/100 1106/315/100 206/316/100 205/314/100
f 1106/315/100 1107/317/100 207/318/100 206/316/100
f 1107/317/100 1108/319/100 208/320/100 207/318/100
f 1108/319/100 1109/321/100 209/322/100 208/320/100
f 1109/321/100 1110/323/100 210/324/100 209/322/100
f 1110/323/100 1111/325/100 211/326/100 210/324/100
f 1111/325/100 1112/327/100 212/328/100 211/326/100
f 1112/327/100 1113/329/100 213/330/100 212/328/100
f 1113/329/100 1114/331/100 214/332/100 213/330/100
f 1114/331/100 1115/333/100 215/334/100 214/332/100
f 1115/333/100 1116/335/100 216/336/100 215/334/100
f 1116/335/100 1117/337/100 217/338/100 216/336/100
f 1117/337/100 1118/339/100 218/340/100 217/338/100
f 1118/339/100 1119/341/100 219/342/100 218/340/100
f 1119/341/100 1120/343/100 220/344/100 219/342/100
f 1120/343/100 1121/345/100 221/346/100 220/344/100
f 1121/345/100 1122/347/100 222/348/100 221/346/100
f 1122/347/100 1123/349/100 223/350/100 222/348/100
f 1123/349/100 1124/351/100 224/352/100 223/350/100
f 1124/351/100 1125/353/100 225/354/100 224/352/100
f 1125/353/100 1126/355/100 226/356/100 225/354/100
f 1126/355/100 1127/357/100 227/358/100 226/356/100
f 1127/357/100 1128/359/100 228/360/100 227/358/100
f 1128/359/100 1129/361/100 229/362/100 228/360/100
f 1129/361/100 1130/363/100 230/364/100 229/362/100
f 1130/363/100 1131/365/100 231/366/100 230/364/100
f 1131/365/100 1132/367/100 232/368/100 231/366/100
f 1132/367/100 1133/369/100 233/370/100 232/368/100
f 1133/369/100 1134/371/100 234/372/100 233/370/100
f 1134/371/100 1135/373/100 235/374/100 234/372/100
f 1135/373/100 1136/375/100 236/376/100 235/374/100
f 1136/375/100 1137/377/100 237/378/100 236/376/100
f 1137/377/100 1138/379/100 238/380/100 237/378/100
f 1138/379/100 1139/381/100 239/382/100 238/380/100
f 1139/381/100 1140/383/100 240/384/100 239/382/100
f 1140/383/100 1141/385/100 241/386/100 240/384/100
f 1141/385/100 1142/387/100 242/388/100 241/386/100
f 1142/387/100 1143/389/100 243/390/100 242/388/100
f 1143/389/100 1144/391/100 244/392/100 243/390/100
f 1144/391/100 1145/393/100 245/394/100 244/392/100
f 1145/393/100 1146/395/100 246/396/100 245/394/100
f 1146/395/100 1147/397/100 247/398/100 246/396/100
f 1147/397/100 1148/399/100 248/400/100 247/398/100
f 1148/399/100 1149/401/100 249/402/100 248/400/100
f 1149/401/100 1150/403/100 250/404/100 249/402/100
f 1150/403/100 1151/405/100 251/406/100 250/404/100
f 1151/405/100 1152/407/100 252/408/100 251/406/100
f 1152/407/100 1153/409/100 253/410/100 252/408/100
f 1153/409/100 1154/411/100 254/412/100 253/410/100
f 1154/411/100 1155/413/100 255/414/100 254/412/100
f 1155/413/100 1156/415/100 256/416/100 255/414/100
f 1156/415/100 1157/417/100 257/418/100 256/416/100
f 1157/417/100 1158/419/100 258/420/100 257/418/100
f 1158/419/100 1159/421/100 259/422/100 258/420/100
f 1159/421/100 1160/423/100 260/424/100 259/422/100
f 1160/423/100 1161/425/100 261/426/100 260/424/100
f 1161/425/100 1162/427/100 262/428/100 261/426/100
f 1162/427/100 1163/429/100 263/430/100 262/428/100
f 1163/429/100 1164/431/100 264/432/100 263/430/100
f 1164/431/100 1165/433/100 265/434/100 264/432/100
f 1165/433/100 1166/435/100 266/436/100 265/434/100
f 1166/435/100 1167/437/100 267/438/100 266/436/100
f 1167/437/100 1168/439/100 268/440/100 267/438/100
f 1168/439/100 1169/441/100 269/442/100 268/440/100
f 1169/441/100 1170/443/100 270/444/100 269/442/100
f 1170/443/100 1171/445/100 271/446/100 270/444/100
f 1171/445/100 1172/447/100 272/448/100 271/446/100
f 1172/447/100 1173/449/100 273/450/100 272/448/100
f 1173/449/100 1174/451/100 274/452/100 273/450/100
f 1174/451/100 1175/453/100 275/454/100 274/452/100
f 1175/453/100 1176/455/100 276/456/100 275/454/100
f 1176/455/100 1177/457/100 277/458/100 276/456/100
f 1177/457/100 1178/459/100 278/460/100 277/458/100
f 1178/459/100 1179/461/100 279/462/100 278/460/100
f 1179/461/100 1180/463/100 280/464/100 279/462/100
f 1180/463/100 1181/465/100 281/466/100 280/464/100
f 1181/465/100 1182/467/100 282/468/100 281/466/100
f 1182/467/100 1183/469/100 283/470/100 282/468/100
f 1183/469/100 1184/471/100 284/472/100 283/470/100
f 1184/471/100 1185/473/100 285/474/100 284/472/100
f 1185/473/100 1186/475/100 286/476/100 285/474/100
f 1186/475/100 1187/477/100 287/478/100 286/476/100
f 1187/477/100 1188/479/100 288/480/100 287/478/100
f 1188/479/100 1189/481/100 289/482/100 288/480/100
f 1189/481/100 1190/483/100 290/484/100 289/482/100
f 1190/483/100 1191/485/100 291/486/100 290/484/100
f 1191/485/100 1192/487/100 292/488/100 291/486/100
f 1192/487/100 1193/489/100 293/490/100 292/488/100
f 1193/489/100 1194/491/100 294/492/100 293/490/100
f 1194/491/100 1195/493/100 295/494/100 294/492/100
f 1195/493/100 1196/495/100 296/496/100 295/494/100
f 1196/495/100 1197/497/100 297/498/100 296/496/100
f 1197/497/100 1198/499/100 298/500/100 297/498/100
f 1198/499/100 1199/501/100 299/502/100 298/500/100
f 1199/501/100 1200/503/100 300/504/100 299/502/100
f 1200/503/100 1102/305/100 202/308/100 300/504/100
f 377/505/27 376/506/26 1576/506/26 1577/505/27
f 459/421/102 460/423/102 1379/423/102 1375/421/102
f 110/200/100 108/507/100 1356/507/100 1360/200/100
f 458/419/102 459/421/102 1375/421/102 1371/419/102
f 108/507/100 106/508/100 1352/508/100 1356/507/100
f 457/417/102 458/419/102 1371/419/102 1367/417/102
f 106/508/100 104/509/100 1350/509/100 1352/508/100
f 456/415/102 457/417/102 1367/417/102 1363/415/102
f 104/509/100 102/405/100 1348/405/100 1350/509/100
f 455/413/102 456/415/102 1363/415/102 1359/413/102
f 102/405/100 100/510/100 1346/510/100 1348/405/100
f 454/411/102 455/413/102 1359/413/102 1355/411/102
f 100/510/100 98/401/100 1342/401/100 1346/510/100
f 453/511/102 454/411/102 1355/411/102 1351/511/102
f 98/401/100 96/512/100 1338/512/100 1342/401/100
f 452/509/102 453/511/102 1351/511/102 1349/509/102
f 96/512/100 94/513/100 1334/513/100 1338/512/100
f 451/405/102 452/509/102 1349/509/102 1347/405/102
f 94/513/100 92/395/100 1330/395/100 1334/513/100
f 450/403/102 451/405/102 1347/405/102 1345/403/102
f 92/395/100 90/393/100 1326/393/100 1330/395/100
f 449/401/102 450/403/102 1345/403/102 1341/401/102
f 90/393/100 88/391/100 1322/391/100 1326/393/100
f 448/399/102 449/401/102 1341/401/102 1337/399/102
f 88/391/100 86/514/100 1318/514/100 1322/391/100
f 447/397/102 448/399/102 1337/399/102 1333/397/102
f 86/514/100 84/387/100 1314/387/100 1318/514/100
f 446/395/102 447/397/102 1333/397/102 1329/395/102
f 84/387/100 82/385/100 1310/385/100 1314/387/100
f 445/393/102 446/395/102 1329/395/102 1325/393/102
f 82/385/100 80/515/100 1304/515/100 1310/385/100
f 444/391/102 445/393/102 1325/393/102 1321/391/102
f 80/515/100 78/516/100 1301/516/100 1304/515/100
f 443/389/102 444/391/102 1321/391/102 1317/389/102
f 78/516/100 76/517/100 1498/517/100 1301/516/100
f 442/387/102 443/389/102 1317/389/102 1313/387/102
f 76/517/100 74/518/100 1494/518/100 1498/517/100
f 441/385/102 442/387/102 1313/387/102 1309/385/102
f 74/518/100 72/375/100 1490/375/100 1494/518/100
f 440/383/102 441/385/102 1309/385/102 1303/383/102
f 72/375/100 70/519/100 1486/519/100 1490/375/100
f 439/381/102 440/383/102 1303/383/102 1302/381/102
f 70/519/100 68/520/100 1482/520/100 1486/519/100
f 438/521/102 439/381/102 1302/381/102 1497/521/102
f 68/520/100 66/369/100 1478/369/100 1482/520/100
f 437/377/102 438/521/102 1497/521/102 1493/377/102
f 66/369/100 64/367/100 1474/367/100 1478/369/100
f 436/375/102 437/377/102 1493/377/102 1489/375/102
f 64/367/100 62/522/100 1470/522/100 1474/367/100
f 435/373/102 436/375/102 1489/375/102 1485/373/102
f 62/522/100 60/363/100 1466/363/100 1470/522/100
f 434/371/102 435/373/102 1485/373/102 1481/371/102
f 60/363/100 58/361/100 1462/361/100 1466/363/100
f 433/369/102 434/371/102 1481/371/102 1477/369/102
f 58/361/100 56/523/100 1458/523/100 1462/361/100
f 432/367/102 433/369/102 1477/369/102 1473/367/102
f 56/523/100 54/357/100 1454/357/100 1458/523/100
f 431/365/102 432/367/102 1473/367/102 1469/365/102
f 54/357/100 52/355/100 1450/355/100 1454/357/100
f 430/363/102 431/365/102 1469/365/102 1465/363/102
f 52/355/100 50/353/100 1446/353/100 1450/355/100
f 429/361/102 430/363/102 1465/363/102 1461/361/102
f 50/353/100 48/351/100 1442/351/100 1446/353/100
f 428/359/102 429/361/102 1461/361/102 1457/359/102
f 48/351/100 46/349/100 1438/349/100 1442/351/100
f 427/357/102 428/359/102 1457/359/102 1453/357/102
f 46/349/100 44/524/100 1434/524/100 1438/349/100
f 426/355/102 427/357/102 1453/357/102 1449/355/102
f 44/524/100 42/525/100 1430/525/100 1434/524/100
f 425/353/102 426/355/102 1449/355/102 1445/353/102
f 42/525/100 40/526/100 1426/526/100 1430/525/100
f 424/351/102 425/353/102 1445/353/102 1441/351/102
f 40/526/100 38/341/100 1422/341/100 1426/526/100
f 423/349/102 424/351/102 1441/351/102 1437/349/102
f 38/341/100 36/527/100 1418/527/100 1422/341/100
f 422/347/102 423/349/102 1437/349/102 1433/347/102
f 36/527/100 34/528/100 1414/528/100 1418/527/100
f 421/345/102 422/347/102 1433/347/102 1429/345/102
f 34/528/100 32/335/100 1410/335/100 1414/528/100
f 420/343/102 421/345/102 1429/345/102 1425/343/102
f 32/335/100 30/529/100 1406/529/100 1410/335/100
f 419/341/102 420/343/102 1425/343/102 1421/341/102
f 30/529/100 28/530/100 1402/530/100 1406/529/100
f 418/339/102 419/341/102 1421/341/102 1417/339/102
f 28/530/100 26/531/100 1398/531/100 1402/530/100
f 417/337/102 418/339/102 1417/339/102 1413/337/102
f 26/531/100 24/532/100 1394/532/100 1398/531/100
f 416/335/102 417/337/102 1413/337/102 1409/335/102
f 24/532/100 22/533/100 1390/533/100 1394/532/100
f 415/333/102 416/335/102 1409/335/102 1405/333/102
f 22/533/100 20/323/100 1386/323/100 1390/533/100
f 414/331/102 415/333/102 1405/333/102 1401/331/102
f 20/323/100 18/534/100 1382/534/100 1386/323/100
f 413/329/102 414/331/102 1401/331/102 1397/329/102
f 18/534/100 16/535/100 1378/535/100 1382/534/100
f 412/327/102 413/329/102 1397/329/102 1393/327/102
f 16/535/100 14/317/100 1374/317/100 1378/535/100
f 411/325/102 412/327/102 1393/327/102 1389/325/102
f 14/317/100 12/315/100 1370/315/100 1374/317/100
f 410/323/102 411/325/102 1389/325/102 1385/323/102
f 902/536/103 901/537/104 1201/306/104 1202/305/103
f 901/537/104 903/538/105 1203/309/105 1201/306/104
f 903/538/105 904/539/106 1204/311/106 1203/309/105
f 904/539/106 905/540/107 1205/313/107 1204/311/106
f 905/540/107 906/541/108 1206/315/108 1205/313/107
f 906/541/108 907/542/109 1207/317/109 1206/315/108
f 907/542/109 908/543/110 1208/319/110 1207/317/109
f 908/543/110 909/544/111 1209/321/111 1208/319/110
f 909/544/111 910/545/112 1210/323/112 1209/321/111
f 910/545/112 911/546/113 1211/325/113 1210/323/112
f 911/546/113 912/547/114 1212/327/114 1211/325/113
f 912/547/114 913/548/115 1213/329/115 1212/327/114
f 913/548/115 914/549/116 1214/331/116 1213/329/115
f 914/549/116 915/550/117 1215/333/117 1214/331/116
f 915/550/117 916/551/118 1216/335/118 1215/333/117
f 916/551/118 917/552/119 1217/337/119 1216/335/118
f 917/552/119 918/553/120 1218/339/120 1217/337/119
f 918/553/120 919/554/121 1219/341/121 1218/339/120
f 919/554/121 920/555/122 1220/343/122 1219/341/121
f 920/555/122 921/556/123 1221/345/123 1220/343/122
f 921/556/123 922/557/124 1222/347/124 1221/345/123
f 922/557/124 923/558/125 1223/349/125 1222/347/124
f 923/558/125 924/559/126 1224/351/126 1223/349/125
f 924/559/126 925/560/127 1225/353/127 1224/351/126
f 925/560/127 926/561/128 1226/355/128 1225/353/127
f 926/561/128 927/562/129 1227/357/129 1226/355/128
f 927/562/129 928/563/130 1228/359/130 1227/357/129
f 928/563/130 929/564/131 1229/361/131 1228/359/130
f 929/564/131 930/565/132 1230/363/132 1229/361/131
f 930/565/132 931/566/133 1231/365/133 1230/363/132
f 931/566/133 932/567/134 1232/367/134 1231/365/133
f 932/567/134 933/568/135 1233/369/135 1232/367/134
f 933/568/135 934/569/136 1234/371/136 1233/369/135
f 934/569/136 935/570/137 1235/373/137 1234/371/136
f 935/570/137 936/571/138 1236/375/138 1235/373/137
f 936/571/138 937/572/139 1237/377/139 1236/375/138
f 937/572/139 938/573/140 1238/379/140 1237/377/139
f 938/573/140 939/574/141 1239/381/141 1238/379/140
f 939/574/141 940/575/142 1240/383/142 1239/381/141
f 940/575/142 941/576/143 1241/385/143 1240/383/142
f 941/576/143 942/577/144 1242/387/144 1241/385/143
f 942/577/144 943/578/145 1243/389/145 1242/387/144
f 943/578/145 944/579/146 1244/391/146 1243/389/145
f 944/579/146 945/580/147 1245/393/147 1244/391/146
f 945/580/147 946/581/148 1246/395/148 1245/393/147
f 946/581/148 947/582/149 1247/397/149 1246/395/148
f 947/582/149 948/583/150 1248/399/150 1247/397/149
f 948/583/150 949/584/151 1249/401/151 1248/399/150
f 949/584/151 950/585/152 1250/403/152 1249/401/151
f 950/585/152 951/586/153 1251/405/153 1250/403/152
f 951/586/153 952/587/154 1252/407/154 1251/405/153
f 952/587/154 953/588/155 1253/409/155 1252/407/154
f 953/588/155 954/589/156 1254/411/156 1253/409/155
f 954/589/156 955/590/157 1255/413/157 1254/411/156
f 955/590/157 956/591/158 1256/415/158 1255/413/157
f 956/591/158 957/592/159 1257/417/159 1256/415/158
f 957/592/159 958/593/160 1258/419/160 1257/417/159
f 958/593/160 959/594/161 1259/421/161 1258/419/160
f 959/594/161 960/595/162 1260/423/162 1259/421/161
f 960/595/162 961/596/163 1261/425/163 1260/423/162
f 961/596/163 962/597/164 1262/427/164 1261/425/163
f 962/597/164 963/598/165 1263/429/165 1262/427/164
f 963/598/165 964/599/166 1264/431/166 1263/429/165
f 964/599/166 965/600/167 1265/433/167 1264/431/166
f 965/600/167 966/601/168 1266/435/168 1265/433/167
f 966/601/168 967/602/169 1267/437/169 1266/435/168
f 967/602/169 968/603/170 1268/439/170 1267/437/169
f 968/603/170 969/604/171 1269/441/171 1268/439/170
f 969/604/171 970/605/172 1270/443/172 1269/441/171
f 970/605/172 971/606/173 1271/445/173 1270/443/172
f 971/606/173 972/607/174 1272/447/174 1271/445/173
f 972/607/174 973/608/175 1273/449/175 1272/447/174
f 973/608/175 974/609/176 1274/451/176 1273/449/175
f 974/609/176 975/610/177 1275/453/177 1274/451/176
f 975/610/177 976/611/178 1276/455/178 1275/453/177
f 976/611/178 977/612/179 1277/457/179 1276/455/178
f 977/612/179 978/613/180 1278/459/180 1277/457/179
f 978/613/180 979/614/181 1279/461/181 1278/459/180
f 979/614/181 980/615/182 1280/463/182 1279/461/181
f 980/615/182 981/616/183 1281/465/183 1280/463/182
f 981/616/183 982/617/184 1282/467/184 1281/465/183
f 982/617/184 983/618/185 1283/469/185 1282/467/184
f 983/618/185 984/619/186 1284/471/186 1283/469/185
f 984/619/186 985/620/187 1285/473/187 1284/471/186
f 985/620/187 986/621/188 1286/475/188 1285/473/187
f 986/621/188 987/622/189 1287/477/189 1286/475/188
f 987/622/189 988/623/190 1288/479/190 1287/477/189
f 988/623/190 989/624/191 1289/481/191 1288/479/190
f 989/624/191 990/625/192 1290/483/192 1289/481/191
f 990/625/192 991/626/193 1291/485/193 1290/483/192
f 991/626/193 992/627/194 1292/487/194 1291/485/193
f 992/627/194 993/628/195 1293/489/195 1292/487/194
f 993/628/195 994/629/196 1294/491/196 1293/489/195
f 994/629/196 995/630/197 1295/493/197 1294/491/196
f 995/630/197 996/631/198 1296/495/198 1295/493/197
f 996/631/198 997/632/199 1297/497/199 1296/495/198
f 997/632/199 998/633/200 1298/499/200 1297/497/199
f 998/633/200 999/634/201 1299/501/201 1298/499/200
f 999/634/201 1000/635/202 1300/503/202 1299/501/201
f 1000/635/202 902/536/103 1202/305/103 1300/503/202
f 302/838/100 301/839/100 901/537/100 902/536/100
f 301/839/100 303/840/100 903/538/100 901/537/100
f 303/840/100 304/841/100 904/539/100 903/538/100
f 304/841/100 305/842/100 905/540/100 904/539/100
f 305/842/100 306/843/100 906/541/100 905/540/100
f 306/843/100 307/844/100 907/542/100 906/541/100
f 307/844/100 308/845/100 908/543/100 907/542/100
f 308/845/100 309/846/100 909/544/100 908/543/100
f 309/846/100 310/847/100 910/545/100 909/544/100
f 310/847/100 311/848/100 911/546/100 910/545/100
f 311/848/100 312/849/100 912/547/100 911/546/100
f 312/849/100 313/850/100 913/548/100 912/547/100
f 313/850/100 314/851/100 914/549/100 913/548/100
f 314/851/100 315/852/100 915/550/100 914/549/100
f 315/852/100 316/853/100 916/551/100 915/550/100
f 316/853/100 317/854/100 917/552/100 916/551/100
f 317/854/100 318/855/100 918/553/100 917/552/100
f 318/855/100 319/856/100 919/554/100 918/553/100
f 319/856/100 320/857/100 920/555/100 919/554/100
f 320/857/100 321/858/100 921/556/100 920/555/100
f 321/858/100 322/859/100 922/557/100 921/556/100
f 322/859/100 323/860/100 923/558/100 922/557/100
f 323/860/100 324/861/100 924/559/100 923/558/100
f 324/861/100 325/862/100 925/560/100 924/559/100
f 325/862/100 326/863/100 926/561/100 925/560/100
f 326/863/100 327/864/100 927/562/100 926/561/100
f 327/864/100 328/865/100 928/563/100 927/562/100
f 328/865/100 329/866/100 929/564/100 928/563/100
f 329/866/100 330/867/100 930/565/100 929/564/100
f 330/867/100 331/868/100 931/566/100 930/565/100
f 331/868/100 332/869/100 932/567/100 931/566/100
f 332/869/100 333/870/100 933/568/100 932/567/100
f 333/870/100 334/871/100 934/569/100 933/568/100
f 334/871/100 335/872/100 935/570/100 934/569/100
f 335/872/100 336/873/100 936/571/100 935/570/100
f 336/873/100 337/874/100 937/572/100 936/571/100
f 337/874/100 338/875/100 938/573/100 937/572/100
f 338/875/100 339/876/100 939/574/100 938/573/100
f 339/876/100 340/877/100 940/575/100 939/574/100
f 340/877/100 341/878/100 941/576/100 940/575/100
f 341/878/100 342/879/100 942/577/100 941/576/100
f 342/879/100 343/880/100 943/578/100 942/577/100
f 343/880/100 344/881/100 944/579/100 943/578/100
f 344/881/100 345/882/100 945/580/100 944/579/100
f 345/882/100 346/883/100 946/581/100 945/580/100
f 346/883/100 347/884/100 947/582/100 946/581/100
f 347/884/100 348/885/100 948/583/100 947/582/100
f 348/885/100 349/886/100 949/584/100 948/583/100
f 349/886/100 350/887/100 950/585/100 949/584/100
f 350/887/100 351/888/100 951/586/100 950/585/100
f 351/888/100 352/889/100 952/587/100 951/586/100
f 352/889/100 353/890/100 953/588/100 952/587/100
f 353/890/100 354/891/100 954/589/100 953/588/100
f 354/891/100 355/892/100 955/590/100 954/589/100
f 355/892/100 356/893/100 956/591/100 955/590/100
f 356/893/100 357/894/100 957/592/100 956/591/100
f 357/894/100 358/895/100 958/593/100 957/592/100
f 358/895/100 359/896/100 959/594/100 958/593/100
f 359/896/100 360/897/100 960/595/100 959/594/100
f 360/897/100 361/898/100 961/596/100 960/595/100
f 361/898/100 362/899/100 962/597/100 961/596/100
f 362/899/100 363/900/100 963/598/100 962/597/100
f 363/900/100 364/901/100 964/599/100 963/598/100
f 364/901/100 365/902/100 965/600/100 964/599/100
f 365/902/100 366/903/100 966/601/100 965/600/100
f 366/903/100 367/904/100 967/602/100 966/601/100
f 367/904/100 368/905/100 968/603/100 967/602/100
f 368/905/100 369/906/100 969/604/100 968/603/100
f 369/906/100 370/907/100 970/605/100 969/604/100
f 370/907/100 371/908/100 971/606/100 970/605/100
f 371/908/100 372/909/100 972/607/100 971/606/100
f 372/909/100 373/910/100 973/608/100 972/607/100
f 373/910/100 374/911/100 974/609/100 973/608/100
f 374/911/100 375/912/100 975/610/100 974/609/100
f 375/912/100 376/506/100 976/611/100 975/610/100
f 376/506/100 377/505/100 977/612/100 976/611/100
f 377/505/100 378/913/100 978/613/100 977/612/100
f 378/913/100 379/914/100 979/614/100 978/613/100
f 379/914/100 380/915/100 980/615/100 979/614/100
f 380/915/100 381/916/100 981/616/100 980/615/100
f 381/916/100 382/917/100 982/617/100 981/616/100
f 382/917/100 383/918/100 983/618/100 982/617/100
f 383/918/100 384/919/100 984/619/100 983/618/100
f 384/919/100 385/920/100 985/620/100 984/619/100
f 385/920/100 386/921/100 986/621/100 985/620/100
f 386/921/100 387/922/100 987/622/100 986/621/100
f 387/922/100 388/923/100 988/623/100 987/622/100
f 388/923/100 389/924/100 989/624/100 988/623/100
f 389/924/100 390/925/100 990/625/100 989/624/100
f 390/925/100 391/926/100 991/626/100 990/625/100
f 391/926/100 392/927/100 992/627/100 991/626/100
f 392/927/100 393/928/100 993/628/100 992/627/100
f 393/928/100 394/929/100 994/629/100 993/628/100
f 394/929/100 395/930/100 995/630/100 994/629/100
f 395/930/100 396/931/100 996/631/100 995/630/100
f 396/931/100 397/932/100 997/632/100 996/631/100
f 397/932/100 398/933/100 998/633/100 997/632/100
f 398/933/100 399/934/100 999/634/100 998/633/100
f 399/934/100 400/935/100 1000/635/100 999/634/100
f 400/935/100 302/838/100 902/536/100 1000/635/100
f 1063/936/63 1062/937/62 1662/937/62 1663/936/63
f 326/863/76 325/862/75 1525/862/75 1526/863/76
f 378/913/28 377/505/27 1577/505/27 1578/913/28
f 327/864/77 326/863/76 1526/863/76 1527/864/77
f 379/914/29 378/913/28 1578/913/28 1579/914/29
f 328/865/78 327/864/77 1527/864/77 1528/865/78
f 380/915/30 379/914/29 1579/914/29 1580/915/30
f 329/866/79 328/865/78 1528/865/78 1529/866/79
f 381/916/31 380/915/30 1580/915/30 1581/916/31
f 330/867/80 329/866/79 1529/866/79 1530/867/80
f 382/917/32 381/916/31 1581/916/31 1582/917/32
f 331/868/81 330/867/80 1530/867/80 1531/868/81
f 383/918/33 382/917/32 1582/917/32 1583/918/33
f 332/869/82 331/868/81 1531/868/81 1532/869/82
f 384/919/34 383/918/33 1583/918/33 1584/919/34
f 333/870/83 332/869/82 1532/869/82 1533/870/83
f 385/920/35 384/919/34 1584/919/34 1585/920/35
f 334/871/84 333/870/83 1533/870/83 1534/871/84
f 386/921/36 385/920/35 1585/920/35 1586/921/36
f 335/872/85 334/871/84 1534/871/84 1535/872/85
f 387/922/37 386/921/36 1586/921/36 1587/922/37
f 336/873/86 335/872/85 1535/872/85 1536/873/86
f 388/923/38 387/922/37 1587/922/37 1588/923/38
f 337/874/87 336/873/86 1536/873/86 1537/874/87
f 389/924/39 388/923/38 1588/923/38 1589/924/39
f 338/875/88 337/874/87 1537/874/87 1538/875/88
f 390/925/40 389/924/39 1589/924/39 1590/925/40
f 339/876/89 338/875/88 1538/875/88 1539/876/89
f 391/926/41 390/925/40 1590/925/40 1591/926/41
f 340/877/90 339/876/89 1539/876/89 1540/877/90
f 392/927/42 391/926/41 1591/926/41 1592/927/42
f 341/878/91 340/877/90 1540/877/90 1541/878/91
f 393/928/43 392/927/42 1592/927/42 1593/928/43
f 342/879/92 341/878/91 1541/878/91 1542/879/92
f 394/929/44 393/928/43 1593/928/43 1594/929/44
f 343/880/93 342/879/92 1542/879/92 1543/880/93
f 395/930/45 394/929/44 1594/929/44 1595/930/45
f 344/881/94 343/880/93 1543/880/93 1544/881/94
f 396/931/46 395/930/45 1595/930/45 1596/931/46
f 345/882/95 344/881/94 1544/881/94 1545/882/95
f 397/932/47 396/931/46 1596/931/46 1597/932/47
f 346/883/96 345/882/95 1545/882/95 1546/883/96
f 398/933/48 397/932/47 1597/932/47 1598/933/48
f 347/884/97 346/883/96 1546/883/96 1547/884/97
f 399/934/49 398/933/48 1598/933/48 1599/934/49
f 348/885/98 347/884/97 1547/884/97 1548/885/98
f 400/935/50 399/934/49 1599/934/49 1600/935/50
f 349/886/99 348/885/98 1548/885/98 1549/886/99
f 302/838/51 400/935/50 1600/935/50 1502/838/51
f 350/887/101 349/886/99 1549/886/99 1550/887/101
f 351/888/1 350/887/101 1550/887/101 1551/888/1
f 352/889/2 351/888/1 1551/888/1 1552/889/2
f 353/890/3 352/889/2 1552/889/2 1553/890/3
f 301/839/52 302/838/51 1502/838/51 1501/839/52
f 354/891/4 353/890/3 1553/890/3 1554/891/4
f 303/840/53 301/839/52 1501/839/52 1503/840/53
f 355/892/5 354/891/4 1554/891/4 1555/892/5
f 304/841/54 303/840/53 1503/840/53 1504/841/54
f 356/893/6 355/892/5 1555/892/5 1556/893/6
f 305/842/55 304/841/54 1504/841/54 1505/842/55
f 357/894/7 356/893/6 1556/893/6 1557/894/7
f 306/843/56 305/842/55 1505/842/55 1506/843/56
f 358/895/8 357/894/7 1557/894/7 1558/895/8
f 307/844/57 306/843/56 1506/843/56 1507/844/57
f 359/896/9 358/895/8 1558/895/8 1559/896/9
f 308/845/58 307/844/57 1507/844/57 1508/845/58
f 360/897/10 359/896/9 1559/896/9 1560/897/10
f 309/846/59 308/845/58 1508/845/58 1509/846/59
f 361/898/11 360/897/10 1560/897/10 1561/898/11
f 310/847/60 309/846/59 1509/846/59 1510/847/60
f 362/899/12 361/898/11 1561/898/11 1562/899/12
f 311/848/61 310/847/60 1510/847/60 1511/848/61
f 363/900/13 362/899/12 1562/899/12 1563/900/13
f 312/849/62 311/848/61 1511/848/61 1512/849/62
f 364/901/14 363/900/13 1563/900/13 1564/901/14
f 313/850/63 312/849/62 1512/849/62 1513/850/63
f 365/902/15 364/901/14 1564/901/14 1565/902/15
f 314/851/64 313/850/63 1513/850/63 1514/851/64
f 366/903/16 365/902/15 1565/902/15 1566/903/16
f 315/852/65 314/851/64 1514/851/64 1515/852/65
f 367/904/17 366/903/16 1566/903/16 1567/904/17
f 316/853/66 315/852/65 1515/852/65 1516/853/66
f 368/905/18 367/904/17 1567/904/17 1568/905/18
f 317/854/67 316/853/66 1516/853/66 1517/854/67
f 369/906/19 368/905/18 1568/905/18 1569/906/19
f 318/855/68 317/854/67 1517/854/67 1518/855/68
f 370/907/20 369/906/19 1569/906/19 1570/907/20
f 319/856/69 318/855/68 1518/855/68 1519/856/69
f 371/908/21 370/907/20 1570/907/20 1571/908/21
f 320/857/70 319/856/69 1519/856/69 1520/857/70
f 372/909/22 371/908/21 1571/908/21 1572/909/22
f 321/858/71 320/857/70 1520/857/70 1521/858/71
f 373/910/23 372/909/22 1572/909/22 1573/910/23
f 322/859/72 321/858/71 1521/858/71 1522/859/72
f 374/911/24 373/910/23 1573/910/23 1574/911/24
f 323/860/73 322/859/72 1522/859/72 1523/860/73
f 375/912/25 374/911/24 1574/911/24 1575/912/25
f 324/861/74 323/860/73 1523/860/73 1524/861/74
f 376/506/26 375/912/25 1575/912/25 1576/506/26
f 325/862/75 324/861/74 1524/861/74 1525/862/75
f 2/305/1 4/938/2 1101/306/2 1102/305/1
f 4/938/2 6/309/3 1103/309/3 1101/306/2
f 6/309/3 8/311/4 1104/311/4 1103/309/3
f 8/311/4 10/939/5 1105/313/5 1104/311/4
f 10/939/5 12/315/6 1106/315/6 1105/313/5
f 12/315/6 14/317/7 1107/317/7 1106/315/6
f 14/317/7 16/535/8 1108/319/8 1107/317/7
f 16/535/8 18/534/9 1109/321/9 1108/319/8
f 18/534/9 20/323/10 1110/323/10 1109/321/9
f 20/323/10 22/533/11 1111/325/11 1110/323/10
f 22/533/11 24/532/12 1112/327/12 1111/325/11
f 24/532/12 26/531/13 1113/329/13 1112/327/12
f 26/531/13 28/530/14 1114/331/14 1113/329/13
f 28/530/14 30/529/15 1115/333/15 1114/331/14
f 30/529/15 32/335/16 1116/335/16 1115/333/15
f 32/335/16 34/528/17 1117/337/17 1116/335/16
f 34/528/17 36/527/18 1118/339/18 1117/337/17
f 36/527/18 38/341/19 1119/341/19 1118/339/18
f 38/341/19 40/526/20 1120/343/20 1119/341/19
f 40/526/20 42/525/21 1121/345/21 1120/343/20
f 42/525/21 44/524/22 1122/347/22 1121/345/21
f 44/524/22 46/349/23 1123/349/23 1122/347/22
f 46/349/23 48/351/24 1124/351/24 1123/349/23
f 48/351/24 50/353/25 1125/353/25 1124/351/24
f 50/353/25 52/355/26 1126/355/26 1125/353/25
f 52/355/26 54/357/27 1127/357/27 1126/355/26
f 54/357/27 56/523/28 1128/359/28 1127/357/27
f 56/523/28 58/361/29 1129/361/29 1128/359/28
f 58/361/29 60/363/30 1130/363/30 1129/361/29
f 60/363/30 62/522/31 1131/365/31 1130/363/30
f 62/522/31 64/367/32 1132/367/32 1131/365/31
f 64/367/32 66/369/33 1133/369/33 1132/367/32
f 66/369/33 68/520/34 1134/371/34 1133/369/33
f 68/520/34 70/519/35 1135/373/35 1134/371/34
f 70/519/35 72/375/36 1136/375/36 1135/373/35
f 72/375/36 74/518/37 1137/377/37 1136/375/36
f 74/518/37 76/517/38 1138/379/38 1137/377/37
f 76/517/38 78/516/39 1139/381/39 1138/379/38
f 78/516/39 80/515/40 1140/383/40 1139/381/39
f 80/515/40 82/385/41 1141/385/41 1140/383/40
f 82/385/41 84/387/42 1142/387/42 1141/385/41
f 84/387/42 86/514/43 1143/389/43 1142/387/42
f 86/514/43 88/391/44 1144/391/44 1143/389/43
f 88/391/44 90/393/45 1145/393/45 1144/391/44
f 90/393/45 92/395/46 1146/395/46 1145/393/45
f 92/395/46 94/513/47 1147/397/47 1146/395/46
f 94/513/47 96/512/48 1148/399/48 1147/397/47
f 96/512/48 98/401/49 1149/401/49 1148/399/48
f 98/401/49 100/510/50 1150/403/50 1149/401/49
f 100/510/50 102/405/51 1151/405/51 1150/403/50
f 102/405/51 104/509/52 1152/407/52 1151/405/51
f 104/509/52 106/508/53 1153/409/53 1152/407/52
f 106/508/53 108/507/54 1154/411/54 1153/409/53
f 108/507/54 110/200/55 1155/413/55 1154/411/54
f 110/200/55 112/199/56 1156/415/56 1155/413/55
f 112/199/56 114/417/57 1157/417/57 1156/415/56
f 114/417/57 116/940/58 1158/419/58 1157/417/57
f 116/940/58 118/941/59 1159/421/59 1158/419/58
f 118/941/59 120/942/60 1160/423/60 1159/421/59
f 120/942/60 122/425/61 1161/425/61 1160/423/60
f 122/425/61 124/943/62 1162/427/62 1161/425/61
f 124/943/62 126/944/63 1163/429/63 1162/427/62
f 126/944/63 128/945/64 1164/431/64 1163/429/63
f 128/945/64 130/433/65 1165/433/65 1164/431/64
f 130/433/65 132/435/66 1166/435/66 1165/433/65
f 132/435/66 134/437/67 1167/437/67 1166/435/66
f 134/437/67 136/439/68 1168/439/68 1167/437/67
f 136/439/68 138/441/69 1169/441/69 1168/439/68
f 138/441/69 140/443/70 1170/443/70 1169/441/69
f 140/443/70 142/445/71 1171/445/71 1170/443/70
f 142/445/71 144/946/72 1172/447/72 1171/445/71
f 144/946/72 146/449/73 1173/449/73 1172/447/72
f 146/449/73 148/451/74 1174/451/74 1173/449/73
f 148/451/74 150/947/75 1175/453/75 1174/451/74
f 150/947/75 152/948/76 1176/455/76 1175/453/75
f 152/948/76 154/457/77 1177/457/77 1176/455/76
f 154/457/77 156/949/78 1178/459/78 1177/457/77
f 156/949/78 158/461/79 1179/461/79 1178/459/78
f 158/461/79 160/950/80 1180/463/80 1179/461/79
f 160/950/80 162/465/81 1181/465/81 1180/463/80
f 162/465/81 164/467/82 1182/467/82 1181/465/81
f 164/467/82 166/469/83 1183/469/83 1182/467/82
f 166/469/83 168/951/84 1184/471/84 1183/469/83
f 168/951/84 170/473/85 1185/473/85 1184/471/84
f 170/473/85 172/952/86 1186/475/86 1185/473/85
f 172/952/86 174/953/87 1187/477/87 1186/475/86
f 174/953/87 176/954/88 1188/479/88 1187/477/87
f 176/954/88 178/481/89 1189/481/89 1188/479/88
f 178/481/89 180/955/90 1190/483/90 1189/481/89
f 180/955/90 182/956/91 1191/485/91 1190/483/90
f 182/956/91 184/957/92 1192/487/92 1191/485/91
f 184/957/92 186/489/93 1193/489/93 1192/487/92
f 186/489/93 188/491/94 1194/491/94 1193/489/93
f 188/491/94 190/493/95 1195/493/95 1194/491/94
f 190/493/95 192/958/96 1196/495/96 1195/493/95
f 192/958/96 194/959/97 1197/497/97 1196/495/96
f 194/959/97 196/960/98 1198/499/98 1197/497/97
f 196/960/98 198/501/99 1199/501/99 1198/499/98
f 198/501/99 200/961/101 1200/503/101 1199/501/99
f 200/961/101 2/305/1 1102/305/1 1200/503/101
f 401/306/2 402/962/1 1202/305/1 1201/306/2
f 403/309/3 401/306/2 1201/306/2 1203/309/3
f 404/311/4 403/309/3 1203/309/3 1204/311/4
f 405/313/5 404/311/4 1204/311/4 1205/313/5
f 406/315/6 405/313/5 1205/313/5 1206/315/6
f 407/317/7 406/315/6 1206/315/6 1207/317/7
f 408/319/8 407/317/7 1207/317/7 1208/319/8
f 409/321/9 408/319/8 1208/319/8 1209/321/9
f 410/323/10 409/321/9 1209/321/9 1210/323/10
f 411/325/11 410/323/10 1210/323/10 1211/325/11
f 412/327/12 411/325/11 1211/325/11 1212/327/12
f 413/329/13 412/327/12 1212/327/12 1213/329/13
f 414/331/14 413/329/13 1213/329/13 1214/331/14
f 415/333/15 414/331/14 1214/331/14 1215/333/15
f 416/335/16 415/333/15 1215/333/15 1216/335/16
f 417/337/17 416/335/16 1216/335/16 1217/337/17
f 418/339/18 417/337/17 1217/337/17 1218/339/18
f 419/341/19 418/339/18 1218/339/18 1219/341/19
f 420/343/20 419/341/19 1219/341/19 1220/343/20
f 421/345/21 420/343/20 1220/343/20 1221/345/21
f 422/347/22 421/345/21 1221/345/21 1222/347/22
f 423/349/23 422/347/22 1222/347/22 1223/349/23
f 424/351/24 423/349/23 1223/349/23 1224/351/24
f 425/353/25 424/351/24 1224/351/24 1225/353/25
f 426/355/26 425/353/25 1225/353/25 1226/355/26
f 427/357/27 426/355/26 1226/355/26 1227/357/27
f 428/359/28 427/357/27 1227/357/27 1228/359/28
f 429/361/29 428/359/28 1228/359/28 1229/361/29
f 430/363/30 429/361/29 1229/361/29 1230/363/30
f 431/365/31 430/363/30 1230/363/30 1231/365/31
f 432/367/32 431/365/31 1231/365/31 1232/367/32
f 433/369/33 432/367/32 1232/367/32 1233/369/33
f 434/371/34 433/369/33 1233/369/33 1234/371/34
f 435/373/35 434/371/34 1234/371/34 1235/373/35
f 436/375/36 435/373/35 1235/373/35 1236/375/36
f 437/377/37 436/375/36 1236/375/36 1237/377/37
f 438/521/38 437/377/37 1237/377/37 1238/379/38
f 439/381/39 438/521/38 1238/379/38 1239/381/39
f 440/383/40 439/381/39 1239/381/39 1240/383/40
f 441/385/41 440/383/40 1240/383/40 1241/385/41
f 442/387/42 441/385/41 1241/385/41 1242/387/42
f 443/389/43 442/387/42 1242/387/42 1243/389/43
f 444/391/44 443/389/43 1243/389/43 1244/391/44
f 445/393/45 444/391/44 1244/391/44 1245/393/45
f 446/395/46 445/393/45 1245/393/45 1246/395/46
f 447/397/47 446/395/46 1246/395/46 1247/397/47
f 448/399/48 447/397/47 1247/397/47 1248/399/48
f 449/401/49 448/399/48 1248/399/48 1249/401/49
f 450/403/50 449/401/49 1249/401/49 1250/403/50
f 451/405/51 450/403/50 1250/403/50 1251/405/51
f 452/509/52 451/405/51 1251/405/51 1252/407/52
f 453/511/53 452/509/52 1252/407/52 1253/409/53
f 454/411/54 453/511/53 1253/409/53 1254/411/54
f 455/413/55 454/411/54 1254/411/54 1255/413/55
f 456/415/56 455/413/55 1255/413/55 1256/415/56
f 457/417/57 456/415/56 1256/415/56 1257/417/57
f 458/419/58 457/417/57 1257/417/57 1258/419/58
f 459/421/59 458/419/58 1258/419/58 1259/421/59
f 460/423/60 459/421/59 1259/421/59 1260/423/60
f 461/425/61 460/423/60 1260/423/60 1261/425/61
f 462/427/62 461/425/61 1261/425/61 1262/427/62
f 463/429/63 462/427/62 1262/427/62 1263/429/63
f 464/945/64 463/429/63 1263/429/63 1264/431/64
f 465/963/65 464/945/64 1264/431/64 1265/433/65
f 466/435/66 465/963/65 1265/433/65 1266/435/66
f 467/437/67 466/435/66 1266/435/66 1267/437/67
f 468/439/68 467/437/67 1267/437/67 1268/439/68
f 469/441/69 468/439/68 1268/439/68 1269/441/69
f 470/443/70 469/441/69 1269/441/69 1270/443/70
f 471/445/71 470/443/70 1270/443/70 1271/445/71
f 472/447/72 471/445/71 1271/445/71 1272/447/72
f 473/449/73 472/447/72 1272/447/72 1273/449/73
f 474/451/74 473/449/73 1273/449/73 1274/451/74
f 475/947/75 474/451/74 1274/451/74 1275/453/75
f 476/455/76 475/947/75 1275/453/75 1276/455/76
f 477/457/77 476/455/76 1276/455/76 1277/457/77
f 478/459/78 477/457/77 1277/457/77 1278/459/78
f 479/461/79 478/459/78 1278/459/78 1279/461/79
f 480/463/80 479/461/79 1279/461/79 1280/463/80
f 481/465/81 480/463/80 1280/463/80 1281/465/81
f 482/467/82 481/465/81 1281/465/81 1282/467/82
f 483/469/83 482/467/82 1282/467/82 1283/469/83
f 484/471/84 483/469/83 1283/469/83 1284/471/84
f 485/473/85 484/471/84 1284/471/84 1285/473/85
f 486/475/86 485/473/85 1285/473/85 1286/475/86
f 487/477/87 486/475/86 1286/475/86 1287/477/87
f 488/479/88 487/477/87 1287/477/87 1288/479/88
f 489/964/89 488/479/88 1288/479/88 1289/481/89
f 490/483/90 489/964/89 1289/481/89 1290/483/90
f 491/485/91 490/483/90 1290/483/90 1291/485/91
f 492/487/92 491/485/91 1291/485/91 1292/487/92
f 493/489/93 492/487/92 1292/487/92 1293/489/93
f 494/491/94 493/489/93 1293/489/93 1294/491/94
f 495/493/95 494/491/94 1294/491/94 1295/493/95
f 496/495/96 495/493/95 1295/493/95 1296/495/96
f 497/497/97 496/495/96 1296/495/96 1297/497/97
f 498/499/98 497/497/97 1297/497/97 1298/499/98
f 499/501/99 498/499/98 1298/499/98 1299/501/99
f 500/503/101 499/501/99 1299/501/99 1300/503/101
f 402/962/1 500/503/101 1300/503/101 1202/305/1
f 460/423/102 461/425/102 1383/425/102 1379/423/102
f 114/417/100 112/199/100 1364/199/100 1368/417/100
f 461/425/102 462/427/102 1387/427/102 1383/425/102
f 116/940/100 114/417/100 1368/417/100 1372/940/100
f 462/427/102 463/429/102 1391/429/102 1387/427/102
f 118/941/100 116/940/100 1372/940/100 1376/941/100
f 463/429/102 464/945/102 1395/945/102 1391/429/102
f 120/942/100 118/941/100 1376/941/100 1380/942/100
f 464/945/102 465/963/102 1399/963/102 1395/945/102
f 122/425/100 120/942/100 1380/942/100 1384/425/100
f 465/963/102 466/435/102 1403/435/102 1399/963/102
f 124/943/100 122/425/100 1384/425/100 1388/943/100
f 466/435/102 467/437/102 1407/437/102 1403/435/102
f 126/944/100 124/943/100 1388/943/100 1392/944/100
f 467/437/102 468/439/102 1411/439/102 1407/437/102
f 128/945/100 126/944/100 1392/944/100 1396/945/100
f 468/439/102 469/441/102 1415/441/102 1411/439/102
f 130/433/100 128/945/100 1396/945/100 1400/433/100
f 469/441/102 470/443/102 1419/443/102 1415/441/102
f 132/435/100 130/433/100 1400/433/100 1404/435/100
f 470/443/102 471/445/102 1423/445/102 1419/443/102
f 134/437/100 132/435/100 1404/435/100 1408/437/100
f 471/445/102 472/447/102 1427/447/102 1423/445/102
f 136/439/100 134/437/100 1408/437/100 1412/439/100
f 472/447/102 473/449/102 1431/449/102 1427/447/102
f 138/441/100 136/439/100 1412/439/100 1416/441/100
f 473/449/102 474/451/102 1435/451/102 1431/449/102
f 140/443/100 138/441/100 1416/441/100 1420/443/100
f 474/451/102 475/947/102 1439/947/102 1435/451/102
f 142/445/100 140/443/100 1420/443/100 1424/445/100
f 475/947/102 476/455/102 1443/455/102 1439/947/102
f 144/946/100 142/445/100 1424/445/100 1428/946/100
f 476/455/102 477/457/102 1447/457/102 1443/455/102
f 146/449/100 144/946/100 1428/946/100 1432/449/100
f 477/457/102 478/459/102 1451/459/102 1447/457/102
f 148/451/100 146/449/100 1432/449/100 1436/451/100
f 478/459/102 479/461/102 1455/461/102 1451/459/102
f 150/947/100 148/451/100 1436/451/100 1440/947/100
f 479/461/102 480/463/102 1459/463/102 1455/461/102
f 152/948/100 150/947/100 1440/947/100 1444/948/100
f 480/463/102 481/465/102 1463/465/102 1459/463/102
f 154/457/100 152/948/100 1444/948/100 1448/457/100
f 481/465/102 482/467/102 1467/467/102 1463/465/102
f 156/949/100 154/457/100 1448/457/100 1452/949/100
f 482/467/102 483/469/102 1471/469/102 1467/467/102
f 158/461/100 156/949/100 1452/949/100 1456/461/100
f 483/469/102 484/471/102 1475/471/102 1471/469/102
f 160/950/100 158/461/100 1456/461/100 1460/950/100
f 484/471/102 485/473/102 1479/473/102 1475/471/102
f 162/465/100 160/950/100 1460/950/100 1464/465/100
f 485/473/102 486/475/102 1483/475/102 1479/473/102
f 164/467/100 162/465/100 1464/465/100 1468/467/100
f 486/475/102 487/477/102 1487/477/102 1483/475/102
f 166/469/100 164/467/100 1468/467/100 1472/469/100
f 487/477/102 488/479/102 1491/479/102 1487/477/102
f 168/951/100 166/469/100 1472/469/100 1476/951/100
f 488/479/102 489/964/102 1495/964/102 1491/479/102
f 170/473/100 168/951/100 1476/951/100 1480/473/100
f 489/964/102 490/483/102 1499/483/102 1495/964/102
f 172/952/100 170/473/100 1480/473/100 1484/952/100
f 490/483/102 491/485/102 1306/485/102 1499/483/102
f 174/953/100 172/952/100 1484/952/100 1488/953/100
f 491/485/102 492/487/102 1307/487/102 1306/485/102
f 176/954/100 174/953/100 1488/953/100 1492/954/100
f 492/487/102 493/489/102 1311/489/102 1307/487/102
f 178/481/100 176/954/100 1492/954/100 1496/481/100
f 493/489/102 494/491/102 1315/491/102 1311/489/102
f 180/955/100 178/481/100 1496/481/100 1500/955/100
f 494/491/102 495/493/102 1319/493/102 1315/491/102
f 182/956/100 180/955/100 1500/955/100 1305/956/100
f 495/493/102 496/495/102 1323/495/102 1319/493/102
f 184/957/100 182/956/100 1305/956/100 1308/957/100
f 496/495/102 497/497/102 1327/497/102 1323/495/102
f 186/489/100 184/957/100 1308/957/100 1312/489/100
f 497/497/102 498/499/102 1331/499/102 1327/497/102
f 188/491/100 186/489/100 1312/489/100 1316/491/100
f 498/499/102 499/501/102 1335/501/102 1331/499/102
f 190/493/100 188/491/100 1316/491/100 1320/493/100
f 499/501/102 500/503/102 1339/503/102 1335/501/102
f 192/958/100 190/493/100 1320/493/100 1324/958/100
f 500/503/102 402/962/102 1343/962/102 1339/503/102
f 194/959/100 192/958/100 1324/958/100 1328/959/100
f 196/960/100 194/959/100 1328/959/100 1332/960/100
f 198/501/100 196/960/100 1332/960/100 1336/501/100
f 200/961/100 198/501/100 1336/501/100 1340/961/100
f 2/305/100 200/961/100 1340/961/100 1344/305/100
f 402/962/102 401/306/102 1353/306/102 1343/962/102
f 401/306/102 403/309/102 1357/309/102 1353/306/102
f 403/309/102 404/311/102 1361/311/102 1357/309/102
f 404/311/102 405/313/102 1365/313/102 1361/311/102
f 405/313/102 406/315/102 1369/315/102 1365/313/102
f 4/938/100 2/305/100 1344/305/100 1354/938/100
f 406/315/102 407/317/102 1373/317/102 1369/315/102
f 6/309/100 4/938/100 1354/938/100 1358/309/100
f 407/317/102 408/319/102 1377/319/102 1373/317/102
f 8/311/100 6/309/100 1358/309/100 1362/311/100
f 408/319/102 409/321/102 1381/321/102 1377/319/102
f 10/939/100 8/311/100 1362/311/100 1366/939/100
f 409/321/102 410/323/102 1385/323/102 1381/321/102
f 12/315/100 10/939/100 1366/939/100 1370/315/100
f 1601/966/100 1602/965/100 1700/1062/100 1699/1061/100 1698/1060/100 1697/1059/100 1696/1058/100 1695/1057/100 1694/1056/100 1693/1055/100 1692/1054/100 1691/1053/100 1690/1052/100 1689/1051/100 1688/1050/100 1687/1049/100 1686/1048/100 1685/1047/100 1684/1046/100 1683/1045/100 1682/1044/100 1681/1043/100 1680/1042/100 1679/1041/100 1678/1040/100 1677/1039/100 1676/1038/100 1675/1037/100 1674/1036/100 1673/1035/100 1672/1034/100 1671/1033/100 1670/1032/100 1669/1031/100 1668/1030/100 1667/1029/100 1666/1028/100 1665/1027/100 1664/1026/100 1663/936/100 1662/937/100 1661/1025/100 1660/1024/100 1659/1023/100 1658/1022/100 1657/1021/100 1656/1020/100 1655/1019/100 1654/1018/100 1653/1017/100 1652/1016/100 1651/1015/100 1650/1014/100 1649/1013/100 1648/1012/100 1647/1011/100 1646/1010/100 1645/1009/100 1644/1008/100 1643/1007/100 1642/1006/100 1641/1005/100 1640/1004/100 1639/1003/100 1638/1002/100 1637/1001/100 1636/1000/100 1635/999/100 1634/998/100 1633/997/100 1632/996/100 1631/995/100 1630/994/100 1629/993/100 1628/992/100 1627/991/100 1626/990/100 1625/989/100 1624/988/100 1623/987/100 1622/986/100 1621/985/100 1620/984/100 1619/983/100 1618/982/100 1617/981/100 1616/980/100 1615/979/100 1614/978/100 1613/977/100 1612/976/100 1611/975/100 1610/974/100 1609/973/100 1608/972/100 1607/971/100 1606/970/100 1605/969/100 1604/968/100 1603/967/100
f 1012/976/12 1011/975/11 1611/975/11 1612/976/12
f 1064/1026/64 1063/936/63 1663/936/63 1664/1026/64
f 1013/977/13 1012/976/12 1612/976/12 1613/977/13
f 1065/1027/65 1064/1026/64 1664/1026/64 1665/1027/65
f 1014/978/14 1013/977/13 1613/977/13 1614/978/14
f 1066/1028/66 1065/1027/65 1665/1027/65 1666/1028/66
f 1015/979/15 1014/978/14 1614/978/14 1615/979/15
f 1067/1029/67 1066/1028/66 1666/1028/66 1667/1029/67
f 1016/980/16 1015/979/15 1615/979/15 1616/980/16
f 1068/1030/68 1067/1029/67 1667/1029/67 1668/1030/68
f 1017/981/17 1016/980/16 1616/980/16 1617/981/17
f 1069/1031/69 1068/1030/68 1668/1030/68 1669/1031/69
f 1018/982/18 1017/981/17 1617/981/17 1618/982/18
f 1070/1032/70 1069/1031/69 1669/1031/69 1670/1032/70
f 1019/983/19 1018/982/18 1618/982/18 1619/983/19
f 1071/1033/71 1070/1032/70 1670/1032/70 1671/1033/71
f 1020/984/20 1019/983/19 1619/983/19 1620/984/20
f 1072/1034/72 1071/1033/71 1671/1033/71 1672/1034/72
f 1021/985/21 1020/984/20 1620/984/20 1621/985/21
f 1073/1035/73 1072/1034/72 1672/1034/72 1673/1035/73
f 1022/986/22 1021/985/21 1621/985/21 1622/986/22
f 1074/1036/74 1073/1035/73 1673/1035/73 1674/1036/74
f 1023/987/23 1022/986/22 1622/986/22 1623/987/23
f 1075/1037/75 1074/1036/74 1674/1036/74 1675/1037/75
f 1024/988/24 1023/987/23 1623/987/23 1624/988/24
f 1076/1038/76 1075/1037/75 1675/1037/75 1676/1038/76
f 1025/989/25 1024/988/24 1624/988/24 1625/989/25
f 1077/1039/77 1076/1038/76 1676/1038/76 1677/1039/77
f 1026/990/26 1025/989/25 1625/989/25 1626/990/26
f 1078/1040/78 1077/1039/77 1677/1039/77 1678/1040/78
f 1027/991/27 1026/990/26 1626/990/26 1627/991/27
f 1079/1041/79 1078/1040/78 1678/1040/78 1679/1041/79
f 1028/992/28 1027/991/27 1627/991/27 1628/992/28
f 1080/1042/80 1079/1041/79 1679/1041/79 1680/1042/80
f 1029/993/29 1028/992/28 1628/992/28 1629/993/29
f 1081/1043/81 1080/1042/80 1680/1042/80 1681/1043/81
f 1030/994/30 1029/993/29 1629/993/29 1630/994/30
f 1082/1044/82 1081/1043/81 1681/1043/81 1682/1044/82
f 1031/995/31 1030/994/30 1630/994/30 1631/995/31
f 1083/1045/83 1082/1044/82 1682/1044/82 1683/1045/83
f 1032/996/32 1031/995/31 1631/995/31 1632/996/32
f 1084/1046/84 1083/1045/83 1683/1045/83 1684/1046/84
f 1033/997/33 1032/996/32 1632/996/32 1633/997/33
f 1085/1047/85 1084/1046/84 1684/1046/84 1685/1047/85
f 1034/998/34 1033/997/33 1633/997/33 1634/998/34
f 1086/1048/86 1085/1047/85 1685/1047/85 1686/1048/86
f 1035/999/35 1034/998/34 1634/998/34 1635/999/35
f 1087/1049/87 1086/1048/86 1686/1048/86 1687/1049/87
f 1036/1000/36 1035/999/35 1635/999/35 1636/1000/36
f 1088/1050/88 1087/1049/87 1687/1049/87 1688/1050/88
f 1037/1001/37 1036/1000/36 1636/1000/36 1637/1001/37
f 1089/1051/89 1088/1050/88 1688/1050/88 1689/1051/89
f 1038/1002/38 1037/1001/37 1637/1001/37 1638/1002/38
f 1090/1052/90 1089/1051/89 1689/1051/89 1690/1052/90
f 1039/1003/39 1038/1002/38 1638/1002/38 1639/1003/39
f 1091/1053/91 1090/1052/90 1690/1052/90 1691/1053/91
f 1040/1004/40 1039/1003/39 1639/1003/39 1640/1004/40
f 1092/1054/92 1091/1053/91 1691/1053/91 1692/1054/92
f 1041/1005/41 1040/1004/40 1640/1004/40 1641/1005/41
f 1093/1055/93 1092/1054/92 1692/1054/92 1693/1055/93
f 1042/1006/42 1041/1005/41 1641/1005/41 1642/1006/42
f 1094/1056/94 1093/1055/93 1693/1055/93 1694/1056/94
f 1043/1007/43 1042/1006/42 1642/1006/42 1643/1007/43
f 1095/1057/95 1094/1056/94 1694/1056/94 1695/1057/95
f 1044/1008/44 1043/1007/43 1643/1007/43 1644/1008/44
f 1096/1058/96 1095/1057/95 1695/1057/95 1696/1058/96
f 1045/1009/45 1044/1008/44 1644/1008/44 1645/1009/45
f 1097/1059/97 1096/1058/96 1696/1058/96 1697/1059/97
f 1046/1010/46 1045/1009/45 1645/1009/45 1646/1010/46
f 1098/1060/98 1097/1059/97 1697/1059/97 1698/1060/98
f 1047/1011/47 1046/1010/46 1646/1010/46 1647/1011/47
f 1099/1061/99 1098/1060/98 1698/1060/98 1699/1061/99
f 1048/1012/48 1047/1011/47 1647/1011/47 1648/1012/48
f 1100/1062/101 1099/1061/99 1699/1061/99 1700/1062/101
f 1049/1013/49 1048/1012/48 1648/1012/48 1649/1013/49
f 1002/965/1 1100/1062/101 1700/1062/101 1602/965/1
f 1050/1014/50 1049/1013/49 1649/1013/49 1650/1014/50
f 1051/1015/51 1050/1014/50 1650/1014/50 1651/1015/51
f 1052/1016/52 1051/1015/51 1651/1015/51 1652/1016/52
f 1053/1017/53 1052/1016/52 1652/1016/52 1653/1017/53
f 1001/966/2 1002/965/1 1602/965/1 1601/966/2
f 1054/1018/54 1053/1017/53 1653/1017/53 1654/1018/54
f 1003/967/3 1001/966/2 1601/966/2 1603/967/3
f 1055/1019/55 1054/1018/54 1654/1018/54 1655/1019/55
f 1004/968/4 1003/967/3 1603/967/3 1604/968/4
f 1056/1020/56 1055/1019/55 1655/1019/55 1656/1020/56
f 1005/969/5 1004/968/4 1604/968/4 1605/969/5
f 1057/1021/57 1056/1020/56 1656/1020/56 1657/1021/57
f 1006/970/6 1005/969/5 1605/969/5 1606/970/6
f 1058/1022/58 1057/1021/57 1657/1021/57 1658/1022/58
f 1007/971/7 1006/970/6 1606/970/6 1607/971/7
f 1059/1023/59 1058/1022/58 1658/1022/58 1659/1023/59
f 1008/972/8 1007/971/7 1607/971/7 1608/972/8
f 1060/1024/60 1059/1023/59 1659/1023/59 1660/1024/60
f 1009/973/9 1008/972/8 1608/972/8 1609/973/9
f 1061/1025/61 1060/1024/60 1660/1024/60 1661/1025/61
f 1010/974/10 1009/973/9 1609/973/9 1610/974/10
f 1062/937/62 1061/1025/61 1661/1025/61 1662/937/62
f 1011/975/11 1010/974/10 1610/974/10 1611/975/11
usemtl Material.002
f 900/637/101 899/202/101 702/204/1 701/638/1
f 898/643/99 897/198/99 899/202/101 900/637/101
f 896/647/98 895/196/98 897/198/99 898/643/99
f 894/649/97 893/194/97 895/196/98 896/647/98
f 892/651/96 891/192/96 893/194/97 894/649/97
f 890/654/95 889/190/95 891/192/96 892/651/96
f 888/657/94 887/188/94 889/190/95 890/654/95
f 886/659/93 885/186/93 887/188/94 888/657/94
f 884/661/92 883/184/92 885/186/93 886/659/93
f 882/664/91 881/182/91 883/184/92 884/661/92
f 880/667/90 879/180/90 881/182/91 882/664/91
f 878/669/89 877/178/89 879/180/90 880/667/90
f 876/671/88 875/176/88 877/178/89 878/669/89
f 874/674/87 873/174/87 875/176/88 876/671/88
f 872/677/86 871/172/86 873/174/87 874/674/87
f 870/679/85 869/170/85 871/172/86 872/677/86
f 868/672/84 867/168/84 869/170/85 870/679/85
f 866/662/83 865/166/83 867/168/84 868/672/84
f 864/652/82 863/164/82 865/166/83 866/662/83
f 862/640/81 861/162/81 863/164/82 864/652/82
f 860/641/80 859/160/80 861/162/81 862/640/81
f 858/687/79 857/158/79 859/160/80 860/641/80
f 856/690/78 855/156/78 857/158/79 858/687/79
f 854/692/77 853/154/77 855/156/78 856/690/78
f 852/694/76 851/152/76 853/154/77 854/692/77
f 850/696/75 849/150/75 851/152/76 852/694/76
f 848/699/74 847/148/74 849/150/75 850/696/75
f 846/701/73 845/146/73 847/148/74 848/699/74
f 844/703/72 843/144/72 845/146/73 846/701/73
f 842/705/71 841/142/71 843/144/72 844/703/72
f 840/708/70 839/140/70 841/142/71 842/705/71
f 838/710/69 837/138/69 839/140/70 840/708/70
f 836/712/68 835/136/68 837/138/69 838/710/69
f 834/714/67 833/134/67 835/136/68 836/712/68
f 832/717/66 831/132/66 833/134/67 834/714/67
f 830/719/65 829/130/65 831/132/66 832/717/66
f 828/721/64 827/128/64 829/130/65 830/719/65
f 826/723/63 825/126/63 827/128/64 828/721/64
f 824/726/62 823/124/62 825/126/63 826/723/63
f 822/728/61 821/122/61 823/124/62 824/726/62
f 820/730/60 819/120/60 821/122/61 822/728/61
f 818/732/59 817/118/59 819/120/60 820/730/60
f 816/735/58 815/116/58 817/118/59 818/732/59
f 814/737/57 813/114/57 815/116/58 816/735/58
f 812/739/56 811/112/56 813/114/57 814/737/57
f 810/741/55 809/110/55 811/112/56 812/739/56
f 808/744/54 807/108/54 809/110/55 810/741/55
f 806/746/53 805/106/53 807/108/54 808/744/54
f 804/748/52 803/104/52 805/106/53 806/746/53
f 802/750/51 801/102/51 803/104/52 804/748/52
f 800/753/50 799/100/50 801/102/51 802/750/51
f 798/755/49 797/98/49 799/100/50 800/753/50
f 796/757/48 795/96/48 797/98/49 798/755/49
f 794/759/47 793/94/47 795/96/48 796/757/48
f 792/762/46 791/92/46 793/94/47 794/759/47
f 790/764/45 789/90/45 791/92/46 792/762/46
f 788/766/44 787/88/44 789/90/45 790/764/45
f 786/768/43 785/86/43 787/88/44 788/766/44
f 784/760/42 783/84/42 785/86/43 786/768/43
f 782/751/41 781/82/41 783/84/42 784/760/42
f 780/742/40 779/80/40 781/82/41 782/751/41
f 778/733/39 777/78/39 779/80/40 780/742/40
f 776/724/38 775/76/38 777/78/39 778/733/39
f 774/715/37 773/74/37 775/76/38 776/724/38
f 772/706/36 771/72/36 773/74/37 774/715/37
f 770/697/35 769/70/35 771/72/36 772/706/36
f 768/688/34 767/68/34 769/70/35 770/697/35
f 766/682/33 765/66/33 767/68/34 768/688/34
f 764/675/32 763/64/32 765/66/33 766/682/33
f 762/665/31 761/62/31 763/64/32 764/675/32
f 760/655/30 759/60/30 761/62/31 762/665/31
f 758/644/29 757/58/29 759/60/30 760/655/30
f 756/645/28 755/56/28 757/58/29 758/644/29
f 754/785/27 753/54/27 755/56/28 756/645/28
f 752/787/26 751/52/26 753/54/27 754/785/27
f 750/789/25 749/50/25 751/52/26 752/787/26
f 748/791/24 747/48/24 749/50/25 750/789/25
f 746/793/23 745/46/23 747/48/24 748/791/24
f 744/795/22 743/44/22 745/46/23 746/793/23
f 742/797/21 741/42/21 743/44/22 744/795/22
f 740/799/20 739/40/20 741/42/21 742/797/21
f 738/801/19 737/38/19 739/40/20 740/799/20
f 736/803/18 735/36/18 737/38/19 738/801/19
f 734/805/17 733/34/17 735/36/18 736/803/18
f 732/807/16 731/32/16 733/34/17 734/805/17
f 730/809/15 729/30/15 731/32/16 732/807/16
f 728/811/14 727/28/14 729/30/15 730/809/15
f 726/813/13 725/26/13 727/28/14 728/811/14
f 724/815/12 723/24/12 725/26/13 726/813/13
f 722/817/11 721/22/11 723/24/12 724/815/12
f 720/819/10 719/20/10 721/22/11 722/817/11
f 718/821/9 717/18/9 719/20/10 720/819/10
f 716/823/8 715/16/8 717/18/9 718/821/9
f 714/825/7 713/14/7 715/16/8 716/823/8
f 712/829/6 711/12/6 713/14/7 714/825/7
f 710/831/5 709/10/5 711/12/6 712/829/6
f 708/833/4 707/8/4 709/10/5 710/831/5
f 706/835/3 705/6/3 707/8/4 708/833/4
f 704/826/2 703/4/2 705/6/3 706/835/3
f 701/827/1 702/1/1 703/4/2 704/826/2
f 1304/515/40 1301/516/39 1302/381/39 1303/383/40
f 1308/957/92 1305/956/91 1306/485/91 1307/487/92
f 1310/385/41 1304/515/40 1303/383/40 1309/385/41
f 1312/489/93 1308/957/92 1307/487/92 1311/489/93
f 1314/387/42 1310/385/41 1309/385/41 1313/387/42
f 1316/491/94 1312/489/93 1311/489/93 1315/491/94
f 1318/514/43 1314/387/42 1313/387/42 1317/389/43
f 1320/493/95 1316/491/94 1315/491/94 1319/493/95
f 1322/391/44 1318/514/43 1317/389/43 1321/391/44
f 1324/958/96 1320/493/95 1319/493/95 1323/495/96
f 1326/393/45 1322/391/44 1321/391/44 1325/393/45
f 1328/959/97 1324/958/96 1323/495/96 1327/497/97
f 1330/395/46 1326/393/45 1325/393/45 1329/395/46
f 1332/960/98 1328/959/97 1327/497/97 1331/499/98
f 1334/513/47 1330/395/46 1329/395/46 1333/397/47
f 1336/501/99 1332/960/98 1331/499/98 1335/501/99
f 1338/512/48 1334/513/47 1333/397/47 1337/399/48
f 1340/961/101 1336/501/99 1335/501/99 1339/503/101
f 1342/401/49 1338/512/48 1337/399/48 1341/401/49
f 1344/305/1 1340/961/101 1339/503/101 1343/962/1
f 1346/510/50 1342/401/49 1341/401/49 1345/403/50
f 1348/405/51 1346/510/50 1345/403/50 1347/405/51
f 1350/509/52 1348/405/51 1347/405/51 1349/509/52
f 1352/508/53 1350/509/52 1349/509/52 1351/511/53
f 1354/938/2 1344/305/1 1343/962/1 1353/306/2
f 1356/507/54 1352/508/53 1351/511/53 1355/411/54
f 1358/309/3 1354/938/2 1353/306/2 1357/309/3
f 1360/200/55 1356/507/54 1355/411/54 1359/413/55
f 1362/311/4 1358/309/3 1357/309/3 1361/311/4
f 1364/199/56 1360/200/55 1359/413/55 1363/415/56
f 1366/939/5 1362/311/4 1361/311/4 1365/313/5
f 1368/417/57 1364/199/56 1363/415/56 1367/417/57
f 1370/315/6 1366/939/5 1365/313/5 1369/315/6
f 1372/940/58 1368/417/57 1367/417/57 1371/419/58
f 1374/317/7 1370/315/6 1369/315/6 1373/317/7
f 1376/941/59 1372/940/58 1371/419/58 1375/421/59
f 1378/535/8 1374/317/7 1373/317/7 1377/319/8
f 1380/942/60 1376/941/59 1375/421/59 1379/423/60
f 1382/534/9 1378/535/8 1377/319/8 1381/321/9
f 1384/425/61 1380/942/60 1379/423/60 1383/425/61
f 1386/323/10 1382/534/9 1381/321/9 1385/323/10
f 1388/943/62 1384/425/61 1383/425/61 1387/427/62
f 1390/533/11 1386/323/10 1385/323/10 1389/325/11
f 1392/944/63 1388/943/62 1387/427/62 1391/429/63
f 1394/532/12 1390/533/11 1389/325/11 1393/327/12
f 1396/945/64 1392/944/63 1391/429/63 1395/945/64
f 1398/531/13 1394/532/12 1393/327/12 1397/329/13
f 1400/433/65 1396/945/64 1395/945/64 1399/963/65
f 1402/530/14 1398/531/13 1397/329/13 1401/331/14
f 1404/435/66 1400/433/65 1399/963/65 1403/435/66
f 1406/529/15 1402/530/14 1401/331/14 1405/333/15
f 1408/437/67 1404/435/66 1403/435/66 1407/437/67
f 1410/335/16 1406/529/15 1405/333/15 1409/335/16
f 1412/439/68 1408/437/67 1407/437/67 1411/439/68
f 1414/528/17 1410/335/16 1409/335/16 1413/337/17
f 1416/441/69 1412/439/68 1411/439/68 1415/441/69
f 1418/527/18 1414/528/17 1413/337/17 1417/339/18
f 1420/443/70 1416/441/69 1415/441/69 1419/443/70
f 1422/341/19 1418/527/18 1417/339/18 1421/341/19
f 1424/445/71 1420/443/70 1419/443/70 1423/445/71
f 1426/526/20 1422/341/19 1421/341/19 1425/343/20
f 1428/946/72 1424/445/71 1423/445/71 1427/447/72
f 1430/525/21 1426/526/20 1425/343/20 1429/345/21
f 1432/449/73 1428/946/72 1427/447/72 1431/449/73
f 1434/524/22 1430/525/21 1429/345/21 1433/347/22
f 1436/451/74 1432/449/73 1431/449/73 1435/451/74
f 1438/349/23 1434/524/22 1433/347/22 1437/349/23
f 1440/947/75 1436/451/74 1435/451/74 1439/947/75
f 1442/351/24 1438/349/23 1437/349/23 1441/351/24
f 1444/948/76 1440/947/75 1439/947/75 1443/455/76
f 1446/353/25 1442/351/24 1441/351/24 1445/353/25
f 1448/457/77 1444/948/76 1443/455/76 1447/457/77
f 1450/355/26 1446/353/25 1445/353/25 1449/355/26
f 1452/949/78 1448/457/77 1447/457/77 1451/459/78
f 1454/357/27 1450/355/26 1449/355/26 1453/357/27
f 1456/461/79 1452/949/78 1451/459/78 1455/461/79
f 1458/523/28 1454/357/27 1453/357/27 1457/359/28
f 1460/950/80 1456/461/79 1455/461/79 1459/463/80
f 1462/361/29 1458/523/28 1457/359/28 1461/361/29
f 1464/465/81 1460/950/80 1459/463/80 1463/465/81
f 1466/363/30 1462/361/29 1461/361/29 1465/363/30
f 1468/467/82 1464/465/81 1463/465/81 1467/467/82
f 1470/522/31 1466/363/30 1465/363/30 1469/365/31
f 1472/469/83 1468/467/82 1467/467/82 1471/469/83
f 1474/367/32 1470/522/31 1469/365/31 1473/367/32
f 1476/951/84 1472/469/83 1471/469/83 1475/471/84
f 1478/369/33 1474/367/32 1473/367/32 1477/369/33
f 1480/473/85 1476/951/84 1475/471/84 1479/473/85
f 1482/520/34 1478/369/33 1477/369/33 1481/371/34
f 1484/952/86 1480/473/85 1479/473/85 1483/475/86
f 1486/519/35 1482/520/34 1481/371/34 1485/373/35
f 1488/953/87 1484/952/86 1483/475/86 1487/477/87
f 1490/375/36 1486/519/35 1485/373/35 1489/375/36
f 1492/954/88 1488/953/87 1487/477/87 1491/479/88
f 1494/518/37 1490/375/36 1489/375/36 1493/377/37
f 1496/481/89 1492/954/88 1491/479/88 1495/964/89
f 1498/517/38 1494/518/37 1493/377/37 1497/521/38
f 1500/955/90 1496/481/89 1495/964/89 1499/483/90
f 1301/516/39 1498/517/38 1497/521/38 1302/381/39
f 1305/956/91 1500/955/90 1499/483/90 1306/485/91
f 1002/965/100 1001/966/100 1501/839/100 1502/838/100
f 1001/966/100 1003/967/100 1503/840/100 1501/839/100
f 1003/967/100 1004/968/100 1504/841/100 1503/840/100
f 1004/968/100 1005/969/100 1505/842/100 1504/841/100
f 1005/969/100 1006/970/100 1506/843/100 1505/842/100
f 1006/970/100 1007/971/100 1507/844/100 1506/843/100
f 1007/971/100 1008/972/100 1508/845/100 1507/844/100
f 1008/972/100 1009/973/100 1509/846/100 1508/845/100
f 1009/973/100 1010/974/100 1510/847/100 1509/846/100
f 1010/974/100 1011/975/100 1511/848/100 1510/847/100
f 1011/975/100 1012/976/100 1512/849/100 1511/848/100
f 1012/976/100 1013/977/100 1513/850/100 1512/849/100
f 1013/977/100 1014/978/100 1514/851/100 1513/850/100
f 1014/978/100 1015/979/100 1515/852/100 1514/851/100
f 1015/979/100 1016/980/100 1516/853/100 1515/852/100
f 1016/980/100 1017/981/100 1517/854/100 1516/853/100
f 1017/981/100 1018/982/100 1518/855/100 1517/854/100
f 1018/982/100 1019/983/100 1519/856/100 1518/855/100
f 1019/983/100 1020/984/100 1520/857/100 1519/856/100
f 1020/984/100 1021/985/100 1521/858/100 1520/857/100
f 1021/985/100 1022/986/100 1522/859/100 1521/858/100
f 1022/986/100 1023/987/100 1523/860/100 1522/859/100
f 1023/987/100 1024/988/100 1524/861/100 1523/860/100
f 1024/988/100 1025/989/100 1525/862/100 1524/861/100
f 1025/989/100 1026/990/100 1526/863/100 1525/862/100
f 1026/990/100 1027/991/100 1527/864/100 1526/863/100
f 1027/991/100 1028/992/100 1528/865/100 1527/864/100
f 1028/992/100 1029/993/100 1529/866/100 1528/865/100
f 1029/993/100 1030/994/100 1530/867/100 1529/866/100
f 1030/994/100 1031/995/100 1531/868/100 1530/867/100
f 1031/995/100 1032/996/100 1532/869/100 1531/868/100
f 1032/996/100 1033/997/100 1533/870/100 1532/869/100
f 1033/997/100 1034/998/100 1534/871/100 1533/870/100
f 1034/998/100 1035/999/100 1535/872/100 1534/871/100
f 1035/999/100 1036/1000/100 1536/873/100 1535/872/100
f 1036/1000/100 1037/1001/100 1537/874/100 1536/873/100
f 1037/1001/100 1038/1002/100 1538/875/100 1537/874/100
f 1038/1002/100 1039/1003/100 1539/876/100 1538/875/100
f 1039/1003/100 1040/1004/100 1540/877/100 1539/876/100
f 1040/1004/100 1041/1005/100 1541/878/100 1540/877/100
f 1041/1005/100 1042/1006/100 1542/879/100 1541/878/100
f 1042/1006/100 1043/1007/100 1543/880/100 1542/879/100
f 1043/1007/100 1044/1008/100 1544/881/100 1543/880/100
f 1044/1008/100 1045/1009/100 1545/882/100 1544/881/100
f 1045/1009/100 1046/1010/100 1546/883/100 1545/882/100
f 1046/1010/100 1047/1011/100 1547/884/100 1546/883/100
f 1047/1011/100 1048/1012/100 1548/885/100 1547/884/100
f 1048/1012/100 1049/1013/100 1549/886/100 1548/885/100
f 1049/1013/100 1050/1014/100 1550/887/100 1549/886/100
f 1050/1014/100 1051/1015/100 1551/888/100 1550/887/100
f 1051/1015/100 1052/1016/100 1552/889/100 1551/888/100
f 1052/1016/100 1053/1017/100 1553/890/100 1552/889/100
f 1053/1017/100 1054/1018/100 1554/891/100 1553/890/100
f 1054/1018/100 1055/1019/100 1555/892/100 1554/891/100
f 1055/1019/100 1056/1020/100 1556/893/100 1555/892/100
f 1056/1020/100 1057/1021/100 1557/894/100 1556/893/100
f 1057/1021/100 1058/1022/100 1558/895/100 1557/894/100
f 1058/1022/100 1059/1023/100 1559/896/100 1558/895/100
f 1059/1023/100 1060/1024/100 1560/897/100 1559/896/100
f 1060/1024/100 1061/1025/100 1561/898/100 1560/897/100
f 1061/1025/100 1062/937/100 1562/899/100 1561/898/100
f 1062/937/100 1063/936/100 1563/900/100 1562/899/100
f 1063/936/100 1064/1026/100 1564/901/100 1563/900/100
f 1064/1026/100 1065/1027/100 1565/902/100 1564/901/100
f 1065/1027/100 1066/1028/100 1566/903/100 1565/902/100
f 1066/1028/100 1067/1029/100 1567/904/100 1566/903/100
f 1067/1029/100 1068/1030/100 1568/905/100 1567/904/100
f 1068/1030/100 1069/1031/100 1569/906/100 1568/905/100
f 1069/1031/100 1070/1032/100 1570/907/100 1569/906/100
f 1070/1032/100 1071/1033/100 1571/908/100 1570/907/100
f 1071/1033/100 1072/1034/100 1572/909/100 1571/908/100
f 1072/1034/100 1073/1035/100 1573/910/100 1572/909/100
f 1073/1035/100 1074/1036/100 1574/911/100 1573/910/100
f 1074/1036/100 1075/1037/100 1575/912/100 1574/911/100
f 1075/1037/100 1076/1038/100 1576/506/100 1575/912/100
f 1076/1038/100 1077/1039/100 1577/505/100 1576/506/100
f 1077/1039/100 1078/1040/100 1578/913/100 1577/505/100
f 1078/1040/100 1079/1041/100 1579/914/100 1578/913/100
f 1079/1041/100 1080/1042/100 1580/915/100 1579/914/100
f 1080/1042/100 1081/1043/100 1581/916/100 1580/915/100
f 1081/1043/100 1082/1044/100 1582/917/100 1581/916/100
f 1082/1044/100 1083/1045/100 1583/918/100 1582/917/100
f 1083/1045/100 1084/1046/100 1584/919/100 1583/918/100
f 1084/1046/100 1085/1047/100 1585/920/100 1584/919/100
f 1085/1047/100 1086/1048/100 1586/921/100 1585/920/100
f 1086/1048/100 1087/1049/100 1587/922/100 1586/921/100
f 1087/1049/100 1088/1050/100 1588/923/100 1587/922/100
f 1088/1050/100 1089/1051/100 1589/924/100 1588/923/100
f 1089/1051/100 1090/1052/100 1590/925/100 1589/924/100
f 1090/1052/100 1091/1053/100 1591/926/100 1590/925/100
f 1091/1053/100 1092/1054/100 1592/927/100 1591/926/100
f 1092/1054/100 1093/1055/100 1593/928/100 1592/927/100
f 1093/1055/100 1094/1056/100 1594/929/100 1593/928/100
f 1094/1056/100 1095/1057/100 1595/930/100 1594/929/100
f 1095/1057/100 1096/1058/100 1596/931/100 1595/930/100
f 1096/1058/100 1097/1059/100 1597/932/100 1596/931/100
f 1097/1059/100 1098/1060/100 1598/933/100 1597/932/100
f 1098/1060/100 1099/1061/100 1599/934/100 1598/933/100
f 1099/1061/100 1100/1062/100 1600/935/100 1599/934/100
f 1100/1062/100 1002/965/100 1502/838/100 1600/935/100
usemtl Material.003
f 502/1/1 202/2/1 201/3/2 503/4/2
f 503/4/2 201/3/2 203/5/3 505/6/3
f 505/6/3 203/5/3 204/7/4 507/8/4
f 507/8/4 204/7/4 205/9/5 509/10/5
f 509/10/5 205/9/5 206/11/6 511/12/6
f 511/12/6 206/11/6 207/13/7 513/14/7
f 513/14/7 207/13/7 208/15/8 515/16/8
f 515/16/8 208/15/8 209/17/9 517/18/9
f 517/18/9 209/17/9 210/19/10 519/20/10
f 519/20/10 210/19/10 211/21/11 521/22/11
f 521/22/11 211/21/11 212/23/12 523/24/12
f 523/24/12 212/23/12 213/25/13 525/26/13
f 525/26/13 213/25/13 214/27/14 527/28/14
f 527/28/14 214/27/14 215/29/15 529/30/15
f 529/30/15 215/29/15 216/31/16 531/32/16
f 531/32/16 216/31/16 217/33/17 533/34/17
f 533/34/17 217/33/17 218/35/18 535/36/18
f 535/36/18 218/35/18 219/37/19 537/38/19
f 537/38/19 219/37/19 220/39/20 539/40/20
f 539/40/20 220/39/20 221/41/21 541/42/21
f 541/42/21 221/41/21 222/43/22 543/44/22
f 543/44/22 222/43/22 223/45/23 545/46/23
f 545/46/23 223/45/23 224/47/24 547/48/24
f 547/48/24 224/47/24 225/49/25 549/50/25
f 549/50/25 225/49/25 226/51/26 551/52/26
f 551/52/26 226/51/26 227/53/27 553/54/27
f 553/54/27 227/53/27 228/55/28 555/56/28
f 555/56/28 228/55/28 229/57/29 557/58/29
f 557/58/29 229/57/29 230/59/30 559/60/30
f 559/60/30 230/59/30 231/61/31 561/62/31
f 561/62/31 231/61/31 232/63/32 563/64/32
f 563/64/32 232/63/32 233/65/33 565/66/33
f 565/66/33 233/65/33 234/67/34 567/68/34
f 567/68/34 234/67/34 235/69/35 569/70/35
f 569/70/35 235/69/35 236/71/36 571/72/36
f 571/72/36 236/71/36 237/73/37 573/74/37
f 573/74/37 237/73/37 238/75/38 575/76/38
f 575/76/38 238/75/38 239/77/39 577/78/39
f 577/78/39 239/77/39 240/79/40 579/80/40
f 579/80/40 240/79/40 241/81/41 581/82/41
f 581/82/41 241/81/41 242/83/42 583/84/42
f 583/84/42 242/83/42 243/85/43 585/86/43
f 585/86/43 243/85/43 244/87/44 587/88/44
f 587/88/44 244/87/44 245/89/45 589/90/45
f 589/90/45 245/89/45 246/91/46 591/92/46
f 591/92/46 246/91/46 247/93/47 593/94/47
f 593/94/47 247/93/47 248/95/48 595/96/48
f 595/96/48 248/95/48 249/97/49 597/98/49
f 597/98/49 249/97/49 250/99/50 599/100/50
f 599/100/50 250/99/50 251/101/51 601/102/51
f 601/102/51 251/101/51 252/103/52 603/104/52
f 603/104/52 252/103/52 253/105/53 605/106/53
f 605/106/53 253/105/53 254/107/54 607/108/54
f 607/108/54 254/107/54 255/109/55 609/110/55
f 609/110/55 255/109/55 256/111/56 611/112/56
f 611/112/56 256/111/56 257/113/57 613/114/57
f 613/114/57 257/113/57 258/115/58 615/116/58
f 615/116/58 258/115/58 259/117/59 617/118/59
f 617/118/59 259/117/59 260/119/60 619/120/60
f 619/120/60 260/119/60 261/121/61 621/122/61
f 621/122/61 261/121/61 262/123/62 623/124/62
f 623/124/62 262/123/62 263/125/63 625/126/63
f 625/126/63 263/125/63 264/127/64 627/128/64
f 627/128/64 264/127/64 265/129/65 629/130/65
f 629/130/65 265/129/65 266/131/66 631/132/66
f 631/132/66 266/131/66 267/133/67 633/134/67
f 633/134/67 267/133/67 268/135/68 635/136/68
f 635/136/68 268/135/68 269/137/69 637/138/69
f 637/138/69 269/137/69 270/139/70 639/140/70
f 639/140/70 270/139/70 271/141/71 641/142/71
f 641/142/71 271/141/71 272/143/72 643/144/72
f 643/144/72 272/143/72 273/145/73 645/146/73
f 645/146/73 273/145/73 274/147/74 647/148/74
f 647/148/74 274/147/74 275/149/75 649/150/75
f 649/150/75 275/149/75 276/151/76 651/152/76
f 651/152/76 276/151/76 277/153/77 653/154/77
f 653/154/77 277/153/77 278/155/78 655/156/78
f 655/156/78 278/155/78 279/157/79 657/158/79
f 657/158/79 279/157/79 280/159/80 659/160/80
f 659/160/80 280/159/80 281/161/81 661/162/81
f 661/162/81 281/161/81 282/163/82 663/164/82
f 663/164/82 282/163/82 283/165/83 665/166/83
f 665/166/83 283/165/83 284/167/84 667/168/84
f 667/168/84 284/167/84 285/169/85 669/170/85
f 669/170/85 285/169/85 286/171/86 671/172/86
f 671/172/86 286/171/86 287/173/87 673/174/87
f 673/174/87 287/173/87 288/175/88 675/176/88
f 675/176/88 288/175/88 289/177/89 677/178/89
f 677/178/89 289/177/89 290/179/90 679/180/90
f 679/180/90 290/179/90 291/181/91 681/182/91
f 681/182/91 291/181/91 292/183/92 683/184/92
f 683/184/92 292/183/92 293/185/93 685/186/93
f 685/186/93 293/185/93 294/187/94 687/188/94
f 687/188/94 294/187/94 295/189/95 689/190/95
f 689/190/95 295/189/95 296/191/96 691/192/96
f 691/192/96 296/191/96 297/193/97 693/194/97
f 693/194/97 297/193/97 298/195/98 695/196/98
f 695/196/98 298/195/98 299/197/99 697/198/99
f 697/198/99 299/197/99 300/201/101 699/202/101
f 699/202/101 300/201/101 202/203/1 502/204/1
f 199/636/101 700/637/101 501/638/1 1/639/1
f 662/640/100 660/641/100 860/641/100 862/640/100
f 197/642/99 698/643/99 700/637/101 199/636/101
f 558/644/100 556/645/100 756/645/100 758/644/100
f 195/646/98 696/647/98 698/643/99 197/642/99
f 661/162/102 663/164/102 863/164/102 861/162/102
f 193/648/97 694/649/97 696/647/98 195/646/98
f 557/58/102 559/60/102 759/60/102 757/58/102
f 191/650/96 692/651/96 694/649/97 193/648/97
f 664/652/100 662/640/100 862/640/100 864/652/100
f 189/653/95 690/654/95 692/651/96 191/650/96
f 560/655/100 558/644/100 758/644/100 760/655/100
f 187/656/94 688/657/94 690/654/95 189/653/95
f 663/164/102 665/166/102 865/166/102 863/164/102
f 185/658/93 686/659/93 688/657/94 187/656/94
f 559/60/102 561/62/102 761/62/102 759/60/102
f 183/660/92 684/661/92 686/659/93 185/658/93
f 666/662/100 664/652/100 864/652/100 866/662/100
f 181/663/91 682/664/91 684/661/92 183/660/92
f 562/665/100 560/655/100 760/655/100 762/665/100
f 179/666/90 680/667/90 682/664/91 181/663/91
f 665/166/102 667/168/102 867/168/102 865/166/102
f 177/668/89 678/669/89 680/667/90 179/666/90
f 561/62/102 563/64/102 763/64/102 761/62/102
f 175/670/88 676/671/88 678/669/89 177/668/89
f 668/672/100 666/662/100 866/662/100 868/672/100
f 173/673/87 674/674/87 676/671/88 175/670/88
f 564/675/100 562/665/100 762/665/100 764/675/100
f 171/676/86 672/677/86 674/674/87 173/673/87
f 667/168/102 669/170/102 869/170/102 867/168/102
f 169/678/85 670/679/85 672/677/86 171/676/86
f 563/64/102 565/66/102 765/66/102 763/64/102
f 167/680/84 668/672/84 670/679/85 169/678/85
f 670/679/100 668/672/100 868/672/100 870/679/100
f 165/681/83 666/662/83 668/672/84 167/680/84
f 566/682/100 564/675/100 764/675/100 766/682/100
f 163/683/82 664/652/82 666/662/83 165/681/83
f 669/170/102 671/172/102 871/172/102 869/170/102
f 161/684/81 662/640/81 664/652/82 163/683/82
f 565/66/102 567/68/102 767/68/102 765/66/102
f 159/685/80 660/641/80 662/640/81 161/684/81
f 672/677/100 670/679/100 870/679/100 872/677/100
f 157/686/79 658/687/79 660/641/80 159/685/80
f 568/688/100 566/682/100 766/682/100 768/688/100
f 155/689/78 656/690/78 658/687/79 157/686/79
f 671/172/102 673/174/102 873/174/102 871/172/102
f 153/691/77 654/692/77 656/690/78 155/689/78
f 567/68/102 569/70/102 769/70/102 767/68/102
f 151/693/76 652/694/76 654/692/77 153/691/77
f 674/674/100 672/677/100 872/677/100 874/674/100
f 149/695/75 650/696/75 652/694/76 151/693/76
f 570/697/100 568/688/100 768/688/100 770/697/100
f 147/698/74 648/699/74 650/696/75 149/695/75
f 673/174/102 675/176/102 875/176/102 873/174/102
f 145/700/73 646/701/73 648/699/74 147/698/74
f 569/70/102 571/72/102 771/72/102 769/70/102
f 143/702/72 644/703/72 646/701/73 145/700/73
f 676/671/100 674/674/100 874/674/100 876/671/100
f 141/704/71 642/705/71 644/703/72 143/702/72
f 572/706/100 570/697/100 770/697/100 772/706/100
f 139/707/70 640/708/70 642/705/71 141/704/71
f 675/176/102 677/178/102 877/178/102 875/176/102
f 137/709/69 638/710/69 640/708/70 139/707/70
f 571/72/102 573/74/102 773/74/102 771/72/102
f 135/711/68 636/712/68 638/710/69 137/709/69
f 678/669/100 676/671/100 876/671/100 878/669/100
f 133/713/67 634/714/67 636/712/68 135/711/68
f 574/715/100 572/706/100 772/706/100 774/715/100
f 131/716/66 632/717/66 634/714/67 133/713/67
f 677/178/102 679/180/102 879/180/102 877/178/102
f 129/718/65 630/719/65 632/717/66 131/716/66
f 573/74/102 575/76/102 775/76/102 773/74/102
f 127/720/64 628/721/64 630/719/65 129/718/65
f 680/667/100 678/669/100 878/669/100 880/667/100
f 125/722/63 626/723/63 628/721/64 127/720/64
f 576/724/100 574/715/100 774/715/100 776/724/100
f 123/725/62 624/726/62 626/723/63 125/722/63
f 679/180/102 681/182/102 881/182/102 879/180/102
f 121/727/61 622/728/61 624/726/62 123/725/62
f 575/76/102 577/78/102 777/78/102 775/76/102
f 119/729/60 620/730/60 622/728/61 121/727/61
f 682/664/100 680/667/100 880/667/100 882/664/100
f 117/731/59 618/732/59 620/730/60 119/729/60
f 578/733/100 576/724/100 776/724/100 778/733/100
f 115/734/58 616/735/58 618/732/59 117/731/59
f 681/182/102 683/184/102 883/184/102 881/182/102
f 113/736/57 614/737/57 616/735/58 115/734/58
f 577/78/102 579/80/102 779/80/102 777/78/102
f 111/738/56 612/739/56 614/737/57 113/736/57
f 684/661/100 682/664/100 882/664/100 884/661/100
f 109/740/55 610/741/55 612/739/56 111/738/56
f 580/742/100 578/733/100 778/733/100 780/742/100
f 107/743/54 608/744/54 610/741/55 109/740/55
f 683/184/102 685/186/102 885/186/102 883/184/102
f 105/745/53 606/746/53 608/744/54 107/743/54
f 579/80/102 581/82/102 781/82/102 779/80/102
f 103/747/52 604/748/52 606/746/53 105/745/53
f 686/659/100 684/661/100 884/661/100 886/659/100
f 101/749/51 602/750/51 604/748/52 103/747/52
f 582/751/100 580/742/100 780/742/100 782/751/100
f 99/752/50 600/753/50 602/750/51 101/749/51
f 685/186/102 687/188/102 887/188/102 885/186/102
f 97/754/49 598/755/49 600/753/50 99/752/50
f 581/82/102 583/84/102 783/84/102 781/82/102
f 95/756/48 596/757/48 598/755/49 97/754/49
f 688/657/100 686/659/100 886/659/100 888/657/100
f 93/758/47 594/759/47 596/757/48 95/756/48
f 584/760/100 582/751/100 782/751/100 784/760/100
f 91/761/46 592/762/46 594/759/47 93/758/47
f 687/188/102 689/190/102 889/190/102 887/188/102
f 89/763/45 590/764/45 592/762/46 91/761/46
f 583/84/102 585/86/102 785/86/102 783/84/102
f 87/765/44 588/766/44 590/764/45 89/763/45
f 690/654/100 688/657/100 888/657/100 890/654/100
f 85/767/43 586/768/43 588/766/44 87/765/44
f 586/768/100 584/760/100 784/760/100 786/768/100
f 83/769/42 584/760/42 586/768/43 85/767/43
f 689/190/102 691/192/102 891/192/102 889/190/102
f 81/770/41 582/751/41 584/760/42 83/769/42
f 585/86/102 587/88/102 787/88/102 785/86/102
f 79/771/40 580/742/40 582/751/41 81/770/41
f 692/651/100 690/654/100 890/654/100 892/651/100
f 77/772/39 578/733/39 580/742/40 79/771/40
f 588/766/100 586/768/100 786/768/100 788/766/100
f 75/773/38 576/724/38 578/733/39 77/772/39
f 691/192/102 693/194/102 893/194/102 891/192/102
f 73/774/37 574/715/37 576/724/38 75/773/38
f 587/88/102 589/90/102 789/90/102 787/88/102
f 71/775/36 572/706/36 574/715/37 73/774/37
f 694/649/100 692/651/100 892/651/100 894/649/100
f 69/776/35 570/697/35 572/706/36 71/775/36
f 590/764/100 588/766/100 788/766/100 790/764/100
f 67/777/34 568/688/34 570/697/35 69/776/35
f 693/194/102 695/196/102 895/196/102 893/194/102
f 65/778/33 566/682/33 568/688/34 67/777/34
f 589/90/102 591/92/102 791/92/102 789/90/102
f 63/779/32 564/675/32 566/682/33 65/778/33
f 696/647/100 694/649/100 894/649/100 896/647/100
f 61/780/31 562/665/31 564/675/32 63/779/32
f 592/762/100 590/764/100 790/764/100 792/762/100
f 59/781/30 560/655/30 562/665/31 61/780/31
f 695/196/102 697/198/102 897/198/102 895/196/102
f 57/782/29 558/644/29 560/655/30 59/781/30
f 591/92/102 593/94/102 793/94/102 791/92/102
f 55/783/28 556/645/28 558/644/29 57/782/29
f 698/643/100 696/647/100 896/647/100 898/643/100
f 53/784/27 554/785/27 556/645/28 55/783/28
f 594/759/100 592/762/100 792/762/100 794/759/100
f 51/786/26 552/787/26 554/785/27 53/784/27
f 697/198/102 699/202/102 899/202/102 897/198/102
f 49/788/25 550/789/25 552/787/26 51/786/26
f 593/94/102 595/96/102 795/96/102 793/94/102
f 47/790/24 548/791/24 550/789/25 49/788/25
f 700/637/100 698/643/100 898/643/100 900/637/100
f 45/792/23 546/793/23 548/791/24 47/790/24
f 596/757/100 594/759/100 794/759/100 796/757/100
f 43/794/22 544/795/22 546/793/23 45/792/23
f 699/202/102 502/204/102 702/204/102 899/202/102
f 41/796/21 542/797/21 544/795/22 43/794/22
f 595/96/102 597/98/102 797/98/102 795/96/102
f 39/798/20 540/799/20 542/797/21 41/796/21
f 501/638/100 700/637/100 900/637/100 701/638/100
f 37/800/19 538/801/19 540/799/20 39/798/20
f 598/755/100 596/757/100 796/757/100 798/755/100
f 35/802/18 536/803/18 538/801/19 37/800/19
f 597/98/102 599/100/102 799/100/102 797/98/102
f 33/804/17 534/805/17 536/803/18 35/802/18
f 600/753/100 598/755/100 798/755/100 800/753/100
f 31/806/16 532/807/16 534/805/17 33/804/17
f 599/100/102 601/102/102 801/102/102 799/100/102
f 29/808/15 530/809/15 532/807/16 31/806/16
f 602/750/100 600/753/100 800/753/100 802/750/100
f 27/810/14 528/811/14 530/809/15 29/808/15
f 601/102/102 603/104/102 803/104/102 801/102/102
f 25/812/13 526/813/13 528/811/14 27/810/14
f 604/748/100 602/750/100 802/750/100 804/748/100
f 23/814/12 524/815/12 526/813/13 25/812/13
f 603/104/102 605/106/102 805/106/102 803/104/102
f 21/816/11 522/817/11 524/815/12 23/814/12
f 606/746/100 604/748/100 804/748/100 806/746/100
f 19/818/10 520/819/10 522/817/11 21/816/11
f 605/106/102 607/108/102 807/108/102 805/106/102
f 17/820/9 518/821/9 520/819/10 19/818/10
f 502/1/102 503/4/102 703/4/102 702/1/102
f 15/822/8 516/823/8 518/821/9 17/820/9
f 608/744/100 606/746/100 806/746/100 808/744/100
f 13/824/7 514/825/7 516/823/8 15/822/8
f 504/826/100 501/827/100 701/827/100 704/826/100
f 11/828/6 512/829/6 514/825/7 13/824/7
f 607/108/102 609/110/102 809/110/102 807/108/102
f 9/830/5 510/831/5 512/829/6 11/828/6
f 503/4/102 505/6/102 705/6/102 703/4/102
f 7/832/4 508/833/4 510/831/5 9/830/5
f 610/741/100 608/744/100 808/744/100 810/741/100
f 5/834/3 506/835/3 508/833/4 7/832/4
f 506/835/100 504/826/100 704/826/100 706/835/100
f 3/836/2 504/826/2 506/835/3 5/834/3
f 609/110/102 611/112/102 811/112/102 809/110/102
f 1/837/1 501/827/1 504/826/2 3/836/2
f 505/6/102 507/8/102 707/8/102 705/6/102
f 555/56/102 557/58/102 757/58/102 755/56/102
f 659/160/102 661/162/102 861/162/102 859/160/102
f 556/645/100 554/785/100 754/785/100 756/645/100
f 660/641/100 658/687/100 858/687/100 860/641/100
f 553/54/102 555/56/102 755/56/102 753/54/102
f 657/158/102 659/160/102 859/160/102 857/158/102
f 554/785/100 552/787/100 752/787/100 754/785/100
f 658/687/100 656/690/100 856/690/100 858/687/100
f 551/52/102 553/54/102 753/54/102 751/52/102
f 655/156/102 657/158/102 857/158/102 855/156/102
f 552/787/100 550/789/100 750/789/100 752/787/100
f 656/690/100 654/692/100 854/692/100 856/690/100
f 549/50/102 551/52/102 751/52/102 749/50/102
f 653/154/102 655/156/102 855/156/102 853/154/102
f 550/789/100 548/791/100 748/791/100 750/789/100
f 654/692/100 652/694/100 852/694/100 854/692/100
f 547/48/102 549/50/102 749/50/102 747/48/102
f 651/152/102 653/154/102 853/154/102 851/152/102
f 548/791/100 546/793/100 746/793/100 748/791/100
f 652/694/100 650/696/100 850/696/100 852/694/100
f 545/46/102 547/48/102 747/48/102 745/46/102
f 649/150/102 651/152/102 851/152/102 849/150/102
f 546/793/100 544/795/100 744/795/100 746/793/100
f 650/696/100 648/699/100 848/699/100 850/696/100
f 543/44/102 545/46/102 745/46/102 743/44/102
f 647/148/102 649/150/102 849/150/102 847/148/102
f 544/795/100 542/797/100 742/797/100 744/795/100
f 648/699/100 646/701/100 846/701/100 848/699/100
f 541/42/102 543/44/102 743/44/102 741/42/102
f 645/146/102 647/148/102 847/148/102 845/146/102
f 542/797/100 540/799/100 740/799/100 742/797/100
f 646/701/100 644/703/100 844/703/100 846/701/100
f 539/40/102 541/42/102 741/42/102 739/40/102
f 643/144/102 645/146/102 845/146/102 843/144/102
f 540/799/100 538/801/100 738/801/100 740/799/100
f 644/703/100 642/705/100 842/705/100 844/703/100
f 537/38/102 539/40/102 739/40/102 737/38/102
f 641/142/102 643/144/102 843/144/102 841/142/102
f 538/801/100 536/803/100 736/803/100 738/801/100
f 642/705/100 640/708/100 840/708/100 842/705/100
f 535/36/102 537/38/102 737/38/102 735/36/102
f 639/140/102 641/142/102 841/142/102 839/140/102
f 536/803/100 534/805/100 734/805/100 736/803/100
f 640/708/100 638/710/100 838/710/100 840/708/100
f 533/34/102 535/36/102 735/36/102 733/34/102
f 637/138/102 639/140/102 839/140/102 837/138/102
f 534/805/100 532/807/100 732/807/100 734/805/100
f 638/710/100 636/712/100 836/712/100 838/710/100
f 531/32/102 533/34/102 733/34/102 731/32/102
f 635/136/102 637/138/102 837/138/102 835/136/102
f 532/807/100 530/809/100 730/809/100 732/807/100
f 636/712/100 634/714/100 834/714/100 836/712/100
f 529/30/102 531/32/102 731/32/102 729/30/102
f 633/134/102 635/136/102 835/136/102 833/134/102
f 530/809/100 528/811/100 728/811/100 730/809/100
f 634/714/100 632/717/100 832/717/100 834/714/100
f 527/28/102 529/30/102 729/30/102 727/28/102
f 631/132/102 633/134/102 833/134/102 831/132/102
f 528/811/100 526/813/100 726/813/100 728/811/100
f 632/717/100 630/719/100 830/719/100 832/717/100
f 525/26/102 527/28/102 727/28/102 725/26/102
f 629/130/102 631/132/102 831/132/102 829/130/102
f 526/813/100 524/815/100 724/815/100 726/813/100
f 630/719/100 628/721/100 828/721/100 830/719/100
f 523/24/102 525/26/102 725/26/102 723/24/102
f 627/128/102 629/130/102 829/130/102 827/128/102
f 524/815/100 522/817/100 722/817/100 724/815/100
f 628/721/100 626/723/100 826/723/100 828/721/100
f 521/22/102 523/24/102 723/24/102 721/22/102
f 625/126/102 627/128/102 827/128/102 825/126/102
f 522/817/100 520/819/100 720/819/100 722/817/100
f 626/723/100 624/726/100 824/726/100 826/723/100
f 519/20/102 521/22/102 721/22/102 719/20/102
f 623/124/102 625/126/102 825/126/102 823/124/102
f 520/819/100 518/821/100 718/821/100 720/819/100
f 624/726/100 622/728/100 822/728/100 824/726/100
f 517/18/102 519/20/102 719/20/102 717/18/102
f 621/122/102 623/124/102 823/124/102 821/122/102
f 518/821/100 516/823/100 716/823/100 718/821/100
f 622/728/100 620/730/100 820/730/100 822/728/100
f 515/16/102 517/18/102 717/18/102 715/16/102
f 619/120/102 621/122/102 821/122/102 819/120/102
f 516/823/100 514/825/100 714/825/100 716/823/100
f 620/730/100 618/732/100 818/732/100 820/730/100
f 513/14/102 515/16/102 715/16/102 713/14/102
f 617/118/102 619/120/102 819/120/102 817/118/102
f 514/825/100 512/829/100 712/829/100 714/825/100
f 618/732/100 616/735/100 816/735/100 818/732/100
f 511/12/102 513/14/102 713/14/102 711/12/102
f 615/116/102 617/118/102 817/118/102 815/116/102
f 512/829/100 510/831/100 710/831/100 712/829/100
f 616/735/100 614/737/100 814/737/100 816/735/100
f 509/10/102 511/12/102 711/12/102 709/10/102
f 613/114/102 615/116/102 815/116/102 813/114/102
f 510/831/100 508/833/100 708/833/100 710/831/100
f 614/737/100 612/739/100 812/739/100 814/737/100
f 507/8/102 509/10/102 709/10/102 707/8/102
f 611/112/102 613/114/102 813/114/102 811/112/102
f 508/833/100 506/835/100 706/835/100 708/833/100
f 612/739/100 610/741/100 810/741/100 812/739/100
